source_commit,sequence,path,blob_oid,raw_sha256,bytes,lines,line_range,review_coverage,implementation,primary_feature_id,primary_risk_id,drop_reason_id,semantic_requirement_id,independent_evidence,evidence_id,cross_file_flow_ids
0df22ddaf02c64bf73a7df12cd5fea6b52632c73,1,src/main/java/com/tuoman/ai_task_orchestrator/AiTaskOrchestratorApplication.java,a2dd1d563fce2791793d765db36a9fdf651c36f0,40df5f3d268e84536bde6249527d237abd2c932183c8dae30617fd195ea225c7,814,25,1-25,FULL_FILE,DROP,FEATURE-BOOT,RISK-SPRING-PLATFORM-RETIRED,DROP-RETIRED-RUNTIME,SEMANTIC-NONE,NO,EVIDENCE-NONE,FLOW-BOOT
0df22ddaf02c64bf73a7df12cd5fea6b52632c73,2,src/main/java/com/tuoman/ai_task_orchestrator/controller/AgentProfileController.java,fd66f30865918a624198d0d136d6194e7c53e6b7,fb3232ec1a872d66ee81a337b642a7b60a7d03df376335da1c3efa7fb68b71d0,3796,101,1-101,FULL_FILE,DROP,FEATURE-AGENT,RISK-UNVERSIONED-UNBOUNDED-API,DROP-UNSAFE-BOUNDARY,SEMANTIC-MEMORY-LATER,NO,EVIDENCE-NONE,FLOW-API-BOUNDARY;FLOW-AGENT
0df22ddaf02c64bf73a7df12cd5fea6b52632c73,3,src/main/java/com/tuoman/ai_task_orchestrator/controller/AgentTaskController.java,cf661d0d1926c6486005c1d899b94d2baeda9332,45f2a11e59e2f676bb0522466aa35cd52780098305b299faec04f9a535eb5d08,2289,63,1-63,FULL_FILE,DROP,FEATURE-AGENT,RISK-UNVERSIONED-UNBOUNDED-API,DROP-UNSAFE-BOUNDARY,SEMANTIC-MEMORY-LATER,NO,EVIDENCE-NONE,FLOW-API-BOUNDARY;FLOW-AGENT
0df22ddaf02c64bf73a7df12cd5fea6b52632c73,4,src/main/java/com/tuoman/ai_task_orchestrator/controller/AgentToolController.java,aa1a1f6862e5cf05f490ac4a9e2386889ea5f45e,fee548eb3695092c46798bb185139f04cd6314f3d2a1609be9822a1463691656,730,23,1-23,FULL_FILE,DROP,FEATURE-AGENT,RISK-UNVERSIONED-UNBOUNDED-API,DROP-UNSAFE-BOUNDARY,SEMANTIC-MEMORY-LATER,NO,EVIDENCE-NONE,FLOW-API-BOUNDARY;FLOW-AGENT
0df22ddaf02c64bf73a7df12cd5fea6b52632c73,5,src/main/java/com/tuoman/ai_task_orchestrator/controller/BatchUploadController.java,71bd30bdf8e4b8f7e21d38489c185fe74909bb0e,c0cae040f55b364a7aa2feac4f5a3be9a4a802b78bf6f970db1fd72daabe1547,3576,86,1-86,FULL_FILE,DROP,FEATURE-BATCH,RISK-UNVERSIONED-UNBOUNDED-API,DROP-UNSAFE-BOUNDARY,SEMANTIC-ATOMIC-ENQUEUE,NO,EVIDENCE-NONE,FLOW-API-BOUNDARY;FLOW-BATCH
0df22ddaf02c64bf73a7df12cd5fea6b52632c73,6,src/main/java/com/tuoman/ai_task_orchestrator/controller/CollectionController.java,9ba7df3449cded5f0472ddd25ec32d694986d603,72145d7ba87df4015af5d6525dd338b8a31b33079beb9f09558019ffde719803,2163,59,1-59,FULL_FILE,DROP,FEATURE-COLLECTION,RISK-UNVERSIONED-UNBOUNDED-API,DROP-UNSAFE-BOUNDARY,SEMANTIC-SCOPE-NO-WIDEN,NO,EVIDENCE-NONE,FLOW-API-BOUNDARY;FLOW-RAG-SCOPE
0df22ddaf02c64bf73a7df12cd5fea6b52632c73,7,src/main/java/com/tuoman/ai_task_orchestrator/controller/DevTaskController.java,6b706ef600bb9337f1509d8a9ff6149c7f1a1bc9,bc3f6a76fdcd61b65d53b5b1bf7aeacd7246e0dd23669177dffdef3656e90553,1146,30,1-30,FULL_FILE,DROP,FEATURE-TASK,RISK-UNVERSIONED-UNBOUNDED-API,DROP-UNSAFE-BOUNDARY,SEMANTIC-JOB-CLAIM-CAS,NO,EVIDENCE-NONE,FLOW-API-BOUNDARY;FLOW-TASK-OUTBOX
0df22ddaf02c64bf73a7df12cd5fea6b52632c73,8,src/main/java/com/tuoman/ai_task_orchestrator/controller/DevTaskDispatchController.java,a1337650aa668f11c7a99d49c41fae3d155d73cf,3217c2ccefcee84d8065a12a19f825aa43b4b98b8502cc9ee1d11a25126ab0e4,920,23,1-23,FULL_FILE,DROP,FEATURE-TASK,RISK-DEV-ENDPOINT-EXPOSED,DROP-UNSAFE-BOUNDARY,SEMANTIC-JOB-CLAIM-CAS,NO,EVIDENCE-NONE,FLOW-API-BOUNDARY;FLOW-TASK-OUTBOX
0df22ddaf02c64bf73a7df12cd5fea6b52632c73,9,src/main/java/com/tuoman/ai_task_orchestrator/controller/DocumentController.java,afdb0f15ded8d2d02f572859277074f5260b6389,526ff78d9a62ab2f65529d62ae161834dab21a7fc9db734d3f30d401b4922e98,3711,92,1-92,FULL_FILE,DROP,FEATURE-DOCUMENT,RISK-UNVERSIONED-UNBOUNDED-API,DROP-UNSAFE-BOUNDARY,SEMANTIC-RUNE-SAFE-CHUNKING,NO,EVIDENCE-NONE,FLOW-API-BOUNDARY;FLOW-DOCUMENT-INGESTION
0df22ddaf02c64bf73a7df12cd5fea6b52632c73,10,src/main/java/com/tuoman/ai_task_orchestrator/controller/DocumentIngestionController.java,1987246a904a31e89fe44ba2b17fca682490d07a,a4551e181ddcc1979f00a9372fc9f4d6e6221e02fb608842eb881e1aa4272741,2601,65,1-65,FULL_FILE,DROP,FEATURE-INGESTION,RISK-UNVERSIONED-UNBOUNDED-API,DROP-UNSAFE-BOUNDARY,SEMANTIC-JOB-FENCE,NO,EVIDENCE-NONE,FLOW-API-BOUNDARY;FLOW-INGESTION-DUAL-WRITE
0df22ddaf02c64bf73a7df12cd5fea6b52632c73,11,src/main/java/com/tuoman/ai_task_orchestrator/controller/EmbeddingCacheMetricsController.java,cf1d1e7e269db59a4fb004d454bccbba917f3eca,312a3275d71d0f872f1070a4b38b3db091a5b91907a9b488a9e3afe81d713270,784,21,1-21,FULL_FILE,DROP,FEATURE-EVALUATION,RISK-UNVERSIONED-UNBOUNDED-API,DROP-UNSAFE-BOUNDARY,SEMANTIC-NONE,NO,EVIDENCE-NONE,FLOW-API-BOUNDARY;FLOW-EVALUATION
0df22ddaf02c64bf73a7df12cd5fea6b52632c73,12,src/main/java/com/tuoman/ai_task_orchestrator/controller/MemoryController.java,ee617bd637e02f6c3baa64787bfa1b96317da8be,c3abce635e090e0bded08b0882d96de482813ed6a95ddd1cd002ef5f8789467c,5433,137,1-137,FULL_FILE,DROP,FEATURE-MEMORY,RISK-UNVERSIONED-UNBOUNDED-API,DROP-UNSAFE-BOUNDARY,SEMANTIC-MEMORY-LATER,NO,EVIDENCE-NONE,FLOW-API-BOUNDARY;FLOW-MEMORY
0df22ddaf02c64bf73a7df12cd5fea6b52632c73,13,src/main/java/com/tuoman/ai_task_orchestrator/controller/ModelProviderController.java,c0db15dfbde178361e77012a517d6120f35a211d,aa9eb79c24cbf1f836258d7c8188cb133c79d267d5a6cc2acf08dd7fd1fac45b,3344,91,1-91,FULL_FILE,DROP,FEATURE-PROVIDER,RISK-UNVERSIONED-UNBOUNDED-API,DROP-UNSAFE-BOUNDARY,SEMANTIC-PROVIDER-EGRESS,NO,EVIDENCE-NONE,FLOW-API-BOUNDARY;FLOW-PROVIDER-EGRESS
0df22ddaf02c64bf73a7df12cd5fea6b52632c73,14,src/main/java/com/tuoman/ai_task_orchestrator/controller/NotificationController.java,4a98ce1e8c2d7e3e75479772807258a5feaec090,1646166b37ac522dff47c0bc420440cc702bb615ae1939ae94bebafe0a8bc1d7,1360,41,1-41,FULL_FILE,DROP,FEATURE-NOTIFICATION,RISK-UNVERSIONED-UNBOUNDED-API,DROP-UNSAFE-BOUNDARY,SEMANTIC-NONE,NO,EVIDENCE-NONE,FLOW-API-BOUNDARY;FLOW-NOTIFICATION
0df22ddaf02c64bf73a7df12cd5fea6b52632c73,15,src/main/java/com/tuoman/ai_task_orchestrator/controller/ProductHomeController.java,d57b66f92edfe1ead6b166cae6a2190388b1cf82,ba4061837b980aa0f22eb0891a1b31216911158a2f6ee5d8dbad89d22ac08466,546,19,1-19,FULL_FILE,DROP,FEATURE-SHARED-CONTRACT,RISK-UNVERSIONED-UNBOUNDED-API,DROP-UNSAFE-BOUNDARY,SEMANTIC-NONE,NO,EVIDENCE-NONE,FLOW-API-BOUNDARY;FLOW-API-CONTRACT
0df22ddaf02c64bf73a7df12cd5fea6b52632c73,16,src/main/java/com/tuoman/ai_task_orchestrator/controller/RagAnswerController.java,f0bd54721552c99a9b52621acc4984d6f98ca843,66ccbb467ef43b2ec4763b393805baec618736faa1a5a1d8aa9828dd457d8fa2,1224,31,1-31,FULL_FILE,DROP,FEATURE-RAG,RISK-UNVERSIONED-UNBOUNDED-API,DROP-UNSAFE-BOUNDARY,SEMANTIC-CITATION-FINAL-CONTEXT,NO,EVIDENCE-NONE,FLOW-API-BOUNDARY;FLOW-RAG-ANSWER
0df22ddaf02c64bf73a7df12cd5fea6b52632c73,17,src/main/java/com/tuoman/ai_task_orchestrator/controller/RagEvaluationController.java,b521a69b32cefe0b56ee4ceb5481b878c7c92cfd,6520c3f132638d96cca065c01201410f776e08667a04bfb3e3c67b9349400351,4599,112,1-112,FULL_FILE,DROP,FEATURE-RAG,RISK-UNVERSIONED-UNBOUNDED-API,DROP-UNSAFE-BOUNDARY,SEMANTIC-CITATION-FINAL-CONTEXT,NO,EVIDENCE-NONE,FLOW-API-BOUNDARY;FLOW-RAG-ANSWER
0df22ddaf02c64bf73a7df12cd5fea6b52632c73,18,src/main/java/com/tuoman/ai_task_orchestrator/controller/RetrievalEvaluationController.java,43299d82aa36daeba4668ebbd989d48ee614c94f,567781fc2c6494b6cb5f94ae16e140390e58bad007b06a55269632a3ae51ae38,1218,29,1-29,FULL_FILE,DROP,FEATURE-EVALUATION,RISK-UNVERSIONED-UNBOUNDED-API,DROP-UNSAFE-BOUNDARY,SEMANTIC-NONE,NO,EVIDENCE-NONE,FLOW-API-BOUNDARY;FLOW-EVALUATION
0df22ddaf02c64bf73a7df12cd5fea6b52632c73,19,src/main/java/com/tuoman/ai_task_orchestrator/controller/RetrievalReindexController.java,fb425097c49a9ffcfd5b2e095a17504d53e7cfcb,937aaca1fb36da2d8d3a2da900a7e53d122724788c1496e165ddddb4b41ca890,1461,36,1-36,FULL_FILE,DROP,FEATURE-RETRIEVAL,RISK-UNVERSIONED-UNBOUNDED-API,DROP-UNSAFE-BOUNDARY,SEMANTIC-SCOPE-NO-WIDEN,NO,EVIDENCE-NONE,FLOW-API-BOUNDARY;FLOW-RAG-SCOPE
0df22ddaf02c64bf73a7df12cd5fea6b52632c73,20,src/main/java/com/tuoman/ai_task_orchestrator/controller/RetrievalSettingsController.java,c2ccc70f4e59b0ef598a5dba881ebecb7320bc9c,b06a0708004407109d20db0fd0e4311e20adc0eecb87d931b18abeeaf4f889e7,2545,52,1-52,FULL_FILE,DROP,FEATURE-RETRIEVAL,RISK-UNVERSIONED-UNBOUNDED-API,DROP-UNSAFE-BOUNDARY,SEMANTIC-SCOPE-NO-WIDEN,NO,EVIDENCE-NONE,FLOW-API-BOUNDARY;FLOW-RAG-SCOPE
0df22ddaf02c64bf73a7df12cd5fea6b52632c73,21,src/main/java/com/tuoman/ai_task_orchestrator/controller/RuntimeStatusController.java,a59111f8818f220b154cf0b601fe57642a8bb9d5,e83263dbc2cd434b42f64bc78f6427ae436306a75e0b3f352928900a01a3ec01,1467,42,1-42,FULL_FILE,DROP,FEATURE-RUNTIME,RISK-UNVERSIONED-UNBOUNDED-API,DROP-UNSAFE-BOUNDARY,SEMANTIC-ERROR-REDACTION,NO,EVIDENCE-NONE,FLOW-API-BOUNDARY;FLOW-RUNTIME-PROBE
0df22ddaf02c64bf73a7df12cd5fea6b52632c73,22,src/main/java/com/tuoman/ai_task_orchestrator/controller/StorageController.java,78c497707308f6384b4ed762c452873bfa62a929,24266f1121dc569bad1e59cfd8a798076f942b81bede39a0d4a6bc62e07faad1,2785,73,1-73,FULL_FILE,DROP,FEATURE-RAG,RISK-UNVERSIONED-UNBOUNDED-API,DROP-UNSAFE-BOUNDARY,SEMANTIC-CITATION-FINAL-CONTEXT,NO,EVIDENCE-NONE,FLOW-API-BOUNDARY;FLOW-RAG-ANSWER
0df22ddaf02c64bf73a7df12cd5fea6b52632c73,23,src/main/java/com/tuoman/ai_task_orchestrator/controller/TaskController.java,d573b8c45dc83d867fe95ce1df74a8a15a5fcb92,1a1cf756a3a16f5640aaa1845b0bc788366beb8e383fd1f8d47b30a2d7b46ffd,2459,64,1-64,FULL_FILE,DROP,FEATURE-TASK,RISK-UNVERSIONED-UNBOUNDED-API,DROP-UNSAFE-BOUNDARY,SEMANTIC-JOB-CLAIM-CAS,NO,EVIDENCE-NONE,FLOW-API-BOUNDARY;FLOW-TASK-OUTBOX
0df22ddaf02c64bf73a7df12cd5fea6b52632c73,24,src/main/java/com/tuoman/ai_task_orchestrator/controller/VectorIndexHealthController.java,5110efc3c45733efea8fd0e527a8cebf89fd9de6,1c1235d29d915653f0913c5c14efa7623e2725e3df4b4e3f461614de9e7f9528,7066,156,1-156,FULL_FILE,DROP,FEATURE-VECTOR,RISK-UNVERSIONED-UNBOUNDED-API,DROP-UNSAFE-BOUNDARY,SEMANTIC-ACTIVE-GENERATION,NO,EVIDENCE-NONE,FLOW-API-BOUNDARY;FLOW-VECTOR-WRITE
0df22ddaf02c64bf73a7df12cd5fea6b52632c73,25,src/main/java/com/tuoman/ai_task_orchestrator/document/DocumentChunkResult.java,3700bbdc9dc6da964467cbb7833d0202dd638140,a3a8451a852780e16f35b18ab208064b3ecd309b3b36fe2181bd797ef45919cb,405,23,1-23,FULL_FILE,DROP,FEATURE-DOCUMENT,RISK-DOCUMENT-BOUNDARY,DROP-UNSAFE-BOUNDARY,SEMANTIC-RUNE-SAFE-CHUNKING,NO,EVIDENCE-NONE,FLOW-DOCUMENT-INGESTION
0df22ddaf02c64bf73a7df12cd5fea6b52632c73,26,src/main/java/com/tuoman/ai_task_orchestrator/document/DocumentChunker.java,f7740a9ea610a2b1a8590ac23849f77b0e228709,080bbeac4b633a1df3b40c4f83e6e464a838c44a4680c8f350a1cde898023e61,8617,259,1-259,FULL_FILE,DROP,FEATURE-DOCUMENT,RISK-UTF16-CHUNK-BOUNDARY,DROP-UNSAFE-BOUNDARY,SEMANTIC-RUNE-SAFE-CHUNKING,NO,EVIDENCE-NONE,FLOW-DOCUMENT-CHUNKING
0df22ddaf02c64bf73a7df12cd5fea6b52632c73,27,src/main/java/com/tuoman/ai_task_orchestrator/document/StructuredChunkResult.java,57171ca03b4393daa2e9f5589df15808a09a7a7c,38543852fb69e1b1c7493805004d08b054f9a5e8a65829cedc6598b9e56b34b3,2537,92,1-92,FULL_FILE,DROP,FEATURE-DOCUMENT,RISK-DOCUMENT-BOUNDARY,DROP-UNSAFE-BOUNDARY,SEMANTIC-RUNE-SAFE-CHUNKING,NO,EVIDENCE-NONE,FLOW-DOCUMENT-INGESTION
0df22ddaf02c64bf73a7df12cd5fea6b52632c73,28,src/main/java/com/tuoman/ai_task_orchestrator/document/StructuredChunkingService.java,8e72904cc902d7e0c661637ca6f0546bce96e7c3,3c63144ca4b930d650f3fcb408ad6885af22cb29b56dbec71352d9a2ed10d42a,7060,188,1-188,FULL_FILE,DROP,FEATURE-DOCUMENT,RISK-UTF16-CHUNK-BOUNDARY,DROP-UNSAFE-BOUNDARY,SEMANTIC-RUNE-SAFE-CHUNKING,NO,EVIDENCE-NONE,FLOW-DOCUMENT-CHUNKING
0df22ddaf02c64bf73a7df12cd5fea6b52632c73,29,src/main/java/com/tuoman/ai_task_orchestrator/document/extract/DocumentFileType.java,057a59dc700142a3409fe5d5feb6a4b1b0c72ef0,0c6bc0c6be17cd88f3d8333a780d0c4917b43ab1a419d85259099678ae63769d,117,7,1-7,FULL_FILE,DROP,FEATURE-DOCUMENT,RISK-DOCUMENT-BOUNDARY,DROP-UNSAFE-BOUNDARY,SEMANTIC-RUNE-SAFE-CHUNKING,NO,EVIDENCE-NONE,FLOW-DOCUMENT-INGESTION
0df22ddaf02c64bf73a7df12cd5fea6b52632c73,30,src/main/java/com/tuoman/ai_task_orchestrator/document/extract/DocumentTextExtractor.java,ac0eb4d22284228bab225b405751d131ba5952bf,99b3af4a6beb9cdbe526ccee4c715508cc20696ba05bd82fe97fe89c5867c630,460,16,1-16,FULL_FILE,DROP,FEATURE-DOCUMENT,RISK-DOCUMENT-BOUNDARY,DROP-UNSAFE-BOUNDARY,SEMANTIC-RUNE-SAFE-CHUNKING,NO,EVIDENCE-NONE,FLOW-DOCUMENT-INGESTION
0df22ddaf02c64bf73a7df12cd5fea6b52632c73,31,src/main/java/com/tuoman/ai_task_orchestrator/document/extract/DocumentTextExtractorRegistry.java,e793c4987da50308956e535bd437abfa7f109c55,5069d42886deb1db1cf1598e8bfa528426a25bbe5703bc1013444b329e7600a3,2765,74,1-74,FULL_FILE,DROP,FEATURE-DOCUMENT,RISK-DOCUMENT-BOUNDARY,DROP-UNSAFE-BOUNDARY,SEMANTIC-RUNE-SAFE-CHUNKING,NO,EVIDENCE-NONE,FLOW-DOCUMENT-INGESTION
0df22ddaf02c64bf73a7df12cd5fea6b52632c73,32,src/main/java/com/tuoman/ai_task_orchestrator/document/extract/InMemoryMultipartFile.java,ebbd1df4054bbdbc2815d741438668d5309c9d7e,b90c76d688e9824c9eb02250098c13ce1fc4fd004d8ff2b98ab3dd3f7f050d8d,1509,63,1-63,FULL_FILE,DROP,FEATURE-MEMORY,RISK-MEMORY-NONCORE,DROP-OUTSIDE-CORE,SEMANTIC-MEMORY-LATER,NO,EVIDENCE-NONE,FLOW-MEMORY
0df22ddaf02c64bf73a7df12cd5fea6b52632c73,33,src/main/java/com/tuoman/ai_task_orchestrator/document/extract/MarkdownTextExtractor.java,83ef6790e865f2109fd9682e453d5758d40c3258,d57caeb3f4f78e3635839b8f7b843e2c780bfe84bafa206d58a4454cec2872d9,855,30,1-30,FULL_FILE,DROP,FEATURE-SHARED-CONTRACT,RISK-MUTABLE-CONTRACT,DROP-SPECULATIVE-CONTRACT,SEMANTIC-NONE,NO,EVIDENCE-NONE,FLOW-API-CONTRACT
0df22ddaf02c64bf73a7df12cd5fea6b52632c73,34,src/main/java/com/tuoman/ai_task_orchestrator/document/extract/PdfTextExtractor.java,a7579c7f3385796fee98b207724adbe2a2bad0f2,833a224057e291e9b594292b7095d2cf778ac7ad4fbabcb4c4373dad4f4a6111,1836,49,1-49,FULL_FILE,DROP,FEATURE-SHARED-CONTRACT,RISK-PDF-INPROCESS-UNBOUNDED,DROP-SPECULATIVE-CONTRACT,SEMANTIC-PDF-ISOLATION,NO,EVIDENCE-NONE,FLOW-DOCUMENT-EXTRACTION
0df22ddaf02c64bf73a7df12cd5fea6b52632c73,35,src/main/java/com/tuoman/ai_task_orchestrator/document/extract/TxtTextExtractor.java,57ebc83f65f778cadc8347a2e90bd7e1972db2ed,5558723f1a484aa03806397819d42935111d49201e13991edf264517469f063c,897,30,1-30,FULL_FILE,DROP,FEATURE-SHARED-CONTRACT,RISK-LOSSY-UTF8,DROP-SPECULATIVE-CONTRACT,SEMANTIC-STRICT-UTF8,NO,EVIDENCE-NONE,FLOW-DOCUMENT-EXTRACTION
0df22ddaf02c64bf73a7df12cd5fea6b52632c73,36,src/main/java/com/tuoman/ai_task_orchestrator/document/ingestion/DocumentFileValidator.java,000b32cbe9cd426801a5407cdf1d2b8788719156,e8ab4c2498489bd010658fcbdf4758054df89e40a1529464a85e9548ee99e603,1175,31,1-31,FULL_FILE,DROP,FEATURE-DOCUMENT,RISK-DOCUMENT-BOUNDARY,DROP-UNSAFE-BOUNDARY,SEMANTIC-RUNE-SAFE-CHUNKING,NO,EVIDENCE-NONE,FLOW-DOCUMENT-INGESTION
0df22ddaf02c64bf73a7df12cd5fea6b52632c73,37,src/main/java/com/tuoman/ai_task_orchestrator/document/ingestion/DocumentIngestionEventRecorder.java,02f66bb34b5d481a2c93a87ef74bb6c410bd00c3,4ac0e9f5c33b457ae9e1601ac74caefc9dcceb5315053efb430956f29580a545,20324,564,1-564,FULL_FILE,DROP,FEATURE-INGESTION,RISK-EVENT-LEAK-NONATOMIC,DROP-NONATOMIC-SIDE-EFFECT,SEMANTIC-ERROR-REDACTION,NO,EVIDENCE-NONE,FLOW-INGESTION-DUAL-WRITE
0df22ddaf02c64bf73a7df12cd5fea6b52632c73,38,src/main/java/com/tuoman/ai_task_orchestrator/document/ingestion/DocumentIngestionProperties.java,edd7fbc87104335aaaf92c7be8c9325dec4c40e1,94e90e12c9bbe4aee76807ccbafc96a4ae607a9337fac1d77767454af5cba695,492,19,1-19,FULL_FILE,DROP,FEATURE-INGESTION,RISK-INGESTION-DOUBLE-EXECUTION,DROP-NONATOMIC-SIDE-EFFECT,SEMANTIC-JOB-FENCE,NO,EVIDENCE-NONE,FLOW-INGESTION-DUAL-WRITE
0df22ddaf02c64bf73a7df12cd5fea6b52632c73,39,src/main/java/com/tuoman/ai_task_orchestrator/document/ingestion/FileHashService.java,22130a31594eae2b653985da8e78a92656e26db3,6f43df66cb144107262a1897decd3e7d64fa33b4b2871eb64813ee8a7954dd84,997,33,1-33,FULL_FILE,DROP,FEATURE-DOCUMENT,RISK-NONIDENTITY-HASH,DROP-UNSAFE-BOUNDARY,SEMANTIC-SOURCE-BYTE-IDENTITY,NO,EVIDENCE-NONE,FLOW-DOCUMENT-INGESTION
0df22ddaf02c64bf73a7df12cd5fea6b52632c73,40,src/main/java/com/tuoman/ai_task_orchestrator/document/ingestion/IngestionAnalyticsDisplayTexts.java,bd44cc6228fc3400780c1a921295211bf86b2304,293b6aab41a3e43144b31fe2b1a65912e1141161dfee3a49b8532ea8408a88c7,2036,52,1-52,FULL_FILE,DROP,FEATURE-INGESTION,RISK-INGESTION-DOUBLE-EXECUTION,DROP-NONATOMIC-SIDE-EFFECT,SEMANTIC-JOB-FENCE,NO,EVIDENCE-NONE,FLOW-INGESTION-DUAL-WRITE
0df22ddaf02c64bf73a7df12cd5fea6b52632c73,41,src/main/java/com/tuoman/ai_task_orchestrator/document/ingestion/IngestionAnalyticsWindow.java,c86fc223f2e7005f9db97c0019cb41fa2a5c9a0f,3e03de6845e869f4605e2394f02d92a59529d493fdb3ea4bc758a9b26330635b,1452,53,1-53,FULL_FILE,DROP,FEATURE-INGESTION,RISK-INGESTION-DOUBLE-EXECUTION,DROP-NONATOMIC-SIDE-EFFECT,SEMANTIC-JOB-FENCE,NO,EVIDENCE-NONE,FLOW-INGESTION-DUAL-WRITE
0df22ddaf02c64bf73a7df12cd5fea6b52632c73,42,src/main/java/com/tuoman/ai_task_orchestrator/document/ingestion/IngestionDisplayTexts.java,a24c16833afc8b41348b0018bd0ccc1e63714476,a0858dd01754e43dfade0574d082704e042819ffa5c13addacc6b172b87c0675,3726,92,1-92,FULL_FILE,DROP,FEATURE-INGESTION,RISK-INGESTION-DOUBLE-EXECUTION,DROP-NONATOMIC-SIDE-EFFECT,SEMANTIC-JOB-FENCE,NO,EVIDENCE-NONE,FLOW-INGESTION-DUAL-WRITE
0df22ddaf02c64bf73a7df12cd5fea6b52632c73,43,src/main/java/com/tuoman/ai_task_orchestrator/document/ingestion/IngestionEventDisplayTexts.java,385db234410ac63f78046d477f63b2cc82e9c55d,52fefd509422321b134e9de3d76fcd4633620111788748e9bf06d37cd50843b5,2504,48,1-48,FULL_FILE,DROP,FEATURE-INGESTION,RISK-INGESTION-DOUBLE-EXECUTION,DROP-NONATOMIC-SIDE-EFFECT,SEMANTIC-JOB-FENCE,NO,EVIDENCE-NONE,FLOW-INGESTION-DUAL-WRITE
0df22ddaf02c64bf73a7df12cd5fea6b52632c73,44,src/main/java/com/tuoman/ai_task_orchestrator/document/lifecycle/DocumentLifecycleDisplayTexts.java,06c66a2ec96fb07edc4adc3d48158fd6cf5ae5be,d606eb012567a623180f3919ce48e7f4311e4846dc6c151343b5592249e8e051,2832,82,1-82,FULL_FILE,DROP,FEATURE-LIFECYCLE,RISK-PURGE-OUTCOME-UNCERTAIN,DROP-NONATOMIC-SIDE-EFFECT,SEMANTIC-PURGE-VERIFICATION,NO,EVIDENCE-NONE,FLOW-LIFECYCLE-PURGE
0df22ddaf02c64bf73a7df12cd5fea6b52632c73,45,src/main/java/com/tuoman/ai_task_orchestrator/dto/AgentProfileRequest.java,8377595da0d67c2dfa4bf83a95cb89dc38667be1,eff6e5d874c9c78cc13f2af3b221e001ff742e25fc21c4a1ee708b8b39f129cb,791,39,1-39,FULL_FILE,DROP,FEATURE-AGENT,RISK-MUTABLE-UNBOUNDED-CONTRACT,DROP-SPECULATIVE-CONTRACT,SEMANTIC-MEMORY-LATER,NO,EVIDENCE-NONE,FLOW-API-CONTRACT;FLOW-AGENT
0df22ddaf02c64bf73a7df12cd5fea6b52632c73,46,src/main/java/com/tuoman/ai_task_orchestrator/dto/AgentProfileResponse.java,b44747e123f13a69ce2548fba3fad744f4fa5e1f,9e68666ca5e6a9c6a852b67e41647fbd82edba3e5af8dbf59c38910cf85e5ce4,673,26,1-26,FULL_FILE,DROP,FEATURE-AGENT,RISK-MUTABLE-UNBOUNDED-CONTRACT,DROP-SPECULATIVE-CONTRACT,SEMANTIC-MEMORY-LATER,NO,EVIDENCE-NONE,FLOW-API-CONTRACT;FLOW-AGENT
0df22ddaf02c64bf73a7df12cd5fea6b52632c73,47,src/main/java/com/tuoman/ai_task_orchestrator/dto/AgentTaskCitationResponse.java,a41d239b5c67af88967d3f47ab37d4ec4ae6db77,9c92cb8b8eb8b45db9fac2049600b529749637cfac64bbd78d2a56ee13a98608,395,23,1-23,FULL_FILE,DROP,FEATURE-AGENT,RISK-MUTABLE-UNBOUNDED-CONTRACT,DROP-SPECULATIVE-CONTRACT,SEMANTIC-MEMORY-LATER,NO,EVIDENCE-NONE,FLOW-API-CONTRACT;FLOW-AGENT
0df22ddaf02c64bf73a7df12cd5fea6b52632c73,48,src/main/java/com/tuoman/ai_task_orchestrator/dto/AgentTaskDetailResponse.java,b774f96989da8579acb2adf028b4c05c7b1b3e78,3f12d0a99e7a15b10f02201d7a5750beee9fd786ac5ecad143b6b39380d2f102,1027,56,1-56,FULL_FILE,DROP,FEATURE-AGENT,RISK-MUTABLE-UNBOUNDED-CONTRACT,DROP-SPECULATIVE-CONTRACT,SEMANTIC-MEMORY-LATER,NO,EVIDENCE-NONE,FLOW-API-CONTRACT;FLOW-AGENT
0df22ddaf02c64bf73a7df12cd5fea6b52632c73,49,src/main/java/com/tuoman/ai_task_orchestrator/dto/AgentTaskEventResponse.java,783f72a978e5b8a0899144f7bd2f4ed744c07714,fb635eed5258bc61c460e1350b23005a4ebe0eb5ed5a18dc3d17237007e0ba17,616,37,1-37,FULL_FILE,DROP,FEATURE-AGENT,RISK-MUTABLE-UNBOUNDED-CONTRACT,DROP-SPECULATIVE-CONTRACT,SEMANTIC-MEMORY-LATER,NO,EVIDENCE-NONE,FLOW-API-CONTRACT;FLOW-AGENT
0df22ddaf02c64bf73a7df12cd5fea6b52632c73,50,src/main/java/com/tuoman/ai_task_orchestrator/dto/AgentTaskModelMetadataResponse.java,a84a1fb860f1f653b3bb1afdf51cf1d052ac24e8,86f0b8c1ee7ab63b2976b35ad4af2c5a811f4dfcf08059d9925daf7832c9e31a,459,25,1-25,FULL_FILE,DROP,FEATURE-AGENT,RISK-MUTABLE-UNBOUNDED-CONTRACT,DROP-SPECULATIVE-CONTRACT,SEMANTIC-MEMORY-LATER,NO,EVIDENCE-NONE,FLOW-API-CONTRACT;FLOW-AGENT
0df22ddaf02c64bf73a7df12cd5fea6b52632c73,51,src/main/java/com/tuoman/ai_task_orchestrator/dto/AgentTaskStepResponse.java,9a699d244b974652a87b76fee9cd8640fc9e62f4,c2b5a4d47b3d17ac488e2a6e274acb132f60a758c53b88ca923aed276e6a49f2,750,44,1-44,FULL_FILE,DROP,FEATURE-AGENT,RISK-MUTABLE-UNBOUNDED-CONTRACT,DROP-SPECULATIVE-CONTRACT,SEMANTIC-MEMORY-LATER,NO,EVIDENCE-NONE,FLOW-API-CONTRACT;FLOW-AGENT
0df22ddaf02c64bf73a7df12cd5fea6b52632c73,52,src/main/java/com/tuoman/ai_task_orchestrator/dto/AgentTaskSummaryResponse.java,e1dd446801ccfd596a7a5fae9250713a98fbee54,0c3a1e3b027a6d056aaaefad64b481ec6b60880ec68605a6f69e44eb7d19d81a,504,29,1-29,FULL_FILE,DROP,FEATURE-AGENT,RISK-MUTABLE-UNBOUNDED-CONTRACT,DROP-SPECULATIVE-CONTRACT,SEMANTIC-MEMORY-LATER,NO,EVIDENCE-NONE,FLOW-API-CONTRACT;FLOW-AGENT
0df22ddaf02c64bf73a7df12cd5fea6b52632c73,53,src/main/java/com/tuoman/ai_task_orchestrator/dto/AgentToolResponse.java,b1327d84ba5a021eedc1b7e15b4ebc0e3c4c73df,13b3bc98f8b4df6b93c79e605b0d1fa652af6ec34147dda7c665f9dbbb98bff0,408,23,1-23,FULL_FILE,DROP,FEATURE-AGENT,RISK-MUTABLE-UNBOUNDED-CONTRACT,DROP-SPECULATIVE-CONTRACT,SEMANTIC-MEMORY-LATER,NO,EVIDENCE-NONE,FLOW-API-CONTRACT;FLOW-AGENT
0df22ddaf02c64bf73a7df12cd5fea6b52632c73,54,src/main/java/com/tuoman/ai_task_orchestrator/dto/BatchIngestionConfigResponse.java,84c948c3780c158f7dabcea42bf453f56473de41,d1197b2212beb4100bcdeae75b936f59b3060b270a557fab9780af80d38e588d,388,21,1-21,FULL_FILE,DROP,FEATURE-BATCH,RISK-MUTABLE-UNBOUNDED-CONTRACT,DROP-SPECULATIVE-CONTRACT,SEMANTIC-ATOMIC-ENQUEUE,NO,EVIDENCE-NONE,FLOW-API-CONTRACT;FLOW-BATCH
0df22ddaf02c64bf73a7df12cd5fea6b52632c73,55,src/main/java/com/tuoman/ai_task_orchestrator/dto/BatchUploadResponse.java,6f94248bfea3aab18ebd8f91e7c6ae18c05ade7e,84d35895a833cc4b0143ec31b09c7e4d85475d506974ce9c5354914d0cf636d3,410,25,1-25,FULL_FILE,DROP,FEATURE-BATCH,RISK-MUTABLE-UNBOUNDED-CONTRACT,DROP-SPECULATIVE-CONTRACT,SEMANTIC-ATOMIC-ENQUEUE,NO,EVIDENCE-NONE,FLOW-API-CONTRACT;FLOW-BATCH
0df22ddaf02c64bf73a7df12cd5fea6b52632c73,56,src/main/java/com/tuoman/ai_task_orchestrator/dto/CacheClearResponse.java,55b01cc7390a7137a19735a6f5395895a2ce8c48,7a7f7748412bafb28a2d2deec7fdf736df745f36213305f9c066547185538c53,289,17,1-17,FULL_FILE,DROP,FEATURE-CACHE,RISK-MUTABLE-UNBOUNDED-CONTRACT,DROP-SPECULATIVE-CONTRACT,SEMANTIC-NONE,NO,EVIDENCE-NONE,FLOW-API-CONTRACT;FLOW-API-CONTRACT
0df22ddaf02c64bf73a7df12cd5fea6b52632c73,57,src/main/java/com/tuoman/ai_task_orchestrator/dto/CollectionAssignmentResponse.java,dcbda23cd760947ebe165efe80e78682ef289366,d3ba746f421b08fbe711d09f6c9ffea7b43c2202d3dd8c28c55aeffbc479a787,268,15,1-15,FULL_FILE,DROP,FEATURE-COLLECTION,RISK-MUTABLE-UNBOUNDED-CONTRACT,DROP-SPECULATIVE-CONTRACT,SEMANTIC-SCOPE-NO-WIDEN,NO,EVIDENCE-NONE,FLOW-API-CONTRACT;FLOW-RAG-SCOPE
0df22ddaf02c64bf73a7df12cd5fea6b52632c73,58,src/main/java/com/tuoman/ai_task_orchestrator/dto/CollectionDetailResponse.java,c93c3d326d17e3675c2bf8460b91d69002e60f2d,4bdf94773aa37670d1736a166070a62ea6f2fd103c3577d64bc3253081cafede,535,28,1-28,FULL_FILE,DROP,FEATURE-COLLECTION,RISK-MUTABLE-UNBOUNDED-CONTRACT,DROP-SPECULATIVE-CONTRACT,SEMANTIC-SCOPE-NO-WIDEN,NO,EVIDENCE-NONE,FLOW-API-CONTRACT;FLOW-RAG-SCOPE
0df22ddaf02c64bf73a7df12cd5fea6b52632c73,59,src/main/java/com/tuoman/ai_task_orchestrator/dto/CollectionDocumentItemResponse.java,c0c484c566d6d54d215cab9172f9af982eae09c0,22bc8ad8e1232a75940957c9fca5a275e06cbc95b381559dfb6725846d27b91b,409,23,1-23,FULL_FILE,DROP,FEATURE-COLLECTION,RISK-MUTABLE-UNBOUNDED-CONTRACT,DROP-SPECULATIVE-CONTRACT,SEMANTIC-SCOPE-NO-WIDEN,NO,EVIDENCE-NONE,FLOW-API-CONTRACT;FLOW-RAG-SCOPE
0df22ddaf02c64bf73a7df12cd5fea6b52632c73,60,src/main/java/com/tuoman/ai_task_orchestrator/dto/CollectionMembershipResponse.java,cd302dc2c0012fefdbce31b37b6bc3cd02122f5b,da5482805cb68180a81e83918ba8a1bfd47344356a090cf636755e86471152a9,235,13,1-13,FULL_FILE,DROP,FEATURE-COLLECTION,RISK-MUTABLE-UNBOUNDED-CONTRACT,DROP-SPECULATIVE-CONTRACT,SEMANTIC-SCOPE-NO-WIDEN,NO,EVIDENCE-NONE,FLOW-API-CONTRACT;FLOW-RAG-SCOPE
0df22ddaf02c64bf73a7df12cd5fea6b52632c73,61,src/main/java/com/tuoman/ai_task_orchestrator/dto/CollectionSummaryResponse.java,965dafbd75586ffc9d9dd7f222bb02477c8dd45f,8658b445a868f934c435f85129354fcaf4e03ec5b556594082360f3dd544735f,452,25,1-25,FULL_FILE,DROP,FEATURE-COLLECTION,RISK-MUTABLE-UNBOUNDED-CONTRACT,DROP-SPECULATIVE-CONTRACT,SEMANTIC-SCOPE-NO-WIDEN,NO,EVIDENCE-NONE,FLOW-API-CONTRACT;FLOW-RAG-SCOPE
0df22ddaf02c64bf73a7df12cd5fea6b52632c73,62,src/main/java/com/tuoman/ai_task_orchestrator/dto/CreateAgentTaskRequest.java,e2c4986ce9bdd9df8a214cb754f63024977c987a,dbd1ebeb1ccb6609bcc3f474a7129e5510298d9e2b7b52d13b23b2f55e02470f,615,23,1-23,FULL_FILE,DROP,FEATURE-AGENT,RISK-MUTABLE-UNBOUNDED-CONTRACT,DROP-SPECULATIVE-CONTRACT,SEMANTIC-MEMORY-LATER,NO,EVIDENCE-NONE,FLOW-API-CONTRACT;FLOW-AGENT
0df22ddaf02c64bf73a7df12cd5fea6b52632c73,63,src/main/java/com/tuoman/ai_task_orchestrator/dto/CreateAgentTaskResponse.java,3f45f7093adc91e915c91698fdb738ac4ea43e0b,2018a89da0c29c808dd2bf0d434af7b74d4d15e1f42d50226432edd2f25a75ff,297,17,1-17,FULL_FILE,DROP,FEATURE-AGENT,RISK-MUTABLE-UNBOUNDED-CONTRACT,DROP-SPECULATIVE-CONTRACT,SEMANTIC-MEMORY-LATER,NO,EVIDENCE-NONE,FLOW-API-CONTRACT;FLOW-AGENT
0df22ddaf02c64bf73a7df12cd5fea6b52632c73,64,src/main/java/com/tuoman/ai_task_orchestrator/dto/CreateCollectionRequest.java,6dc0fc359dcb256dc4f8a3761392cc79108511b1,0f8d4eb34885844bde36a645f8ad9da40f36f6b0f603d143d348ba088fb31541,499,18,1-18,FULL_FILE,DROP,FEATURE-COLLECTION,RISK-MUTABLE-UNBOUNDED-CONTRACT,DROP-SPECULATIVE-CONTRACT,SEMANTIC-SCOPE-NO-WIDEN,NO,EVIDENCE-NONE,FLOW-API-CONTRACT;FLOW-RAG-SCOPE
0df22ddaf02c64bf73a7df12cd5fea6b52632c73,65,src/main/java/com/tuoman/ai_task_orchestrator/dto/CreateTaskRequest.java,8bbe151e9ff24bcf42ed18c7e5612c8088028654,9ebbb8fbd3ce413bc7ba5e0471208a48445a9e34c3efa69003fb0229107c5aa1,292,16,1-16,FULL_FILE,DROP,FEATURE-TASK,RISK-MUTABLE-UNBOUNDED-CONTRACT,DROP-SPECULATIVE-CONTRACT,SEMANTIC-JOB-CLAIM-CAS,NO,EVIDENCE-NONE,FLOW-API-CONTRACT;FLOW-TASK-OUTBOX
0df22ddaf02c64bf73a7df12cd5fea6b52632c73,66,src/main/java/com/tuoman/ai_task_orchestrator/dto/CreateTaskResponse.java,47f0027a317a61e30c57874bf761ebd2d46472c1,26c9fba8b8665286d7466d7e035b6d1a21d6983cdcb757356fe54e567fe0650c,282,15,1-15,FULL_FILE,DROP,FEATURE-TASK,RISK-MUTABLE-UNBOUNDED-CONTRACT,DROP-SPECULATIVE-CONTRACT,SEMANTIC-JOB-CLAIM-CAS,NO,EVIDENCE-NONE,FLOW-API-CONTRACT;FLOW-TASK-OUTBOX
0df22ddaf02c64bf73a7df12cd5fea6b52632c73,67,src/main/java/com/tuoman/ai_task_orchestrator/dto/DevTaskDispatchResponse.java,001cd9088b2147271e89eccc0efbfe1f6c83bc75,424515847e171f3c0f873f30f7db0a42f3fa1aa6448123f8941aeca755236657,260,15,1-15,FULL_FILE,DROP,FEATURE-TASK,RISK-MUTABLE-UNBOUNDED-CONTRACT,DROP-SPECULATIVE-CONTRACT,SEMANTIC-JOB-CLAIM-CAS,NO,EVIDENCE-NONE,FLOW-API-CONTRACT;FLOW-TASK-OUTBOX
0df22ddaf02c64bf73a7df12cd5fea6b52632c73,68,src/main/java/com/tuoman/ai_task_orchestrator/dto/DocumentChunkResponse.java,351bdc70e37bfa3bd0ac0902cf7a444b0e90deca,9835b01fef399e7c849fc2a2b75e6013bc4cac1b4ecdee548d9ebe5b2528af33,525,31,1-31,FULL_FILE,DROP,FEATURE-DOCUMENT,RISK-MUTABLE-UNBOUNDED-CONTRACT,DROP-SPECULATIVE-CONTRACT,SEMANTIC-RUNE-SAFE-CHUNKING,NO,EVIDENCE-NONE,FLOW-API-CONTRACT;FLOW-DOCUMENT-INGESTION
0df22ddaf02c64bf73a7df12cd5fea6b52632c73,69,src/main/java/com/tuoman/ai_task_orchestrator/dto/DocumentDeleteResponse.java,94079b6e59b437bb80ed6318aea5f097ebb1677e,4c4ce8f1655ed7856c680caa6e60d4be336ef974644836707c6479e11119fa9d,364,21,1-21,FULL_FILE,DROP,FEATURE-DOCUMENT,RISK-MUTABLE-UNBOUNDED-CONTRACT,DROP-SPECULATIVE-CONTRACT,SEMANTIC-RUNE-SAFE-CHUNKING,NO,EVIDENCE-NONE,FLOW-API-CONTRACT;FLOW-DOCUMENT-INGESTION
0df22ddaf02c64bf73a7df12cd5fea6b52632c73,70,src/main/java/com/tuoman/ai_task_orchestrator/dto/DocumentDetailResponse.java,06e9f0c2ae7f7e730b9a548cb9018bb938789b89,61ae3163704bde8c46a20a0a83a613585fc6ccbf0b076204915fbb1dd4e9e827,496,29,1-29,FULL_FILE,DROP,FEATURE-DOCUMENT,RISK-MUTABLE-UNBOUNDED-CONTRACT,DROP-SPECULATIVE-CONTRACT,SEMANTIC-RUNE-SAFE-CHUNKING,NO,EVIDENCE-NONE,FLOW-API-CONTRACT;FLOW-DOCUMENT-INGESTION
0df22ddaf02c64bf73a7df12cd5fea6b52632c73,71,src/main/java/com/tuoman/ai_task_orchestrator/dto/DocumentEmbeddingResponse.java,3a554adbee7162c4721bcdb04210bd9315abce2d,8ed7e98ba2e03f9402148537cc47aa67ce76ea99d16bf2a4c9b1b48f3455e158,394,21,1-21,FULL_FILE,DROP,FEATURE-VECTOR,RISK-MUTABLE-UNBOUNDED-CONTRACT,DROP-SPECULATIVE-CONTRACT,SEMANTIC-ACTIVE-GENERATION,NO,EVIDENCE-NONE,FLOW-API-CONTRACT;FLOW-VECTOR-WRITE
0df22ddaf02c64bf73a7df12cd5fea6b52632c73,72,src/main/java/com/tuoman/ai_task_orchestrator/dto/DocumentIngestionEventResponse.java,80222ee2d81850d24486fccb7d325a213090f0b0,682eed3f337f514e3a945b1925b1ca700cdd6a9df00de1fbdc5653beefd1ab78,654,38,1-38,FULL_FILE,DROP,FEATURE-INGESTION,RISK-MUTABLE-UNBOUNDED-CONTRACT,DROP-SPECULATIVE-CONTRACT,SEMANTIC-JOB-FENCE,NO,EVIDENCE-NONE,FLOW-API-CONTRACT;FLOW-INGESTION-DUAL-WRITE
0df22ddaf02c64bf73a7df12cd5fea6b52632c73,73,src/main/java/com/tuoman/ai_task_orchestrator/dto/DocumentIngestionEventTimelineResponse.java,83d8b21273dd06dfbb9a56351edef76a20e22b33,204c09e1ea57f16ed65e5804d5add57cda17ffc1decabd9069de7ec5378705a6,295,15,1-15,FULL_FILE,DROP,FEATURE-INGESTION,RISK-MUTABLE-UNBOUNDED-CONTRACT,DROP-SPECULATIVE-CONTRACT,SEMANTIC-JOB-FENCE,NO,EVIDENCE-NONE,FLOW-API-CONTRACT;FLOW-INGESTION-DUAL-WRITE
0df22ddaf02c64bf73a7df12cd5fea6b52632c73,74,src/main/java/com/tuoman/ai_task_orchestrator/dto/DocumentIngestionResponse.java,4c1a73eafcb7cd3791f8b77969bb54ca1eb4106b,48448654c3e015069099b87c8c11db34488b40a59373fe550439d898eec6a16e,368,21,1-21,FULL_FILE,DROP,FEATURE-INGESTION,RISK-MUTABLE-UNBOUNDED-CONTRACT,DROP-SPECULATIVE-CONTRACT,SEMANTIC-JOB-FENCE,NO,EVIDENCE-NONE,FLOW-API-CONTRACT;FLOW-INGESTION-DUAL-WRITE
0df22ddaf02c64bf73a7df12cd5fea6b52632c73,75,src/main/java/com/tuoman/ai_task_orchestrator/dto/DocumentIngestionSubmitResponse.java,90b58b0b0e0230879c8ae77e0b3b66fa40b7dbfe,6957d5b6e0bb2070321020ed2436bab2734d474ceceee41a9240d52930f46e11,365,21,1-21,FULL_FILE,DROP,FEATURE-INGESTION,RISK-MUTABLE-UNBOUNDED-CONTRACT,DROP-SPECULATIVE-CONTRACT,SEMANTIC-JOB-FENCE,NO,EVIDENCE-NONE,FLOW-API-CONTRACT;FLOW-INGESTION-DUAL-WRITE
0df22ddaf02c64bf73a7df12cd5fea6b52632c73,76,src/main/java/com/tuoman/ai_task_orchestrator/dto/DocumentIngestionTaskResponse.java,7a4775c01f151391f2229a2b8fccc104aff72a96,05549b22f768c00c3acf573410e35414834e307dc26742a18b8f9b5c18156f62,1190,67,1-67,FULL_FILE,DROP,FEATURE-INGESTION,RISK-MUTABLE-UNBOUNDED-CONTRACT,DROP-SPECULATIVE-CONTRACT,SEMANTIC-JOB-FENCE,NO,EVIDENCE-NONE,FLOW-API-CONTRACT;FLOW-INGESTION-DUAL-WRITE
0df22ddaf02c64bf73a7df12cd5fea6b52632c73,77,src/main/java/com/tuoman/ai_task_orchestrator/dto/DocumentPurgeResponse.java,3be867ea21ba1bcaba6fd773562b77f54551b81a,0de78a8a3ede835fc6850425e95e23d24d705615799803db96509108d1b4ced4,428,24,1-24,FULL_FILE,DROP,FEATURE-LIFECYCLE,RISK-MUTABLE-UNBOUNDED-CONTRACT,DROP-SPECULATIVE-CONTRACT,SEMANTIC-PURGE-VERIFICATION,NO,EVIDENCE-NONE,FLOW-API-CONTRACT;FLOW-LIFECYCLE-PURGE
0df22ddaf02c64bf73a7df12cd5fea6b52632c73,78,src/main/java/com/tuoman/ai_task_orchestrator/dto/DocumentReindexSubmitResponse.java,ff1194ab36d183b5d5f8a5f4bb423abfdb5dc59b,f3c5d8699921f3056b3aa7745c1fc18eae35743542eff7f1505e2eb654f22736,363,21,1-21,FULL_FILE,DROP,FEATURE-REINDEX,RISK-MUTABLE-UNBOUNDED-CONTRACT,DROP-SPECULATIVE-CONTRACT,SEMANTIC-ACTIVE-GENERATION,NO,EVIDENCE-NONE,FLOW-API-CONTRACT;FLOW-REINDEX-ACTIVE
0df22ddaf02c64bf73a7df12cd5fea6b52632c73,79,src/main/java/com/tuoman/ai_task_orchestrator/dto/DocumentRestoreResponse.java,5073be6ca0c8e2430619b653136593ba3c3c8ef7,550481e296bc7e63c1e4222bc64c10298c135c4ffcf13af42a3f086ab768b940,389,22,1-22,FULL_FILE,DROP,FEATURE-LIFECYCLE,RISK-MUTABLE-UNBOUNDED-CONTRACT,DROP-SPECULATIVE-CONTRACT,SEMANTIC-PURGE-VERIFICATION,NO,EVIDENCE-NONE,FLOW-API-CONTRACT;FLOW-LIFECYCLE-PURGE
0df22ddaf02c64bf73a7df12cd5fea6b52632c73,80,src/main/java/com/tuoman/ai_task_orchestrator/dto/DocumentSearchRequest.java,ad41c9f2c1f52da004c43123332a877aa1052e90,c996badb533c7e4efa612473eebd465cf725ba5ed86d5d521b0fc272d0b1220d,305,19,1-19,FULL_FILE,DROP,FEATURE-DOCUMENT,RISK-MUTABLE-UNBOUNDED-CONTRACT,DROP-SPECULATIVE-CONTRACT,SEMANTIC-RUNE-SAFE-CHUNKING,NO,EVIDENCE-NONE,FLOW-API-CONTRACT;FLOW-DOCUMENT-INGESTION
0df22ddaf02c64bf73a7df12cd5fea6b52632c73,81,src/main/java/com/tuoman/ai_task_orchestrator/dto/DocumentSearchResultResponse.java,0f2c8007b9c54f02419af9e674becf30fa5600cd,4040d6e2341c763b239e3d03f529d9c898e932f4168e56c75dd56e27f3d85a0f,604,35,1-35,FULL_FILE,DROP,FEATURE-DOCUMENT,RISK-MUTABLE-UNBOUNDED-CONTRACT,DROP-SPECULATIVE-CONTRACT,SEMANTIC-RUNE-SAFE-CHUNKING,NO,EVIDENCE-NONE,FLOW-API-CONTRACT;FLOW-DOCUMENT-INGESTION
0df22ddaf02c64bf73a7df12cd5fea6b52632c73,82,src/main/java/com/tuoman/ai_task_orchestrator/dto/DocumentSummaryResponse.java,71a004223b78bedd0f5e0e3d957bb4b34bb59d50,f9f04760ae379bc376e21e303755664a9c8ff16b61abff75025068b594b585fe,1102,58,1-58,FULL_FILE,DROP,FEATURE-DOCUMENT,RISK-MUTABLE-UNBOUNDED-CONTRACT,DROP-SPECULATIVE-CONTRACT,SEMANTIC-RUNE-SAFE-CHUNKING,NO,EVIDENCE-NONE,FLOW-API-CONTRACT;FLOW-DOCUMENT-INGESTION
0df22ddaf02c64bf73a7df12cd5fea6b52632c73,83,src/main/java/com/tuoman/ai_task_orchestrator/dto/DocumentTrashItemResponse.java,4edb1aae122590fe218cc0e79851fcab93bf0a92,82213ce66118897374ef58b9184cf68ad8e0b69a0f933cbd8e241fe2cf7815d7,655,36,1-36,FULL_FILE,DROP,FEATURE-LIFECYCLE,RISK-MUTABLE-UNBOUNDED-CONTRACT,DROP-SPECULATIVE-CONTRACT,SEMANTIC-PURGE-VERIFICATION,NO,EVIDENCE-NONE,FLOW-API-CONTRACT;FLOW-LIFECYCLE-PURGE
0df22ddaf02c64bf73a7df12cd5fea6b52632c73,84,src/main/java/com/tuoman/ai_task_orchestrator/dto/DocumentUploadResponse.java,32ddb58b8de5932610b8b80ba5df335f837bbdf1,34bf7e560a9977f331c1639ca9272119362695c23633e5399d522b460971c76c,300,17,1-17,FULL_FILE,DROP,FEATURE-DOCUMENT,RISK-MUTABLE-UNBOUNDED-CONTRACT,DROP-SPECULATIVE-CONTRACT,SEMANTIC-RUNE-SAFE-CHUNKING,NO,EVIDENCE-NONE,FLOW-API-CONTRACT;FLOW-DOCUMENT-INGESTION
0df22ddaf02c64bf73a7df12cd5fea6b52632c73,85,src/main/java/com/tuoman/ai_task_orchestrator/dto/EmbeddingCacheMetricItemResponse.java,9a488cdf331ee8fb02d7515921545d4147bc0b3c,175090683e18435535b67b2815a6e08611ed9e569d2b500cc4db4f3832ddfa6d,498,29,1-29,FULL_FILE,DROP,FEATURE-EVALUATION,RISK-MUTABLE-UNBOUNDED-CONTRACT,DROP-SPECULATIVE-CONTRACT,SEMANTIC-NONE,NO,EVIDENCE-NONE,FLOW-API-CONTRACT;FLOW-EVALUATION
0df22ddaf02c64bf73a7df12cd5fea6b52632c73,86,src/main/java/com/tuoman/ai_task_orchestrator/dto/EmbeddingCacheMetricsResponse.java,c861bed083e94b9f33cef2ba0e1e3d702877945e,a434af0dcf8d33230eaabd3f0654809dfd2238bbc674b88dcd03ebacf6a01031,261,13,1-13,FULL_FILE,DROP,FEATURE-EVALUATION,RISK-MUTABLE-UNBOUNDED-CONTRACT,DROP-SPECULATIVE-CONTRACT,SEMANTIC-NONE,NO,EVIDENCE-NONE,FLOW-API-CONTRACT;FLOW-EVALUATION
0df22ddaf02c64bf73a7df12cd5fea6b52632c73,87,src/main/java/com/tuoman/ai_task_orchestrator/dto/IngestionAnalyticsResponse.java,2a7bbb6a053733c7640c40d84e293d1f01cf417f,b2dfc72427ed377a1ce3ba4e74aad2311c4eb6153aa5298b4dd3702afb198b18,804,39,1-39,FULL_FILE,DROP,FEATURE-INGESTION,RISK-MUTABLE-UNBOUNDED-CONTRACT,DROP-SPECULATIVE-CONTRACT,SEMANTIC-JOB-FENCE,NO,EVIDENCE-NONE,FLOW-API-CONTRACT;FLOW-INGESTION-DUAL-WRITE
0df22ddaf02c64bf73a7df12cd5fea6b52632c73,88,src/main/java/com/tuoman/ai_task_orchestrator/dto/IngestionFailureReasonResponse.java,ace333a0d91fa896b189c7bba08f6728223f1a6d,9049b531befaea41d31626f7dafb0ee24c047f5ae0062511d5f153a6081539a1,274,15,1-15,FULL_FILE,DROP,FEATURE-INGESTION,RISK-MUTABLE-UNBOUNDED-CONTRACT,DROP-SPECULATIVE-CONTRACT,SEMANTIC-JOB-FENCE,NO,EVIDENCE-NONE,FLOW-API-CONTRACT;FLOW-INGESTION-DUAL-WRITE
0df22ddaf02c64bf73a7df12cd5fea6b52632c73,89,src/main/java/com/tuoman/ai_task_orchestrator/dto/IngestionRecentFailureResponse.java,af91249fa2c5fa31e0a218b96d76c42872623cd1,bb1730eb126feb2d59e560c759b385a05200b278cfd42963e21d260edfa654c7,469,27,1-27,FULL_FILE,DROP,FEATURE-INGESTION,RISK-MUTABLE-UNBOUNDED-CONTRACT,DROP-SPECULATIVE-CONTRACT,SEMANTIC-JOB-FENCE,NO,EVIDENCE-NONE,FLOW-API-CONTRACT;FLOW-INGESTION-DUAL-WRITE
0df22ddaf02c64bf73a7df12cd5fea6b52632c73,90,src/main/java/com/tuoman/ai_task_orchestrator/dto/IngestionSlowTaskResponse.java,fe05672049d3901533277a574e607e4fe9343647,d8f8f4224be14a802b52f108d72068f3569b238f1200d23629792d7dc3ab5240,486,27,1-27,FULL_FILE,DROP,FEATURE-INGESTION,RISK-MUTABLE-UNBOUNDED-CONTRACT,DROP-SPECULATIVE-CONTRACT,SEMANTIC-JOB-FENCE,NO,EVIDENCE-NONE,FLOW-API-CONTRACT;FLOW-INGESTION-DUAL-WRITE
0df22ddaf02c64bf73a7df12cd5fea6b52632c73,91,src/main/java/com/tuoman/ai_task_orchestrator/dto/IngestionStageDurationResponse.java,0c79bd7d28e718fdaffeba5c4c5424112ea7623b,d3cfbbade254df0e531367397b341b44e6e82ed8a9ea6a6e8942c35af642011f,310,17,1-17,FULL_FILE,DROP,FEATURE-INGESTION,RISK-MUTABLE-UNBOUNDED-CONTRACT,DROP-SPECULATIVE-CONTRACT,SEMANTIC-JOB-FENCE,NO,EVIDENCE-NONE,FLOW-API-CONTRACT;FLOW-INGESTION-DUAL-WRITE
0df22ddaf02c64bf73a7df12cd5fea6b52632c73,92,src/main/java/com/tuoman/ai_task_orchestrator/dto/MemoryRequest.java,7e71aae24ac686298636f7fcffa1c166971a8406,0688a1dd4aee6bac81d657b334c1c0f2376ed45de25deb2aa5c38e8257fcd010,1664,70,1-70,FULL_FILE,DROP,FEATURE-MEMORY,RISK-MUTABLE-UNBOUNDED-CONTRACT,DROP-SPECULATIVE-CONTRACT,SEMANTIC-MEMORY-LATER,NO,EVIDENCE-NONE,FLOW-API-CONTRACT;FLOW-MEMORY
0df22ddaf02c64bf73a7df12cd5fea6b52632c73,93,src/main/java/com/tuoman/ai_task_orchestrator/dto/MemoryResponse.java,d25285f425d03d3417c5b8d5aa06ea3e64a88810,ae9701b50d00b6194872e9722c40ca6d944b15ac3925853aade49212233ca283,1191,39,1-39,FULL_FILE,DROP,FEATURE-MEMORY,RISK-MUTABLE-UNBOUNDED-CONTRACT,DROP-SPECULATIVE-CONTRACT,SEMANTIC-MEMORY-LATER,NO,EVIDENCE-NONE,FLOW-API-CONTRACT;FLOW-MEMORY
0df22ddaf02c64bf73a7df12cd5fea6b52632c73,94,src/main/java/com/tuoman/ai_task_orchestrator/dto/ModelProviderConfigRequest.java,bdf54caab5ccdec32b2d7122b82ca471cb8b4e93,c022e21df2f407643bc9323a8c7186d0a192510245a4f58b5a81f86c251d591f,946,42,1-42,FULL_FILE,DROP,FEATURE-PROVIDER,RISK-MUTABLE-UNBOUNDED-CONTRACT,DROP-SPECULATIVE-CONTRACT,SEMANTIC-PROVIDER-EGRESS,NO,EVIDENCE-NONE,FLOW-API-CONTRACT;FLOW-PROVIDER-EGRESS
0df22ddaf02c64bf73a7df12cd5fea6b52632c73,95,src/main/java/com/tuoman/ai_task_orchestrator/dto/ModelProviderConfigResponse.java,687c59b55f30c566ab1e1841df79575a5d82be0d,17601aa41dc692034bceeb34c14e571a4b4d20418805fe5a872f81661de6a2a9,992,47,1-47,FULL_FILE,DROP,FEATURE-PROVIDER,RISK-MUTABLE-UNBOUNDED-CONTRACT,DROP-SPECULATIVE-CONTRACT,SEMANTIC-PROVIDER-EGRESS,NO,EVIDENCE-NONE,FLOW-API-CONTRACT;FLOW-PROVIDER-EGRESS
0df22ddaf02c64bf73a7df12cd5fea6b52632c73,96,src/main/java/com/tuoman/ai_task_orchestrator/dto/ModelProviderCurrentStatusResponse.java,71beca9398aeea7971eeb2db2fdd494816f57513,17725b6ba4e70ff536262942843f10937bfc2e1a83aecc0b22c3999d9c0f06dd,644,31,1-31,FULL_FILE,DROP,FEATURE-PROVIDER,RISK-MUTABLE-UNBOUNDED-CONTRACT,DROP-SPECULATIVE-CONTRACT,SEMANTIC-PROVIDER-EGRESS,NO,EVIDENCE-NONE,FLOW-API-CONTRACT;FLOW-PROVIDER-EGRESS
0df22ddaf02c64bf73a7df12cd5fea6b52632c73,97,src/main/java/com/tuoman/ai_task_orchestrator/dto/ModelProviderPresetResponse.java,1c5d9505c7971b1df5ed42fde989a6bc13d8b91a,d810f7fff55aef0418f25e6eb3fe2d065e2e0824c4e3cf0caa75b5654d3d0662,539,26,1-26,FULL_FILE,DROP,FEATURE-PROVIDER,RISK-MUTABLE-UNBOUNDED-CONTRACT,DROP-SPECULATIVE-CONTRACT,SEMANTIC-PROVIDER-EGRESS,NO,EVIDENCE-NONE,FLOW-API-CONTRACT;FLOW-PROVIDER-EGRESS
0df22ddaf02c64bf73a7df12cd5fea6b52632c73,98,src/main/java/com/tuoman/ai_task_orchestrator/dto/ModelProviderTestResultResponse.java,af463d3c86b91edf33ec2be142f451be8a55d61c,42dc70dff45b3324da8ceb99f20334198ea8310e2cb42bca516448802639798a,548,23,1-23,FULL_FILE,DROP,FEATURE-PROVIDER,RISK-MUTABLE-UNBOUNDED-CONTRACT,DROP-SPECULATIVE-CONTRACT,SEMANTIC-PROVIDER-EGRESS,NO,EVIDENCE-NONE,FLOW-API-CONTRACT;FLOW-PROVIDER-EGRESS
0df22ddaf02c64bf73a7df12cd5fea6b52632c73,99,src/main/java/com/tuoman/ai_task_orchestrator/dto/NotificationResponse.java,0b4194c07088b2ced07003e5c55a9ed01b64f69b,d7c60e031e18231e6863e1865ece5244a437389f4ac3c82cd2fc551db0d04436,498,31,1-31,FULL_FILE,DROP,FEATURE-NOTIFICATION,RISK-MUTABLE-UNBOUNDED-CONTRACT,DROP-SPECULATIVE-CONTRACT,SEMANTIC-NONE,NO,EVIDENCE-NONE,FLOW-API-CONTRACT;FLOW-NOTIFICATION
0df22ddaf02c64bf73a7df12cd5fea6b52632c73,100,src/main/java/com/tuoman/ai_task_orchestrator/dto/RagAnswerRequest.java,ac7dffb596ecb164c1aa4abaddb0710c8f324959,02ff991f30c62fbcfa9865d1aff17d477a5abb6283dbd2cb8654b80255a09e60,1115,41,1-41,FULL_FILE,DROP,FEATURE-RAG,RISK-MUTABLE-UNBOUNDED-CONTRACT,DROP-SPECULATIVE-CONTRACT,SEMANTIC-CITATION-FINAL-CONTEXT,NO,EVIDENCE-NONE,FLOW-API-CONTRACT;FLOW-RAG-ANSWER
0df22ddaf02c64bf73a7df12cd5fea6b52632c73,101,src/main/java/com/tuoman/ai_task_orchestrator/dto/RagAnswerResponse.java,c1d471c2da94c6ad04da82c92b81c1a3f3b2af0f,fef2c91c941d6a5f041f6950ed53b3b2c53bff62a06d6f2aef910447daf78967,3122,92,1-92,FULL_FILE,DROP,FEATURE-RAG,RISK-MUTABLE-UNBOUNDED-CONTRACT,DROP-SPECULATIVE-CONTRACT,SEMANTIC-CITATION-FINAL-CONTEXT,NO,EVIDENCE-NONE,FLOW-API-CONTRACT;FLOW-RAG-ANSWER
0df22ddaf02c64bf73a7df12cd5fea6b52632c73,102,src/main/java/com/tuoman/ai_task_orchestrator/dto/RagCitationResponse.java,e4e3a62e61a06415d59c18bef04d45fa7d39da58,17e3aa97f19de9f76f7afef37067b15b12c1f8c2fac61dcd2ddfdf9a314b9b56,5144,208,1-208,FULL_FILE,DROP,FEATURE-RAG,RISK-MUTABLE-UNBOUNDED-CONTRACT,DROP-SPECULATIVE-CONTRACT,SEMANTIC-CITATION-FINAL-CONTEXT,NO,EVIDENCE-NONE,FLOW-API-CONTRACT;FLOW-RAG-ANSWER
0df22ddaf02c64bf73a7df12cd5fea6b52632c73,103,src/main/java/com/tuoman/ai_task_orchestrator/dto/RagGenerationMetadataResponse.java,0186404a1149ec9d19a74b5f18ba99c85eee4af5,8e9039caa7119ac08234c456b983e3501fe5a6c9098e1cf4831b10d42c8afa82,867,40,1-40,FULL_FILE,DROP,FEATURE-RAG,RISK-MUTABLE-UNBOUNDED-CONTRACT,DROP-SPECULATIVE-CONTRACT,SEMANTIC-CITATION-FINAL-CONTEXT,NO,EVIDENCE-NONE,FLOW-API-CONTRACT;FLOW-RAG-ANSWER
0df22ddaf02c64bf73a7df12cd5fea6b52632c73,104,src/main/java/com/tuoman/ai_task_orchestrator/dto/RagQualityDiagnosisResponse.java,21e4e19c23bc5c421e7956b6cc8174b74f28a71b,e6337e16eca2a0a969a6902c30405d25c390982f9d2b79757ef8d08b59432b39,437,19,1-19,FULL_FILE,DROP,FEATURE-RAG,RISK-MUTABLE-UNBOUNDED-CONTRACT,DROP-SPECULATIVE-CONTRACT,SEMANTIC-CITATION-FINAL-CONTEXT,NO,EVIDENCE-NONE,FLOW-API-CONTRACT;FLOW-RAG-ANSWER
0df22ddaf02c64bf73a7df12cd5fea6b52632c73,105,src/main/java/com/tuoman/ai_task_orchestrator/dto/RagQualityIssueResponse.java,37f295e4e4c3fb004350a55eb5fb860d0e19f0d5,214ebf61766c572ab8850dc1a2d7ac91b745873914557919acf1fa8d47cb1dc2,498,26,1-26,FULL_FILE,DROP,FEATURE-RAG,RISK-MUTABLE-UNBOUNDED-CONTRACT,DROP-SPECULATIVE-CONTRACT,SEMANTIC-CITATION-FINAL-CONTEXT,NO,EVIDENCE-NONE,FLOW-API-CONTRACT;FLOW-RAG-ANSWER
0df22ddaf02c64bf73a7df12cd5fea6b52632c73,106,src/main/java/com/tuoman/ai_task_orchestrator/dto/RagQualityScoreResponse.java,dbb8bac1fc6d8655561d14bafc8415dd9b7a639b,bb84ed340e13aca77c9ea907f5c003294bb58489804c6141146bd9266f6eeff5,922,41,1-41,FULL_FILE,DROP,FEATURE-RAG,RISK-MUTABLE-UNBOUNDED-CONTRACT,DROP-SPECULATIVE-CONTRACT,SEMANTIC-CITATION-FINAL-CONTEXT,NO,EVIDENCE-NONE,FLOW-API-CONTRACT;FLOW-RAG-ANSWER
0df22ddaf02c64bf73a7df12cd5fea6b52632c73,107,src/main/java/com/tuoman/ai_task_orchestrator/dto/RagQualitySuggestionResponse.java,a0dc7a99852f9e291923f79dbe70228207b04deb,c8086fce6cf212539fefd7932e4e89e0c850d49a4f99ac0d8a9b670fa9830e2c,391,19,1-19,FULL_FILE,DROP,FEATURE-RAG,RISK-MUTABLE-UNBOUNDED-CONTRACT,DROP-SPECULATIVE-CONTRACT,SEMANTIC-CITATION-FINAL-CONTEXT,NO,EVIDENCE-NONE,FLOW-API-CONTRACT;FLOW-RAG-ANSWER
0df22ddaf02c64bf73a7df12cd5fea6b52632c73,108,src/main/java/com/tuoman/ai_task_orchestrator/dto/RagRetrievalMetadataResponse.java,0dda8d65fc7384492087391e0d1bece7aeb1711e,a176485549a827a018ecc42bc6abdfca29e516c2d9caed0fc76503d9d07d36f6,3938,166,1-166,FULL_FILE,DROP,FEATURE-RAG,RISK-MUTABLE-UNBOUNDED-CONTRACT,DROP-SPECULATIVE-CONTRACT,SEMANTIC-CITATION-FINAL-CONTEXT,NO,EVIDENCE-NONE,FLOW-API-CONTRACT;FLOW-RAG-ANSWER
0df22ddaf02c64bf73a7df12cd5fea6b52632c73,109,src/main/java/com/tuoman/ai_task_orchestrator/dto/RetrievalBulkReindexRequest.java,d277ad8f9721c0b9395d500f805e057991b92bf9,968e42ae78d7e292923889ad822fe8d6da24ae782f6d5037e8ed423118a0a50b,383,21,1-21,FULL_FILE,DROP,FEATURE-RETRIEVAL,RISK-MUTABLE-UNBOUNDED-CONTRACT,DROP-SPECULATIVE-CONTRACT,SEMANTIC-SCOPE-NO-WIDEN,NO,EVIDENCE-NONE,FLOW-API-CONTRACT;FLOW-RAG-SCOPE
0df22ddaf02c64bf73a7df12cd5fea6b52632c73,110,src/main/java/com/tuoman/ai_task_orchestrator/dto/RetrievalEvaluationCaseRequest.java,2ee1a4b5109e0c14de063d26d0c3a573ab31ed3f,3fa9f4262587405534648ff3e510e0134e3d34d26b01f2347d94ccc4282f92cc,276,17,1-17,FULL_FILE,DROP,FEATURE-EVALUATION,RISK-MUTABLE-UNBOUNDED-CONTRACT,DROP-SPECULATIVE-CONTRACT,SEMANTIC-NONE,NO,EVIDENCE-NONE,FLOW-API-CONTRACT;FLOW-EVALUATION
0df22ddaf02c64bf73a7df12cd5fea6b52632c73,111,src/main/java/com/tuoman/ai_task_orchestrator/dto/RetrievalEvaluationCaseResultResponse.java,b4eecb38e72f5c695d1b89a44be34571b601e8d7,75d753b8a0f787e265120ace6e1aad3ad43ab4983816e8105d3ecbd591dceb57,431,21,1-21,FULL_FILE,DROP,FEATURE-EVALUATION,RISK-MUTABLE-UNBOUNDED-CONTRACT,DROP-SPECULATIVE-CONTRACT,SEMANTIC-NONE,NO,EVIDENCE-NONE,FLOW-API-CONTRACT;FLOW-EVALUATION
0df22ddaf02c64bf73a7df12cd5fea6b52632c73,112,src/main/java/com/tuoman/ai_task_orchestrator/dto/RetrievalEvaluationRequest.java,bc71d10ab2872d12654270f09f25e7a2025297d2,649f731da306d4b0a96fd05f74fd483b8b2e1805aee54f67ebb2a0932b06791c,301,17,1-17,FULL_FILE,DROP,FEATURE-EVALUATION,RISK-MUTABLE-UNBOUNDED-CONTRACT,DROP-SPECULATIVE-CONTRACT,SEMANTIC-NONE,NO,EVIDENCE-NONE,FLOW-API-CONTRACT;FLOW-EVALUATION
0df22ddaf02c64bf73a7df12cd5fea6b52632c73,113,src/main/java/com/tuoman/ai_task_orchestrator/dto/RetrievalEvaluationResponse.java,213e9fee8562a5f981e62c3b3adc8108d5258fac,c24e7d054433687d99c070a1fea966ba5551420272f25f18284fd569f115a2af,428,21,1-21,FULL_FILE,DROP,FEATURE-EVALUATION,RISK-MUTABLE-UNBOUNDED-CONTRACT,DROP-SPECULATIVE-CONTRACT,SEMANTIC-NONE,NO,EVIDENCE-NONE,FLOW-API-CONTRACT;FLOW-EVALUATION
0df22ddaf02c64bf73a7df12cd5fea6b52632c73,114,src/main/java/com/tuoman/ai_task_orchestrator/dto/RetrievalEvaluationSummaryResponse.java,6d28d6f6f0def7459dff12fda514e8b6432cfb77,171d189c711da7631986d24cbc8314bc0eaf6acb0fae2e42d0728df1a1044707,399,23,1-23,FULL_FILE,DROP,FEATURE-EVALUATION,RISK-MUTABLE-UNBOUNDED-CONTRACT,DROP-SPECULATIVE-CONTRACT,SEMANTIC-NONE,NO,EVIDENCE-NONE,FLOW-API-CONTRACT;FLOW-EVALUATION
0df22ddaf02c64bf73a7df12cd5fea6b52632c73,115,src/main/java/com/tuoman/ai_task_orchestrator/dto/RetrievalMetricAtKResponse.java,e34acf8918ea7cc9a92aa49c4fca4a42b91d12e0,635d65c2bd24e7825a06fcb0b6ce2fa0ed85cfd419f1342181027628967c5356,391,23,1-23,FULL_FILE,DROP,FEATURE-EVALUATION,RISK-MUTABLE-UNBOUNDED-CONTRACT,DROP-SPECULATIVE-CONTRACT,SEMANTIC-NONE,NO,EVIDENCE-NONE,FLOW-API-CONTRACT;FLOW-EVALUATION
0df22ddaf02c64bf73a7df12cd5fea6b52632c73,116,src/main/java/com/tuoman/ai_task_orchestrator/dto/RetrievalSettingsResponse.java,92cce3476b71b9631c75f515258b09d229c075a9,f3822e93bf8fdff3950b523343c0d27c4bd9d76c43a5a3cbc94b9fc206296adc,855,45,1-45,FULL_FILE,DROP,FEATURE-RETRIEVAL,RISK-MUTABLE-UNBOUNDED-CONTRACT,DROP-SPECULATIVE-CONTRACT,SEMANTIC-SCOPE-NO-WIDEN,NO,EVIDENCE-NONE,FLOW-API-CONTRACT;FLOW-RAG-SCOPE
0df22ddaf02c64bf73a7df12cd5fea6b52632c73,117,src/main/java/com/tuoman/ai_task_orchestrator/dto/RetrievedChunkEvaluationResponse.java,b7363e5e5a733bb6daf6627c1c48cf5521429ae1,87760fb5da5b3bf35ea9fe01adbba5aef61a2d495ff77be37329c5be14610130,392,23,1-23,FULL_FILE,DROP,FEATURE-EVALUATION,RISK-MUTABLE-UNBOUNDED-CONTRACT,DROP-SPECULATIVE-CONTRACT,SEMANTIC-NONE,NO,EVIDENCE-NONE,FLOW-API-CONTRACT;FLOW-EVALUATION
0df22ddaf02c64bf73a7df12cd5fea6b52632c73,118,src/main/java/com/tuoman/ai_task_orchestrator/dto/RuntimeStatusResponse.java,79db3448478a03335cbc9386567fbc3bdef7ee3f,fc275927da690c9635f258a5d5bf93b7966ea82f8ec663dccf167d603f1b5af6,714,35,1-35,FULL_FILE,DROP,FEATURE-RUNTIME,RISK-MUTABLE-UNBOUNDED-CONTRACT,DROP-SPECULATIVE-CONTRACT,SEMANTIC-ERROR-REDACTION,NO,EVIDENCE-NONE,FLOW-API-CONTRACT;FLOW-RUNTIME-PROBE
0df22ddaf02c64bf73a7df12cd5fea6b52632c73,119,src/main/java/com/tuoman/ai_task_orchestrator/dto/RuntimeTestResponse.java,a71090ae7c1e839dc0fb7c9d3257f61981609b30,448a20951b54bc3091919d9e213fab8d8ba2bee9782361a0234fe442bb4af55e,313,19,1-19,FULL_FILE,DROP,FEATURE-RUNTIME,RISK-MUTABLE-UNBOUNDED-CONTRACT,DROP-SPECULATIVE-CONTRACT,SEMANTIC-ERROR-REDACTION,NO,EVIDENCE-NONE,FLOW-API-CONTRACT;FLOW-RUNTIME-PROBE
0df22ddaf02c64bf73a7df12cd5fea6b52632c73,120,src/main/java/com/tuoman/ai_task_orchestrator/dto/SaveAgentTaskMemoryRequest.java,d935e75149227154e531a463b4bdd7cf88888f68,215cea6526edf4c57167627ec6f1e39067588ea8a6bbee42e6dc1fa209729628,607,27,1-27,FULL_FILE,DROP,FEATURE-AGENT,RISK-MUTABLE-UNBOUNDED-CONTRACT,DROP-SPECULATIVE-CONTRACT,SEMANTIC-MEMORY-LATER,NO,EVIDENCE-NONE,FLOW-API-CONTRACT;FLOW-AGENT
0df22ddaf02c64bf73a7df12cd5fea6b52632c73,121,src/main/java/com/tuoman/ai_task_orchestrator/dto/StorageSummaryResponse.java,29cb62e3c10d483bb36c9842a66c5866e3ff6939,2a30e4a82e9b710549aaa8c29cc85a8b721f76e0c25aabdf153e12d9b405a530,719,37,1-37,FULL_FILE,DROP,FEATURE-RAG,RISK-MUTABLE-UNBOUNDED-CONTRACT,DROP-SPECULATIVE-CONTRACT,SEMANTIC-CITATION-FINAL-CONTEXT,NO,EVIDENCE-NONE,FLOW-API-CONTRACT;FLOW-RAG-ANSWER
0df22ddaf02c64bf73a7df12cd5fea6b52632c73,122,src/main/java/com/tuoman/ai_task_orchestrator/dto/TaskAttemptResponse.java,916332340d4554502b520bf68698d04df89ecf13,acb6b077377cf483fa1dab826203a4e6ee399a86e0aed4f5ee7b044d690af825,863,46,1-46,FULL_FILE,DROP,FEATURE-TASK,RISK-MUTABLE-UNBOUNDED-CONTRACT,DROP-SPECULATIVE-CONTRACT,SEMANTIC-JOB-CLAIM-CAS,NO,EVIDENCE-NONE,FLOW-API-CONTRACT;FLOW-TASK-OUTBOX
0df22ddaf02c64bf73a7df12cd5fea6b52632c73,123,src/main/java/com/tuoman/ai_task_orchestrator/dto/TaskDetailResponse.java,a4ed70a3b59e7db2d0c79709f3c401e258fd6f89,8bca6ec385f7243e606ae47eedcc69ca413d30434f4dbcd026466287baa58305,986,54,1-54,FULL_FILE,DROP,FEATURE-TASK,RISK-MUTABLE-UNBOUNDED-CONTRACT,DROP-SPECULATIVE-CONTRACT,SEMANTIC-JOB-CLAIM-CAS,NO,EVIDENCE-NONE,FLOW-API-CONTRACT;FLOW-TASK-OUTBOX
0df22ddaf02c64bf73a7df12cd5fea6b52632c73,124,src/main/java/com/tuoman/ai_task_orchestrator/dto/TaskOutputChunkResponse.java,57b823bb3917fcd942508b5b4fbe96b5d43de4ee,eae4e7c17d20f0b5cf5d57520dae3c08a36ce2244d62d2f6edf2bf402b0458e7,353,21,1-21,FULL_FILE,DROP,FEATURE-DOCUMENT,RISK-MUTABLE-UNBOUNDED-CONTRACT,DROP-SPECULATIVE-CONTRACT,SEMANTIC-RUNE-SAFE-CHUNKING,NO,EVIDENCE-NONE,FLOW-API-CONTRACT;FLOW-DOCUMENT-INGESTION
0df22ddaf02c64bf73a7df12cd5fea6b52632c73,125,src/main/java/com/tuoman/ai_task_orchestrator/dto/TrashCleanupResponse.java,f551cecbde0cab8b7fbddad9265de0d68a50f665,65bd9296bb71f97d43309490be5322e5a2f7cc2078e723e5af2029435b40b08b,260,15,1-15,FULL_FILE,DROP,FEATURE-LIFECYCLE,RISK-MUTABLE-UNBOUNDED-CONTRACT,DROP-SPECULATIVE-CONTRACT,SEMANTIC-PURGE-VERIFICATION,NO,EVIDENCE-NONE,FLOW-API-CONTRACT;FLOW-LIFECYCLE-PURGE
0df22ddaf02c64bf73a7df12cd5fea6b52632c73,126,src/main/java/com/tuoman/ai_task_orchestrator/dto/UnreadNotificationCountResponse.java,ed067a86eb69f86b770620b10c60514019c52824,5a8bf9ae85b55e172d2594574c65cf44f5d6aa6e39b7b9a13d644e02252121db,211,11,1-11,FULL_FILE,DROP,FEATURE-NOTIFICATION,RISK-MUTABLE-UNBOUNDED-CONTRACT,DROP-SPECULATIVE-CONTRACT,SEMANTIC-NONE,NO,EVIDENCE-NONE,FLOW-API-CONTRACT;FLOW-NOTIFICATION
0df22ddaf02c64bf73a7df12cd5fea6b52632c73,127,src/main/java/com/tuoman/ai_task_orchestrator/dto/UpdateTaskStatusRequest.java,b0ecd73048f4ed4182edea3f39e0e89675c71010,264c3c969826d6eeb89632df394288b94ca354fe9334fcc8e2c56f2f4fdc0b86,359,17,1-17,FULL_FILE,DROP,FEATURE-TASK,RISK-MUTABLE-UNBOUNDED-CONTRACT,DROP-SPECULATIVE-CONTRACT,SEMANTIC-JOB-CLAIM-CAS,NO,EVIDENCE-NONE,FLOW-API-CONTRACT;FLOW-TASK-OUTBOX
0df22ddaf02c64bf73a7df12cd5fea6b52632c73,128,src/main/java/com/tuoman/ai_task_orchestrator/dto/UploadBatchDetailResponse.java,7286693839b7eb018f461a692dfdbf846626fa2b,e7a29f48b97107cf8393397c9abe5078ee35a15e7db462b52ea5b911749500f4,295,15,1-15,FULL_FILE,DROP,FEATURE-BATCH,RISK-MUTABLE-UNBOUNDED-CONTRACT,DROP-SPECULATIVE-CONTRACT,SEMANTIC-ATOMIC-ENQUEUE,NO,EVIDENCE-NONE,FLOW-API-CONTRACT;FLOW-BATCH
0df22ddaf02c64bf73a7df12cd5fea6b52632c73,129,src/main/java/com/tuoman/ai_task_orchestrator/dto/UploadBatchItemResponse.java,b847cd3ba8e21a7c325d0d9f993c62ba653d7b8b,da94de2ba8f2f35f3a10d02ebeb6eae17e6d526007f38b250b6abf1b28b7d8f0,761,45,1-45,FULL_FILE,DROP,FEATURE-BATCH,RISK-MUTABLE-UNBOUNDED-CONTRACT,DROP-SPECULATIVE-CONTRACT,SEMANTIC-ATOMIC-ENQUEUE,NO,EVIDENCE-NONE,FLOW-API-CONTRACT;FLOW-BATCH
0df22ddaf02c64bf73a7df12cd5fea6b52632c73,130,src/main/java/com/tuoman/ai_task_orchestrator/dto/UploadBatchSummaryResponse.java,4a9786614ebd6ab34215986d3954815ea48ee4ec,4dd51ce0b5a8b5fe02039cc95efc0c3a0352ab15e16d587c7c4a0878b60c6f66,755,45,1-45,FULL_FILE,DROP,FEATURE-BATCH,RISK-MUTABLE-UNBOUNDED-CONTRACT,DROP-SPECULATIVE-CONTRACT,SEMANTIC-ATOMIC-ENQUEUE,NO,EVIDENCE-NONE,FLOW-API-CONTRACT;FLOW-BATCH
0df22ddaf02c64bf73a7df12cd5fea6b52632c73,131,src/main/java/com/tuoman/ai_task_orchestrator/dto/VectorCleanupResponse.java,5c66e418f3d27998447c96a86e0abf9adfcaf86a,2362551989ee93c4ed8bbdbe4c0ef4ab16e24bc593dd5189a7aec86775944c52,397,17,1-17,FULL_FILE,DROP,FEATURE-VECTOR,RISK-MUTABLE-UNBOUNDED-CONTRACT,DROP-SPECULATIVE-CONTRACT,SEMANTIC-ACTIVE-GENERATION,NO,EVIDENCE-NONE,FLOW-API-CONTRACT;FLOW-VECTOR-WRITE
0df22ddaf02c64bf73a7df12cd5fea6b52632c73,132,src/main/java/com/tuoman/ai_task_orchestrator/dto/VectorIndexAuditIssueResponse.java,e4f0dd360c26a2836b69a9cc080cc3941c2e0d13,aa3238142b8ea4a4f1a7086431249f97b857a241394fc6490f6b3aaf50aaf57b,469,18,1-18,FULL_FILE,DROP,FEATURE-VECTOR,RISK-MUTABLE-UNBOUNDED-CONTRACT,DROP-SPECULATIVE-CONTRACT,SEMANTIC-ACTIVE-GENERATION,NO,EVIDENCE-NONE,FLOW-API-CONTRACT;FLOW-VECTOR-WRITE
0df22ddaf02c64bf73a7df12cd5fea6b52632c73,133,src/main/java/com/tuoman/ai_task_orchestrator/dto/VectorIndexAuditRequest.java,4a89daf5c8399d65d465afb53459327033bfd01e,1f9a573a91166f2dd23bf03ee014eb425ea1bd271b6bf98c126818ca1f2253b4,238,12,1-12,FULL_FILE,DROP,FEATURE-VECTOR,RISK-MUTABLE-UNBOUNDED-CONTRACT,DROP-SPECULATIVE-CONTRACT,SEMANTIC-ACTIVE-GENERATION,NO,EVIDENCE-NONE,FLOW-API-CONTRACT;FLOW-VECTOR-WRITE
0df22ddaf02c64bf73a7df12cd5fea6b52632c73,134,src/main/java/com/tuoman/ai_task_orchestrator/dto/VectorIndexAuditRunResponse.java,88cc825f2a7f95dd449904253a5360518d34f5e1,67c2e7e41334349c67bd0e14d7ae55b65f5799e42aa86e2c85fa069d61e4ae05,481,19,1-19,FULL_FILE,DROP,FEATURE-VECTOR,RISK-MUTABLE-UNBOUNDED-CONTRACT,DROP-SPECULATIVE-CONTRACT,SEMANTIC-ACTIVE-GENERATION,NO,EVIDENCE-NONE,FLOW-API-CONTRACT;FLOW-VECTOR-WRITE
0df22ddaf02c64bf73a7df12cd5fea6b52632c73,135,src/main/java/com/tuoman/ai_task_orchestrator/dto/VectorIndexSummaryResponse.java,493bc53d9a97998d04b7e03ec502b551c5301667,2783d19cf937687b7635a075c8447492a9f6632563c470a12dce62ed406ebef0,509,19,1-19,FULL_FILE,DROP,FEATURE-VECTOR,RISK-MUTABLE-UNBOUNDED-CONTRACT,DROP-SPECULATIVE-CONTRACT,SEMANTIC-ACTIVE-GENERATION,NO,EVIDENCE-NONE,FLOW-API-CONTRACT;FLOW-VECTOR-WRITE
0df22ddaf02c64bf73a7df12cd5fea6b52632c73,136,src/main/java/com/tuoman/ai_task_orchestrator/dto/kbhealth/CompareRagEvaluationRunsRequest.java,43438731f7cc1cd3a11c99263b66d16fd1a45015,5ed99bb98cbf49e4deee02120e8bcb1b31566ab5a259b8eab76d65065203fde0,232,13,1-13,FULL_FILE,DROP,FEATURE-RAG,RISK-MUTABLE-UNBOUNDED-CONTRACT,DROP-SPECULATIVE-CONTRACT,SEMANTIC-CITATION-FINAL-CONTEXT,NO,EVIDENCE-NONE,FLOW-API-CONTRACT;FLOW-RAG-ANSWER
0df22ddaf02c64bf73a7df12cd5fea6b52632c73,137,src/main/java/com/tuoman/ai_task_orchestrator/dto/kbhealth/CompareRagEvaluationRunsResponse.java,e42f939baa076e32bc0be562a4c8bc495999772b,a60f5a0ff8746a04d3cea2cd175ae8560478347b8d7cd0dada8cc026cf0af34b,544,28,1-28,FULL_FILE,DROP,FEATURE-RAG,RISK-MUTABLE-UNBOUNDED-CONTRACT,DROP-SPECULATIVE-CONTRACT,SEMANTIC-CITATION-FINAL-CONTEXT,NO,EVIDENCE-NONE,FLOW-API-CONTRACT;FLOW-RAG-ANSWER
0df22ddaf02c64bf73a7df12cd5fea6b52632c73,138,src/main/java/com/tuoman/ai_task_orchestrator/dto/kbhealth/CreateRagEvaluationDatasetRequest.java,5acbc1a66ca9c26dfc365b1e0728e3aa30de01cb,5ac9bbabb86eee2eff89dae8409711ae59b13346c65b6806060a7417d70126dd,507,21,1-21,FULL_FILE,DROP,FEATURE-RAG,RISK-MUTABLE-UNBOUNDED-CONTRACT,DROP-SPECULATIVE-CONTRACT,SEMANTIC-CITATION-FINAL-CONTEXT,NO,EVIDENCE-NONE,FLOW-API-CONTRACT;FLOW-RAG-ANSWER
0df22ddaf02c64bf73a7df12cd5fea6b52632c73,139,src/main/java/com/tuoman/ai_task_orchestrator/dto/kbhealth/CreateRagEvaluationRunRequest.java,518f7d9425e886b67e411b1be8e5f83b7edb5ff5,f879990baff0bca0f2c39c51a5c075b6f093578c4f480659e112e9d52a6fbb72,765,35,1-35,FULL_FILE,DROP,FEATURE-RAG,RISK-MUTABLE-UNBOUNDED-CONTRACT,DROP-SPECULATIVE-CONTRACT,SEMANTIC-CITATION-FINAL-CONTEXT,NO,EVIDENCE-NONE,FLOW-API-CONTRACT;FLOW-RAG-ANSWER
0df22ddaf02c64bf73a7df12cd5fea6b52632c73,140,src/main/java/com/tuoman/ai_task_orchestrator/dto/kbhealth/ImportRagEvaluationCasesRequest.java,9b270628d6500e8ac1304e0e40974a5a3fd884db,8da5cd5729319a15b04161d9115543b524ab3ba2ec7160162245267799f00021,222,13,1-13,FULL_FILE,DROP,FEATURE-RAG,RISK-MUTABLE-UNBOUNDED-CONTRACT,DROP-SPECULATIVE-CONTRACT,SEMANTIC-CITATION-FINAL-CONTEXT,NO,EVIDENCE-NONE,FLOW-API-CONTRACT;FLOW-RAG-ANSWER
0df22ddaf02c64bf73a7df12cd5fea6b52632c73,141,src/main/java/com/tuoman/ai_task_orchestrator/dto/kbhealth/ImportRagEvaluationCasesResponse.java,9c2dec7bffaa4d06d16e82d62f8659cde51aa1ae,11d4784ec98c4bb15094141c3f2e5f6429b143e98fdb6293d3cb87891e9f43af,370,21,1-21,FULL_FILE,DROP,FEATURE-RAG,RISK-MUTABLE-UNBOUNDED-CONTRACT,DROP-SPECULATIVE-CONTRACT,SEMANTIC-CITATION-FINAL-CONTEXT,NO,EVIDENCE-NONE,FLOW-API-CONTRACT;FLOW-RAG-ANSWER
0df22ddaf02c64bf73a7df12cd5fea6b52632c73,142,src/main/java/com/tuoman/ai_task_orchestrator/dto/kbhealth/RagEvaluationCaseResponse.java,dd1f40af850313d198bbde847e65f6c325b93aa8,a7a1c7fa9128d7a923b0080ea56049a305c7b306720ded157a4ef63e5258b8f5,984,50,1-50,FULL_FILE,DROP,FEATURE-RAG,RISK-MUTABLE-UNBOUNDED-CONTRACT,DROP-SPECULATIVE-CONTRACT,SEMANTIC-CITATION-FINAL-CONTEXT,NO,EVIDENCE-NONE,FLOW-API-CONTRACT;FLOW-RAG-ANSWER
0df22ddaf02c64bf73a7df12cd5fea6b52632c73,143,src/main/java/com/tuoman/ai_task_orchestrator/dto/kbhealth/RagEvaluationCaseResultResponse.java,e4865578c63e90867d7bcb239499a54b8ca7bf37,2f5346e7d06a4adff535b26d32ee4b39f9654b6fc86e72f44fafafe99ce63f6a,1058,47,1-47,FULL_FILE,DROP,FEATURE-RAG,RISK-MUTABLE-UNBOUNDED-CONTRACT,DROP-SPECULATIVE-CONTRACT,SEMANTIC-CITATION-FINAL-CONTEXT,NO,EVIDENCE-NONE,FLOW-API-CONTRACT;FLOW-RAG-ANSWER
0df22ddaf02c64bf73a7df12cd5fea6b52632c73,144,src/main/java/com/tuoman/ai_task_orchestrator/dto/kbhealth/RagEvaluationDatasetResponse.java,dc99abcc0ce84998b6d9d221ce27043c6cfec96e,2b6b02ac4ad660f9653a98585c628e21125b327553a89108724fa7c447cedac1,740,33,1-33,FULL_FILE,DROP,FEATURE-RAG,RISK-MUTABLE-UNBOUNDED-CONTRACT,DROP-SPECULATIVE-CONTRACT,SEMANTIC-CITATION-FINAL-CONTEXT,NO,EVIDENCE-NONE,FLOW-API-CONTRACT;FLOW-RAG-ANSWER
0df22ddaf02c64bf73a7df12cd5fea6b52632c73,145,src/main/java/com/tuoman/ai_task_orchestrator/dto/kbhealth/RagEvaluationRunResponse.java,c240e087075f414db9056c51692f6bbf2659cf47,284a33f3577c57505f9249d01d5ae3d26b0423163ebe2e0a12b772ffac07d6a5,1340,61,1-61,FULL_FILE,DROP,FEATURE-RAG,RISK-MUTABLE-UNBOUNDED-CONTRACT,DROP-SPECULATIVE-CONTRACT,SEMANTIC-CITATION-FINAL-CONTEXT,NO,EVIDENCE-NONE,FLOW-API-CONTRACT;FLOW-RAG-ANSWER
0df22ddaf02c64bf73a7df12cd5fea6b52632c73,146,src/main/java/com/tuoman/ai_task_orchestrator/dto/kbhealth/UpdateRagEvaluationCaseRequest.java,2542b7904f1221f58f20fc5154b859719bcd3909,3a027b83d0e67e045e2107843718575888c27eaf1999cca708954c8a39c4bd78,778,39,1-39,FULL_FILE,DROP,FEATURE-RAG,RISK-MUTABLE-UNBOUNDED-CONTRACT,DROP-SPECULATIVE-CONTRACT,SEMANTIC-CITATION-FINAL-CONTEXT,NO,EVIDENCE-NONE,FLOW-API-CONTRACT;FLOW-RAG-ANSWER
0df22ddaf02c64bf73a7df12cd5fea6b52632c73,147,src/main/java/com/tuoman/ai_task_orchestrator/enums/AgentTaskEventStatus.java,13aa5e0ee4d0d6d5da96d357df1633a62298a378,6d7df83df61126f8276ce282d3c787dbdcd96fc045b926ce83f55d7e454cd53b,124,7,1-7,FULL_FILE,DROP,FEATURE-AGENT,RISK-STATE-MACHINE-SPLIT,DROP-STATE-MACHINE-UNSOUND,SEMANTIC-MEMORY-LATER,NO,EVIDENCE-NONE,FLOW-STATE-CONTRACT;FLOW-AGENT
0df22ddaf02c64bf73a7df12cd5fea6b52632c73,148,src/main/java/com/tuoman/ai_task_orchestrator/enums/AgentTaskEventType.java,2f62b7ccd722a0253f462ff485870b6de093d461,806b768b62b03499272d7e7f4a488616f8cb98d13027c55e255b65aaa91fd2e5,443,20,1-20,FULL_FILE,DROP,FEATURE-AGENT,RISK-STATE-MACHINE-SPLIT,DROP-STATE-MACHINE-UNSOUND,SEMANTIC-MEMORY-LATER,NO,EVIDENCE-NONE,FLOW-STATE-CONTRACT;FLOW-AGENT
0df22ddaf02c64bf73a7df12cd5fea6b52632c73,149,src/main/java/com/tuoman/ai_task_orchestrator/enums/AgentTaskStatus.java,ff14b0641fd0d9d30b21e735c2fd1e689166bfa9,a944f901662dab0901d76810ec616ede446958801305f5a7a3210a74aeca8540,146,9,1-9,FULL_FILE,DROP,FEATURE-AGENT,RISK-STATE-MACHINE-SPLIT,DROP-STATE-MACHINE-UNSOUND,SEMANTIC-MEMORY-LATER,NO,EVIDENCE-NONE,FLOW-STATE-CONTRACT;FLOW-AGENT
0df22ddaf02c64bf73a7df12cd5fea6b52632c73,150,src/main/java/com/tuoman/ai_task_orchestrator/enums/AgentTaskStep.java,c93bf915247dc0b83971d51abf5c408d7b4fc215,c3543243ab9f26405e4c71d2a7a31daf09259f00dad0cd9a18cfa7c80e278fa1,155,10,1-10,FULL_FILE,DROP,FEATURE-AGENT,RISK-STATE-MACHINE-SPLIT,DROP-STATE-MACHINE-UNSOUND,SEMANTIC-MEMORY-LATER,NO,EVIDENCE-NONE,FLOW-STATE-CONTRACT;FLOW-AGENT
0df22ddaf02c64bf73a7df12cd5fea6b52632c73,151,src/main/java/com/tuoman/ai_task_orchestrator/enums/AgentTaskStepStatus.java,48a3fb3b29b2260092c048f0ec7c6a668dbd93a0,9a7e86c214367ef81f1d446a52b113c7942dce93ef6ad20d7f159f6c82a57281,149,9,1-9,FULL_FILE,DROP,FEATURE-AGENT,RISK-STATE-MACHINE-SPLIT,DROP-STATE-MACHINE-UNSOUND,SEMANTIC-MEMORY-LATER,NO,EVIDENCE-NONE,FLOW-STATE-CONTRACT;FLOW-AGENT
0df22ddaf02c64bf73a7df12cd5fea6b52632c73,152,src/main/java/com/tuoman/ai_task_orchestrator/enums/AgentTaskStepType.java,ad589ef8d71407a609c8d010e42b59679b6771a2,180e7df9d69130e5aea5dc1ef88ce911137ec726b10bb9ee869629e7ab9166cb,134,7,1-7,FULL_FILE,DROP,FEATURE-AGENT,RISK-STATE-MACHINE-SPLIT,DROP-STATE-MACHINE-UNSOUND,SEMANTIC-MEMORY-LATER,NO,EVIDENCE-NONE,FLOW-STATE-CONTRACT;FLOW-AGENT
0df22ddaf02c64bf73a7df12cd5fea6b52632c73,153,src/main/java/com/tuoman/ai_task_orchestrator/enums/ChunkMetadataStatus.java,94a7e96badfb02373592ae87536809c0b6286678,be89a40607423fbad09c19c73c3689aeffa8b326bb478d79404269cac31c9c80,147,9,1-9,FULL_FILE,DROP,FEATURE-DOCUMENT,RISK-STATE-MACHINE-SPLIT,DROP-STATE-MACHINE-UNSOUND,SEMANTIC-RUNE-SAFE-CHUNKING,NO,EVIDENCE-NONE,FLOW-STATE-CONTRACT;FLOW-DOCUMENT-INGESTION
0df22ddaf02c64bf73a7df12cd5fea6b52632c73,154,src/main/java/com/tuoman/ai_task_orchestrator/enums/ChunkStatus.java,82695ef9b06222c934fe3d2195f2a24c5c790d7f,837e10bdb40e79d3034174804f26540ae3a46af240316f5aa1d675beb485025c,103,6,1-6,FULL_FILE,DROP,FEATURE-DOCUMENT,RISK-STATE-MACHINE-SPLIT,DROP-STATE-MACHINE-UNSOUND,SEMANTIC-RUNE-SAFE-CHUNKING,NO,EVIDENCE-NONE,FLOW-STATE-CONTRACT;FLOW-DOCUMENT-INGESTION
0df22ddaf02c64bf73a7df12cd5fea6b52632c73,155,src/main/java/com/tuoman/ai_task_orchestrator/enums/ChunkType.java,3fa5b7bdd463328166f849cb2c9e669a43e6d763,cd89a726bc6a83eb241088ea25678b2c18e93cedb55ab78e04bffc85d055142d,190,13,1-13,FULL_FILE,DROP,FEATURE-DOCUMENT,RISK-STATE-MACHINE-SPLIT,DROP-STATE-MACHINE-UNSOUND,SEMANTIC-RUNE-SAFE-CHUNKING,NO,EVIDENCE-NONE,FLOW-STATE-CONTRACT;FLOW-DOCUMENT-INGESTION
0df22ddaf02c64bf73a7df12cd5fea6b52632c73,156,src/main/java/com/tuoman/ai_task_orchestrator/enums/ChunkingStrategy.java,1907d145c8178ffbfd49bd33898ef1b8ba7087aa,ef86e82a6b946d54f08f072f59823d9f17a0a9312a2f1ceeb0ce274369773b10,166,8,1-8,FULL_FILE,DROP,FEATURE-DOCUMENT,RISK-STATE-MACHINE-SPLIT,DROP-STATE-MACHINE-UNSOUND,SEMANTIC-RUNE-SAFE-CHUNKING,NO,EVIDENCE-NONE,FLOW-STATE-CONTRACT;FLOW-DOCUMENT-INGESTION
0df22ddaf02c64bf73a7df12cd5fea6b52632c73,157,src/main/java/com/tuoman/ai_task_orchestrator/enums/CollectionStatus.java,4d9a436e54dcdba397f3c79282a5eb6179af9dad,1e49880d944178cd403a2cbb5ec213e0ceac54f97970739a4d4eb6f9b6e140db,92,5,1-5,FULL_FILE,DROP,FEATURE-COLLECTION,RISK-STATE-MACHINE-SPLIT,DROP-STATE-MACHINE-UNSOUND,SEMANTIC-SCOPE-NO-WIDEN,NO,EVIDENCE-NONE,FLOW-STATE-CONTRACT;FLOW-RAG-SCOPE
0df22ddaf02c64bf73a7df12cd5fea6b52632c73,158,src/main/java/com/tuoman/ai_task_orchestrator/enums/ContextExpansionStrategy.java,cac70d82bf17fe08d48a38d190ca6b61226bcbe6,b715bb84cf5bbb836838d1b2c7ee3a02ff09a45738128a6032488a88c842963c,149,8,1-8,FULL_FILE,DROP,FEATURE-SHARED-CONTRACT,RISK-STATE-MACHINE-SPLIT,DROP-STATE-MACHINE-UNSOUND,SEMANTIC-NONE,NO,EVIDENCE-NONE,FLOW-STATE-CONTRACT;FLOW-API-CONTRACT
0df22ddaf02c64bf73a7df12cd5fea6b52632c73,159,src/main/java/com/tuoman/ai_task_orchestrator/enums/DocumentDocType.java,46307ec140a28008083c87afe4e9dc56ed117449,d3b20a59dc51a4322bf319dd79f752d07f760abb5c04e0f54d2993f9169628a3,226,14,1-14,FULL_FILE,DROP,FEATURE-DOCUMENT,RISK-STATE-MACHINE-SPLIT,DROP-STATE-MACHINE-UNSOUND,SEMANTIC-RUNE-SAFE-CHUNKING,NO,EVIDENCE-NONE,FLOW-STATE-CONTRACT;FLOW-DOCUMENT-INGESTION
0df22ddaf02c64bf73a7df12cd5fea6b52632c73,160,src/main/java/com/tuoman/ai_task_orchestrator/enums/DocumentLifecycleStatus.java,fe4f7b864a48d44f23f216d513a4b7b7abc8cd4b,3518a4affb632134f37df0a882f574609e6f00193ebb94463d35ffd436f50135,200,11,1-11,FULL_FILE,DROP,FEATURE-LIFECYCLE,RISK-STATE-MACHINE-SPLIT,DROP-STATE-MACHINE-UNSOUND,SEMANTIC-PURGE-VERIFICATION,NO,EVIDENCE-NONE,FLOW-STATE-CONTRACT;FLOW-LIFECYCLE-PURGE
0df22ddaf02c64bf73a7df12cd5fea6b52632c73,161,src/main/java/com/tuoman/ai_task_orchestrator/enums/DocumentPurgeStatus.java,aa0b39cf7f4dcb1df87057596fd77344d91605ae,4c5adba64a054632bd5d9f5e4be3f4c557a5d0190952ce44fa2488c02c7648d9,130,8,1-8,FULL_FILE,DROP,FEATURE-LIFECYCLE,RISK-STATE-MACHINE-SPLIT,DROP-STATE-MACHINE-UNSOUND,SEMANTIC-PURGE-VERIFICATION,NO,EVIDENCE-NONE,FLOW-STATE-CONTRACT;FLOW-LIFECYCLE-PURGE
0df22ddaf02c64bf73a7df12cd5fea6b52632c73,162,src/main/java/com/tuoman/ai_task_orchestrator/enums/DocumentStatus.java,d35b46e10597e544b8c13f291d1886833cdbeff0,9e683190e7a4c39463a8f6a569baf92af68a48e90ec182783cff913311bb5fd4,128,8,1-8,FULL_FILE,DROP,FEATURE-DOCUMENT,RISK-STATE-MACHINE-SPLIT,DROP-STATE-MACHINE-UNSOUND,SEMANTIC-RUNE-SAFE-CHUNKING,NO,EVIDENCE-NONE,FLOW-STATE-CONTRACT;FLOW-DOCUMENT-INGESTION
0df22ddaf02c64bf73a7df12cd5fea6b52632c73,163,src/main/java/com/tuoman/ai_task_orchestrator/enums/DuplicatePolicy.java,8d430e01e15b0387e1e276e5ca88731059e7ebca,629fc050b02803542eebcdd5c04a8d27e104faf3ea59af67749e50d8705f3af4,126,7,1-7,FULL_FILE,DROP,FEATURE-SHARED-CONTRACT,RISK-STATE-MACHINE-SPLIT,DROP-STATE-MACHINE-UNSOUND,SEMANTIC-NONE,NO,EVIDENCE-NONE,FLOW-STATE-CONTRACT;FLOW-API-CONTRACT
0df22ddaf02c64bf73a7df12cd5fea6b52632c73,164,src/main/java/com/tuoman/ai_task_orchestrator/enums/IngestionEventStatus.java,0b01eee1925b530e4fab2facba02c03d8b75e165,3b270da885d9792e59acaaf48c661c4e506c3c23beb00011e10f2bb8e6764117,124,7,1-7,FULL_FILE,DROP,FEATURE-INGESTION,RISK-STATE-MACHINE-SPLIT,DROP-STATE-MACHINE-UNSOUND,SEMANTIC-JOB-FENCE,NO,EVIDENCE-NONE,FLOW-STATE-CONTRACT;FLOW-INGESTION-DUAL-WRITE
0df22ddaf02c64bf73a7df12cd5fea6b52632c73,165,src/main/java/com/tuoman/ai_task_orchestrator/enums/IngestionEventType.java,e6ad7c571c547e4fb0118bf3cd940e70b0205bab,70c848c8b9dd82af5ef51bdb7a2046789f87d89da0a7c0a7de47767f1ff5e073,838,35,1-35,FULL_FILE,DROP,FEATURE-INGESTION,RISK-STATE-MACHINE-SPLIT,DROP-STATE-MACHINE-UNSOUND,SEMANTIC-JOB-FENCE,NO,EVIDENCE-NONE,FLOW-STATE-CONTRACT;FLOW-INGESTION-DUAL-WRITE
0df22ddaf02c64bf73a7df12cd5fea6b52632c73,166,src/main/java/com/tuoman/ai_task_orchestrator/enums/IngestionTaskStatus.java,56222c60f8ef0f2c5aaea4c7326c13ef04fc73dd,d23962d2c5720b73cbbdf0ab5194304d13a180c0b2dee8597356c0d5bc1cf116,139,8,1-8,FULL_FILE,DROP,FEATURE-INGESTION,RISK-STATE-MACHINE-SPLIT,DROP-STATE-MACHINE-UNSOUND,SEMANTIC-JOB-FENCE,NO,EVIDENCE-NONE,FLOW-STATE-CONTRACT;FLOW-INGESTION-DUAL-WRITE
0df22ddaf02c64bf73a7df12cd5fea6b52632c73,167,src/main/java/com/tuoman/ai_task_orchestrator/enums/IngestionTaskStep.java,675d5d63e9354c814ef64e7c3c97691eac46e984,6b0158102536855f5a154eca2af2f26a53f38f35201291bb74959ef97c788928,191,11,1-11,FULL_FILE,DROP,FEATURE-INGESTION,RISK-STATE-MACHINE-SPLIT,DROP-STATE-MACHINE-UNSOUND,SEMANTIC-JOB-FENCE,NO,EVIDENCE-NONE,FLOW-STATE-CONTRACT;FLOW-INGESTION-DUAL-WRITE
0df22ddaf02c64bf73a7df12cd5fea6b52632c73,168,src/main/java/com/tuoman/ai_task_orchestrator/enums/IngestionTaskType.java,7cfe7d092d0d3bc8a3a04bd0814ef8b2cab200c1,794f334352720310c6058f52c2ccb8e0b185051dec5d23534b7dc50ae9151e8d,106,6,1-6,FULL_FILE,DROP,FEATURE-INGESTION,RISK-STATE-MACHINE-SPLIT,DROP-STATE-MACHINE-UNSOUND,SEMANTIC-JOB-FENCE,NO,EVIDENCE-NONE,FLOW-STATE-CONTRACT;FLOW-INGESTION-DUAL-WRITE
0df22ddaf02c64bf73a7df12cd5fea6b52632c73,169,src/main/java/com/tuoman/ai_task_orchestrator/enums/MemoryScope.java,80892a94487a11b6c6fb6892892cb4318af2daa7,aa8a48a19de17d0561f42265ebdb7e35ee2e48a5aff71fa94383e5af48de8ca3,131,9,1-9,FULL_FILE,DROP,FEATURE-MEMORY,RISK-STATE-MACHINE-SPLIT,DROP-STATE-MACHINE-UNSOUND,SEMANTIC-MEMORY-LATER,NO,EVIDENCE-NONE,FLOW-STATE-CONTRACT;FLOW-MEMORY
0df22ddaf02c64bf73a7df12cd5fea6b52632c73,170,src/main/java/com/tuoman/ai_task_orchestrator/enums/MemorySourceType.java,80988e59cbe06a916d72b30381f943a980d0fb3b,62b22d534cbeedff0c52d9dd3c1a41a755c7a3c6dac0de043aa48da00b59c3fb,186,10,1-10,FULL_FILE,DROP,FEATURE-MEMORY,RISK-STATE-MACHINE-SPLIT,DROP-STATE-MACHINE-UNSOUND,SEMANTIC-MEMORY-LATER,NO,EVIDENCE-NONE,FLOW-STATE-CONTRACT;FLOW-MEMORY
0df22ddaf02c64bf73a7df12cd5fea6b52632c73,171,src/main/java/com/tuoman/ai_task_orchestrator/enums/MemoryStatus.java,32120d074934318f6eb5c832cef8040c90d7421c,f8ef26b0d8ad139f24832ce8c5a59800e169574b466f2114f43de58df29bb1f3,144,9,1-9,FULL_FILE,DROP,FEATURE-MEMORY,RISK-STATE-MACHINE-SPLIT,DROP-STATE-MACHINE-UNSOUND,SEMANTIC-MEMORY-LATER,NO,EVIDENCE-NONE,FLOW-STATE-CONTRACT;FLOW-MEMORY
0df22ddaf02c64bf73a7df12cd5fea6b52632c73,172,src/main/java/com/tuoman/ai_task_orchestrator/enums/MemoryType.java,a15b98902b207f31d8d10a5c929c40098357c656,d49953bdeb48b04b2678d0e5159b2d87a7908a29a18020db78756f5d4292a190,231,14,1-14,FULL_FILE,DROP,FEATURE-MEMORY,RISK-STATE-MACHINE-SPLIT,DROP-STATE-MACHINE-UNSOUND,SEMANTIC-MEMORY-LATER,NO,EVIDENCE-NONE,FLOW-STATE-CONTRACT;FLOW-MEMORY
0df22ddaf02c64bf73a7df12cd5fea6b52632c73,173,src/main/java/com/tuoman/ai_task_orchestrator/enums/MemoryVisibility.java,6324d23d7e443bf8608df6d424f319d38539533f,ef7e48f2d613e181434b5af45f9acf22bb4ea5ba01b52c1165e553135c333518,117,7,1-7,FULL_FILE,DROP,FEATURE-MEMORY,RISK-STATE-MACHINE-SPLIT,DROP-STATE-MACHINE-UNSOUND,SEMANTIC-MEMORY-LATER,NO,EVIDENCE-NONE,FLOW-STATE-CONTRACT;FLOW-MEMORY
0df22ddaf02c64bf73a7df12cd5fea6b52632c73,174,src/main/java/com/tuoman/ai_task_orchestrator/enums/NotificationStatus.java,92365ccd38c022fd941dd5a90ea9c778eb00ee33,fd04e5494730a2d7a0211c4a9bb9e9a8cf6d38960c35030705f3692fa32e1c5a,104,6,1-6,FULL_FILE,DROP,FEATURE-NOTIFICATION,RISK-STATE-MACHINE-SPLIT,DROP-STATE-MACHINE-UNSOUND,SEMANTIC-NONE,NO,EVIDENCE-NONE,FLOW-STATE-CONTRACT;FLOW-NOTIFICATION
0df22ddaf02c64bf73a7df12cd5fea6b52632c73,175,src/main/java/com/tuoman/ai_task_orchestrator/enums/NotificationTargetType.java,a9260946eaaf9e2b89c6e77b2a94474bcc78ddf1,2050cf760e16fcbf9b7f935dd08719db032341afbf36364157099d6f727b31bb,104,5,1-5,FULL_FILE,DROP,FEATURE-NOTIFICATION,RISK-STATE-MACHINE-SPLIT,DROP-STATE-MACHINE-UNSOUND,SEMANTIC-NONE,NO,EVIDENCE-NONE,FLOW-STATE-CONTRACT;FLOW-NOTIFICATION
0df22ddaf02c64bf73a7df12cd5fea6b52632c73,176,src/main/java/com/tuoman/ai_task_orchestrator/enums/NotificationType.java,6ad56b14d4335a53b9f91327ed7286bd7da08b9d,0f1dc81c6641d4c0ac0c36a5f05c498f46ea31f2950263af1a5628627d88bb3f,246,11,1-11,FULL_FILE,DROP,FEATURE-NOTIFICATION,RISK-STATE-MACHINE-SPLIT,DROP-STATE-MACHINE-UNSOUND,SEMANTIC-NONE,NO,EVIDENCE-NONE,FLOW-STATE-CONTRACT;FLOW-NOTIFICATION
0df22ddaf02c64bf73a7df12cd5fea6b52632c73,177,src/main/java/com/tuoman/ai_task_orchestrator/enums/RetrievalFusionStrategy.java,f8dd0574c37b74d0bb962555572b3f3cedb5fc29,838a7a59b89c0012fd3bd4528a4b5d77806e591c8e645e8ba32ed8c3e8fb8f4f,151,8,1-8,FULL_FILE,DROP,FEATURE-RETRIEVAL,RISK-STATE-MACHINE-SPLIT,DROP-STATE-MACHINE-UNSOUND,SEMANTIC-SCOPE-NO-WIDEN,NO,EVIDENCE-NONE,FLOW-STATE-CONTRACT;FLOW-RAG-SCOPE
0df22ddaf02c64bf73a7df12cd5fea6b52632c73,178,src/main/java/com/tuoman/ai_task_orchestrator/enums/RetrievalScopeType.java,53a7023e6b2f57a7d79df83427d02eb3218eb8c0,27a431afa1a050a8973cb4e7b1ea69e219a192670ee57240ef99230c14336621,117,6,1-6,FULL_FILE,DROP,FEATURE-RETRIEVAL,RISK-STATE-MACHINE-SPLIT,DROP-STATE-MACHINE-UNSOUND,SEMANTIC-SCOPE-NO-WIDEN,NO,EVIDENCE-NONE,FLOW-STATE-CONTRACT;FLOW-RAG-SCOPE
0df22ddaf02c64bf73a7df12cd5fea6b52632c73,179,src/main/java/com/tuoman/ai_task_orchestrator/enums/TaskAttemptStatus.java,da6cf6d1489b5cf2262848f7d8961840fc870b5f,5e9a7a2698406a3216f725e8e2d2f99b81efd9fd98e1926cf98e207bcc2db3e1,147,9,1-9,FULL_FILE,DROP,FEATURE-TASK,RISK-STATE-MACHINE-SPLIT,DROP-STATE-MACHINE-UNSOUND,SEMANTIC-JOB-CLAIM-CAS,NO,EVIDENCE-NONE,FLOW-STATE-CONTRACT;FLOW-TASK-OUTBOX
0df22ddaf02c64bf73a7df12cd5fea6b52632c73,180,src/main/java/com/tuoman/ai_task_orchestrator/enums/TaskEventType.java,d50d08b2f9f518db5e307c27a502fb969f495cd3,a0af0ba8a211601e6f453f2a476d961b8162a1b185ee61bd3f9affc886408342,117,9,1-9,FULL_FILE,DROP,FEATURE-TASK,RISK-STATE-MACHINE-SPLIT,DROP-STATE-MACHINE-UNSOUND,SEMANTIC-JOB-CLAIM-CAS,NO,EVIDENCE-NONE,FLOW-STATE-CONTRACT;FLOW-TASK-OUTBOX
0df22ddaf02c64bf73a7df12cd5fea6b52632c73,181,src/main/java/com/tuoman/ai_task_orchestrator/enums/TaskOutboxStatus.java,7285325c0339cc4302b7fe54b59b1d2e17b4e8e7,47de3cde0cbc24040c0a6a09190af43dda98de4ecfb443e1354ed5950848226a,131,8,1-8,FULL_FILE,DROP,FEATURE-TASK,RISK-STATE-MACHINE-SPLIT,DROP-STATE-MACHINE-UNSOUND,SEMANTIC-JOB-CLAIM-CAS,NO,EVIDENCE-NONE,FLOW-STATE-CONTRACT;FLOW-TASK-OUTBOX
0df22ddaf02c64bf73a7df12cd5fea6b52632c73,182,src/main/java/com/tuoman/ai_task_orchestrator/enums/TaskStatus.java,66119bf80487e24d32f1291f645c246ac2a568e9,388cf1bef183f81ba4cfd7faa4db129824736cf6703ddd06a3302a6685771a4d,169,16,1-16,FULL_FILE,DROP,FEATURE-TASK,RISK-STATE-MACHINE-SPLIT,DROP-STATE-MACHINE-UNSOUND,SEMANTIC-JOB-CLAIM-CAS,NO,EVIDENCE-NONE,FLOW-STATE-CONTRACT;FLOW-TASK-OUTBOX
0df22ddaf02c64bf73a7df12cd5fea6b52632c73,183,src/main/java/com/tuoman/ai_task_orchestrator/enums/UploadBatchItemStatus.java,0635ffa565f40d1da2007d626d6bcede6d4a93bb,4dceb60e9aa8729d45446c0faf3378a3ffe385150b3f9ebb8f177e46ecca5760,245,13,1-13,FULL_FILE,DROP,FEATURE-BATCH,RISK-STATE-MACHINE-SPLIT,DROP-STATE-MACHINE-UNSOUND,SEMANTIC-ATOMIC-ENQUEUE,NO,EVIDENCE-NONE,FLOW-STATE-CONTRACT;FLOW-BATCH
0df22ddaf02c64bf73a7df12cd5fea6b52632c73,184,src/main/java/com/tuoman/ai_task_orchestrator/enums/UploadBatchStatus.java,8d1a544e0933e10ab01e1705f9afe3e8a443c818,6644db74e3c432efb2a4e7c88150145a4b04204dd9351489dceb87bb834c830f,205,12,1-12,FULL_FILE,DROP,FEATURE-BATCH,RISK-STATE-MACHINE-SPLIT,DROP-STATE-MACHINE-UNSOUND,SEMANTIC-ATOMIC-ENQUEUE,NO,EVIDENCE-NONE,FLOW-STATE-CONTRACT;FLOW-BATCH
0df22ddaf02c64bf73a7df12cd5fea6b52632c73,185,src/main/java/com/tuoman/ai_task_orchestrator/enums/VectorAuditIssueSeverity.java,a5415ff37165114a0fb61d9eaafa4ff967deff69,c96dcdc888a3e2e5b1df5b90821b3bb8798084dff53dbc18eb2fa8301ca7993a,125,7,1-7,FULL_FILE,DROP,FEATURE-VECTOR,RISK-STATE-MACHINE-SPLIT,DROP-STATE-MACHINE-UNSOUND,SEMANTIC-ACTIVE-GENERATION,NO,EVIDENCE-NONE,FLOW-STATE-CONTRACT;FLOW-VECTOR-WRITE
0df22ddaf02c64bf73a7df12cd5fea6b52632c73,186,src/main/java/com/tuoman/ai_task_orchestrator/enums/VectorAuditIssueType.java,cecab0a8e07f4ffa21e318c0d7fdbddb07924980,0a5413f077482f8cf5f0e42718749ffb5de76063c1b5a0a76ea852c67a399b18,324,13,1-13,FULL_FILE,DROP,FEATURE-VECTOR,RISK-STATE-MACHINE-SPLIT,DROP-STATE-MACHINE-UNSOUND,SEMANTIC-ACTIVE-GENERATION,NO,EVIDENCE-NONE,FLOW-STATE-CONTRACT;FLOW-VECTOR-WRITE
0df22ddaf02c64bf73a7df12cd5fea6b52632c73,187,src/main/java/com/tuoman/ai_task_orchestrator/enums/VectorAuditRunStatus.java,1d7dd8f795a969ca1392dbc64be36506c2f518c5,bdcd2816a486cfe1272730b392119ecbd0ba19453123c43b8dda971c0e940faf,124,7,1-7,FULL_FILE,DROP,FEATURE-VECTOR,RISK-STATE-MACHINE-SPLIT,DROP-STATE-MACHINE-UNSOUND,SEMANTIC-ACTIVE-GENERATION,NO,EVIDENCE-NONE,FLOW-STATE-CONTRACT;FLOW-VECTOR-WRITE
0df22ddaf02c64bf73a7df12cd5fea6b52632c73,188,src/main/java/com/tuoman/ai_task_orchestrator/enums/VectorAuditScopeType.java,d4c46f072de63232f40540c088543f28afc4f204,438bb6119789b9dfc0b77a2e9a258d32296dce5d87e3bbdea468a9842ef25254,123,7,1-7,FULL_FILE,DROP,FEATURE-VECTOR,RISK-STATE-MACHINE-SPLIT,DROP-STATE-MACHINE-UNSOUND,SEMANTIC-ACTIVE-GENERATION,NO,EVIDENCE-NONE,FLOW-STATE-CONTRACT;FLOW-VECTOR-WRITE
0df22ddaf02c64bf73a7df12cd5fea6b52632c73,189,src/main/java/com/tuoman/ai_task_orchestrator/enums/VectorGenerationStatus.java,9d9480eb776caebac3cb24366dfc0b8ba6e7eb77,9b471a1348daf0112c01aa529b766c67ce21e6301db40194a3b0078a49db0c0e,137,8,1-8,FULL_FILE,DROP,FEATURE-VECTOR,RISK-STATE-MACHINE-SPLIT,DROP-STATE-MACHINE-UNSOUND,SEMANTIC-ACTIVE-GENERATION,NO,EVIDENCE-NONE,FLOW-STATE-CONTRACT;FLOW-VECTOR-WRITE
0df22ddaf02c64bf73a7df12cd5fea6b52632c73,190,src/main/java/com/tuoman/ai_task_orchestrator/enums/VectorUpsertOperation.java,5290759938766da221119877f7bcda2bae1c360a,ed83e9cb6cb7dbe8f84557984851614374d2df8305dd5e4e69c29a53a98e0949,136,8,1-8,FULL_FILE,DROP,FEATURE-VECTOR,RISK-STATE-MACHINE-SPLIT,DROP-STATE-MACHINE-UNSOUND,SEMANTIC-ACTIVE-GENERATION,NO,EVIDENCE-NONE,FLOW-STATE-CONTRACT;FLOW-VECTOR-WRITE
0df22ddaf02c64bf73a7df12cd5fea6b52632c73,191,src/main/java/com/tuoman/ai_task_orchestrator/prompt/PromptTemplateRenderer.java,be8c68c9c16b89d138af88deced131c9317c209d,e7c66b203fe9078114cda40f61b2ddc54619dffae33ef63b8a127a7bee4f3349,1919,53,1-53,FULL_FILE,DROP,FEATURE-PROMPT,RISK-PROMPT-INJECTION,DROP-UNSAFE-BOUNDARY,SEMANTIC-BOUNDED-PROMPT,NO,EVIDENCE-NONE,FLOW-RAG-ANSWER
0df22ddaf02c64bf73a7df12cd5fea6b52632c73,192,src/main/java/com/tuoman/ai_task_orchestrator/service/AgentProfileService.java,6648c4ea5a8d0011c27aa156a4dd7789568ce3d8,10496e1d58a91ecc382531111a381c8e708e895cd6421cbabb3812ee234867e1,6560,154,1-154,FULL_FILE,DROP,FEATURE-AGENT,RISK-AGENT-UNFENCED,DROP-OUTSIDE-CORE,SEMANTIC-MEMORY-LATER,NO,EVIDENCE-NONE,FLOW-AGENT
0df22ddaf02c64bf73a7df12cd5fea6b52632c73,193,src/main/java/com/tuoman/ai_task_orchestrator/service/AgentTaskExecutor.java,1f6f4b90075eef8085a330327e5c6f5a4085996a,e1fce10e8c8b6a45dde0c3dc4b46176d23eb537bad7576b758fe65e278ccc12b,3821,94,1-94,FULL_FILE,DROP,FEATURE-AGENT,RISK-AGENT-UNFENCED,DROP-OUTSIDE-CORE,SEMANTIC-MEMORY-LATER,NO,EVIDENCE-NONE,FLOW-AGENT
0df22ddaf02c64bf73a7df12cd5fea6b52632c73,194,src/main/java/com/tuoman/ai_task_orchestrator/service/AgentTaskQueryService.java,b487e325d2175aeb17e1101583de2d6c69f8282d,71d5d54b7c3d974ddeef54a19c99e27f33855c4c42fd9d84ef7cafbde92c826c,7971,196,1-196,FULL_FILE,DROP,FEATURE-AGENT,RISK-AGENT-UNFENCED,DROP-OUTSIDE-CORE,SEMANTIC-MEMORY-LATER,NO,EVIDENCE-NONE,FLOW-AGENT
0df22ddaf02c64bf73a7df12cd5fea6b52632c73,195,src/main/java/com/tuoman/ai_task_orchestrator/service/AgentTaskService.java,6608fed2d1c94608ed8839bad383c2651467ae0a,beffe7587ba1d78ac13c501cd1f63455775c1c166d4de01da9f0700378885dbe,7416,151,1-151,FULL_FILE,DROP,FEATURE-AGENT,RISK-AGENT-UNFENCED,DROP-OUTSIDE-CORE,SEMANTIC-MEMORY-LATER,NO,EVIDENCE-NONE,FLOW-AGENT
0df22ddaf02c64bf73a7df12cd5fea6b52632c73,196,src/main/java/com/tuoman/ai_task_orchestrator/service/AgentTaskStepService.java,8005b62b5add4bfc588e9c1dc667289637c65683,a70c7f543db3ca12418359c7188be350bda1f7db14a678b02d60946c62c0582a,4916,121,1-121,FULL_FILE,DROP,FEATURE-AGENT,RISK-AGENT-UNFENCED,DROP-OUTSIDE-CORE,SEMANTIC-MEMORY-LATER,NO,EVIDENCE-NONE,FLOW-AGENT
0df22ddaf02c64bf73a7df12cd5fea6b52632c73,197,src/main/java/com/tuoman/ai_task_orchestrator/service/AgentTaskWorkflowService.java,441ebb411feae73e5321185dfc20c578a7625953,e5bb9ce94ce421136c930b6e0bddd07ef69c0fba30e5782c7a944483171c4412,19858,461,1-461,FULL_FILE,DROP,FEATURE-AGENT,RISK-AGENT-UNFENCED,DROP-OUTSIDE-CORE,SEMANTIC-MEMORY-LATER,NO,EVIDENCE-NONE,FLOW-AGENT
0df22ddaf02c64bf73a7df12cd5fea6b52632c73,198,src/main/java/com/tuoman/ai_task_orchestrator/service/AgentToolQueryService.java,1576187c0c9bdca9f2af6a79cbb3014de50dfed2,037126e64d7c66208891f65fdd48ef1a2161480a57404cdae9ca4067d6cd7989,1107,36,1-36,FULL_FILE,DROP,FEATURE-AGENT,RISK-AGENT-UNFENCED,DROP-OUTSIDE-CORE,SEMANTIC-MEMORY-LATER,NO,EVIDENCE-NONE,FLOW-AGENT
0df22ddaf02c64bf73a7df12cd5fea6b52632c73,199,src/main/java/com/tuoman/ai_task_orchestrator/service/AppRetrievalService.java,427388d09a14358de469f0acc326511ba100feb2,4ca8c3c8d2f5388de1655839acc43b0a4458336cc13fc3ef1a9e7dc4565a76dc,8751,182,1-182,FULL_FILE,DROP,FEATURE-RETRIEVAL,RISK-SCOPE-WIDEN,DROP-DUPLICATE-ARCHITECTURE,SEMANTIC-SCOPE-NO-WIDEN,NO,EVIDENCE-NONE,FLOW-RAG-SCOPE
0df22ddaf02c64bf73a7df12cd5fea6b52632c73,200,src/main/java/com/tuoman/ai_task_orchestrator/service/BatchItemIngestionRunner.java,c10dc88d55618bcaf77e09cb44efc8ce59bb6f8e,1bd7a621f4a906b660533fce4182fb114a81311a752261924e23865e3e7e20e4,3240,72,1-72,FULL_FILE,DROP,FEATURE-BATCH,RISK-BATCH-ATOMICITY,DROP-NONATOMIC-SIDE-EFFECT,SEMANTIC-ATOMIC-ENQUEUE,NO,EVIDENCE-NONE,FLOW-BATCH
0df22ddaf02c64bf73a7df12cd5fea6b52632c73,201,src/main/java/com/tuoman/ai_task_orchestrator/service/ChunkMetadataService.java,916fa1005b525fae068a876585c1090bb516609c,bede4e50334cc9a62181d7c9153f45931b51f8ed381d13541757c9257edeb06e,5312,134,1-134,FULL_FILE,DROP,FEATURE-DOCUMENT,RISK-DOCUMENT-BOUNDARY,DROP-UNSAFE-BOUNDARY,SEMANTIC-RUNE-SAFE-CHUNKING,NO,EVIDENCE-NONE,FLOW-DOCUMENT-INGESTION
0df22ddaf02c64bf73a7df12cd5fea6b52632c73,202,src/main/java/com/tuoman/ai_task_orchestrator/service/CollectionScopeService.java,1e19475627182caadd6f5ef3fbeff19b34e5d21a,fa8043d1b5a88290083c552f9ec7e4cbb07849febeb409d6670bb0ed7b743f45,5177,130,1-130,FULL_FILE,DROP,FEATURE-COLLECTION,RISK-SCOPE-WIDEN,DROP-DUPLICATE-ARCHITECTURE,SEMANTIC-SCOPE-NO-WIDEN,NO,EVIDENCE-NONE,FLOW-RAG-SCOPE
0df22ddaf02c64bf73a7df12cd5fea6b52632c73,203,src/main/java/com/tuoman/ai_task_orchestrator/service/CollectionService.java,9fce492a7b8f5627f543c529b7fc154ef4f83a3b,aa42a69a4116acb1a58b2db914316cce879ce7d160d0e4891380851f7e60e50f,8636,190,1-190,FULL_FILE,DROP,FEATURE-COLLECTION,RISK-SCOPE-WIDEN,DROP-DUPLICATE-ARCHITECTURE,SEMANTIC-SCOPE-NO-WIDEN,NO,EVIDENCE-NONE,FLOW-RAG-SCOPE
0df22ddaf02c64bf73a7df12cd5fea6b52632c73,204,src/main/java/com/tuoman/ai_task_orchestrator/service/DocumentEmbeddingService.java,c1066449941b9f6bec3729613ba2542e12c221d1,9aa8fb511b2e01c5fa98b388a23d96a86cfdabaf31a87a4bddb8c5ba75863ed6,11357,263,1-263,FULL_FILE,DROP,FEATURE-VECTOR,RISK-VECTOR-DESTRUCTIVE-WRITE,DROP-NONATOMIC-SIDE-EFFECT,SEMANTIC-ACTIVE-GENERATION,NO,EVIDENCE-NONE,FLOW-VECTOR-WRITE
0df22ddaf02c64bf73a7df12cd5fea6b52632c73,205,src/main/java/com/tuoman/ai_task_orchestrator/service/DocumentIngestionEventService.java,32c3155f37d4444b0ef759550a8a16c6904426f1,1eafa6cfead394b101f5170a0a583552cfb8d66e197202d9bd6d7fdb02041ef7,2604,59,1-59,FULL_FILE,DROP,FEATURE-INGESTION,RISK-INGESTION-DOUBLE-EXECUTION,DROP-NONATOMIC-SIDE-EFFECT,SEMANTIC-JOB-FENCE,NO,EVIDENCE-NONE,FLOW-INGESTION-DUAL-WRITE
0df22ddaf02c64bf73a7df12cd5fea6b52632c73,206,src/main/java/com/tuoman/ai_task_orchestrator/service/DocumentIngestionService.java,bedbcbf95e5632b8111bce41d91802688f2be931,1cdb397066c10d21806edc76b66c67475b0b83049942b956261eb6fd7bc51bd1,8262,179,1-179,FULL_FILE,DROP,FEATURE-INGESTION,RISK-INGESTION-DOUBLE-EXECUTION,DROP-NONATOMIC-SIDE-EFFECT,SEMANTIC-JOB-FENCE,NO,EVIDENCE-NONE,FLOW-INGESTION-DUAL-WRITE
0df22ddaf02c64bf73a7df12cd5fea6b52632c73,207,src/main/java/com/tuoman/ai_task_orchestrator/service/DocumentIngestionTaskHandler.java,255f47d558d8212c082db858fb423a1e2f0c0153,c4d05e9869cc31f1f2ee136c364552e7228b7f3bc479de436ff4d5866f80ab24,16502,366,1-366,FULL_FILE,DROP,FEATURE-INGESTION,RISK-INGESTION-DOUBLE-EXECUTION,DROP-NONATOMIC-SIDE-EFFECT,SEMANTIC-JOB-FENCE,NO,EVIDENCE-NONE,FLOW-INGESTION-DUAL-WRITE
0df22ddaf02c64bf73a7df12cd5fea6b52632c73,208,src/main/java/com/tuoman/ai_task_orchestrator/service/DocumentIngestionTaskProgressService.java,74ddb7f9ba0a05b459bad35fa831703c67d6b5bb,0ceb086cfef958d89e48e18bef438b253a4dff79dbedec2658ddb6cc60c5bc12,1535,34,1-34,FULL_FILE,DROP,FEATURE-INGESTION,RISK-INGESTION-DOUBLE-EXECUTION,DROP-NONATOMIC-SIDE-EFFECT,SEMANTIC-JOB-FENCE,NO,EVIDENCE-NONE,FLOW-INGESTION-DUAL-WRITE
0df22ddaf02c64bf73a7df12cd5fea6b52632c73,209,src/main/java/com/tuoman/ai_task_orchestrator/service/DocumentIngestionTaskService.java,eaf973f860b9f88a2b925bbbe8ce79551c0da9c4,e9f2c3ae48e76d5e3419c41f66a549b3c808b042d0d02d44e2c8c1651933dc0e,12662,278,1-278,FULL_FILE,DROP,FEATURE-INGESTION,RISK-INGESTION-DOUBLE-EXECUTION,DROP-NONATOMIC-SIDE-EFFECT,SEMANTIC-JOB-FENCE,NO,EVIDENCE-NONE,FLOW-INGESTION-DUAL-WRITE
0df22ddaf02c64bf73a7df12cd5fea6b52632c73,210,src/main/java/com/tuoman/ai_task_orchestrator/service/DocumentLifecycleFilterService.java,e79e516a767fdc95a59b316bf4d67b82c319e958,1804003d5b41c36cfa623ed9738b1cc9b4b1e760314e85230803bacaceb69079,6741,164,1-164,FULL_FILE,DROP,FEATURE-LIFECYCLE,RISK-SCOPE-WIDEN,DROP-NONATOMIC-SIDE-EFFECT,SEMANTIC-SCOPE-NO-WIDEN,NO,EVIDENCE-NONE,FLOW-RAG-SCOPE
0df22ddaf02c64bf73a7df12cd5fea6b52632c73,211,src/main/java/com/tuoman/ai_task_orchestrator/service/DocumentReindexService.java,a2df5dda9d36f52b53740ef9835a1a533472c96d,c155fbe66fbc49bae7da698cfb607c5a64050fe8c2188e31b12c8da37ac27632,6050,129,1-129,FULL_FILE,DROP,FEATURE-REINDEX,RISK-REINDEX-ACTIVE-LOSS,DROP-STATE-MACHINE-UNSOUND,SEMANTIC-ACTIVE-GENERATION,NO,EVIDENCE-NONE,FLOW-REINDEX-ACTIVE
0df22ddaf02c64bf73a7df12cd5fea6b52632c73,212,src/main/java/com/tuoman/ai_task_orchestrator/service/DocumentService.java,dc1cec3992b63bd6ed55e11aed4bbfe61646ad62,467b863425b202f7bece915510efbd8df912e7f9586afdfd63f5461a0b487569,16140,339,1-339,FULL_FILE,DROP,FEATURE-DOCUMENT,RISK-REINDEX-ACTIVE-LOSS,DROP-UNSAFE-BOUNDARY,SEMANTIC-ACTIVE-GENERATION,NO,EVIDENCE-NONE,FLOW-REINDEX-ACTIVE
0df22ddaf02c64bf73a7df12cd5fea6b52632c73,213,src/main/java/com/tuoman/ai_task_orchestrator/service/DocumentTrashService.java,1a7ed9194a8e99b2b15342a97bcc6081e3f165cf,3e0cf8c6165d262f29cd7654de75c01cdddf4decf46d3657d02878c8a56cbc79,10534,229,1-229,FULL_FILE,DROP,FEATURE-LIFECYCLE,RISK-PURGE-OUTCOME-UNCERTAIN,DROP-NONATOMIC-SIDE-EFFECT,SEMANTIC-PURGE-VERIFICATION,NO,EVIDENCE-NONE,FLOW-LIFECYCLE-PURGE
0df22ddaf02c64bf73a7df12cd5fea6b52632c73,214,src/main/java/com/tuoman/ai_task_orchestrator/service/IngestionAnalyticsService.java,4ff7c6769a7f0d4ae66d4b9eab4c398963ffb6e7,bdbf59535b434aef2f6ab53a9a360eb54887b322a1ac247a0533332dcd89b837,13141,287,1-287,FULL_FILE,DROP,FEATURE-INGESTION,RISK-INGESTION-DOUBLE-EXECUTION,DROP-NONATOMIC-SIDE-EFFECT,SEMANTIC-JOB-FENCE,NO,EVIDENCE-NONE,FLOW-INGESTION-DUAL-WRITE
0df22ddaf02c64bf73a7df12cd5fea6b52632c73,215,src/main/java/com/tuoman/ai_task_orchestrator/service/MemoryDiagnosticsService.java,a7572a37aa56e5baad00f71f2047aadd32de7311,04a3c0f9021ba23006a92114764a39317faa4064e0f873e48fb4d5062c0dc4aa,10016,213,1-213,FULL_FILE,DROP,FEATURE-MEMORY,RISK-MEMORY-NONCORE,DROP-OUTSIDE-CORE,SEMANTIC-MEMORY-LATER,NO,EVIDENCE-NONE,FLOW-MEMORY
0df22ddaf02c64bf73a7df12cd5fea6b52632c73,216,src/main/java/com/tuoman/ai_task_orchestrator/service/MemoryService.java,e73ed4e4c163189415e67401f8d92aaa36617f33,8940c22750d37efa8f76547c96a47c773e2a9c89faeb6a9b1594fbb858be5dcb,20855,460,1-460,FULL_FILE,DROP,FEATURE-MEMORY,RISK-MEMORY-NONCORE,DROP-OUTSIDE-CORE,SEMANTIC-MEMORY-LATER,NO,EVIDENCE-NONE,FLOW-MEMORY
0df22ddaf02c64bf73a7df12cd5fea6b52632c73,217,src/main/java/com/tuoman/ai_task_orchestrator/service/MetricsRecorder.java,0703b9002cd163b56e310fe0dcc6fbbf94ee46da,61d9d67f7c5f1f156c71728eac983960788284539551c7e3dd92e14e3019229a,834,32,1-32,FULL_FILE,DROP,FEATURE-EVALUATION,RISK-EVALUATION-INVALID,DROP-OUTSIDE-CORE,SEMANTIC-NONE,NO,EVIDENCE-NONE,FLOW-EVALUATION
0df22ddaf02c64bf73a7df12cd5fea6b52632c73,218,src/main/java/com/tuoman/ai_task_orchestrator/service/ModelProviderConfigService.java,d5525dfdc7be89914569a0eb96a97daa7f84b267,10bc9c317b0e54762ee92c6366b28bfeb7f55933539eb50d4f803de270900a0b,12745,285,1-285,FULL_FILE,DROP,FEATURE-PROVIDER,RISK-EGRESS-SSRF,DROP-UNSAFE-BOUNDARY,SEMANTIC-PROVIDER-EGRESS,NO,EVIDENCE-NONE,FLOW-PROVIDER-EGRESS
0df22ddaf02c64bf73a7df12cd5fea6b52632c73,219,src/main/java/com/tuoman/ai_task_orchestrator/service/ModelProviderSelectionService.java,c43b08f1b81f5d47ef8f0dd13cc1f7efc208c2c7,c941f6642605d9926e18584698822c3bb6bfccf34d11826e32922ffead49ae69,6883,155,1-155,FULL_FILE,DROP,FEATURE-PROVIDER,RISK-EGRESS-SSRF,DROP-UNSAFE-BOUNDARY,SEMANTIC-PROVIDER-EGRESS,NO,EVIDENCE-NONE,FLOW-PROVIDER-EGRESS
0df22ddaf02c64bf73a7df12cd5fea6b52632c73,220,src/main/java/com/tuoman/ai_task_orchestrator/service/ModelProviderTestService.java,679e872fabf33ccb2e0edbd4e64aad598703c777,6692b5d418aec2d3f13cca0911e6e85a46b57def490d3a8080af202863befbb8,6237,147,1-147,FULL_FILE,DROP,FEATURE-PROVIDER,RISK-EGRESS-SSRF,DROP-UNSAFE-BOUNDARY,SEMANTIC-PROVIDER-EGRESS,NO,EVIDENCE-NONE,FLOW-PROVIDER-EGRESS
0df22ddaf02c64bf73a7df12cd5fea6b52632c73,221,src/main/java/com/tuoman/ai_task_orchestrator/service/NotificationService.java,33516310f0c0f7f223a62dd1c132d236a9405403,476860270ef890c1955bafd280e9651bd54353153bd47b96e81afdc8df3375dc,5573,142,1-142,FULL_FILE,DROP,FEATURE-NOTIFICATION,RISK-CHECK-THEN-SAVE,DROP-OUTSIDE-CORE,SEMANTIC-NONE,NO,EVIDENCE-NONE,FLOW-NOTIFICATION
0df22ddaf02c64bf73a7df12cd5fea6b52632c73,222,src/main/java/com/tuoman/ai_task_orchestrator/service/RagAnswerService.java,4e7a0e00c2daecd5445dedc2b050e3056bbdce31,4594a773109d1c696c388f176e9912e6d867356e007b300c9bdbb5b9e14c953e,35342,772,1-772,FULL_FILE,DROP,FEATURE-RAG,RISK-RAG-UNTRUSTED-OUTPUT,DROP-UNSAFE-BOUNDARY,SEMANTIC-CITATION-FINAL-CONTEXT,NO,EVIDENCE-NONE,FLOW-RAG-ANSWER
0df22ddaf02c64bf73a7df12cd5fea6b52632c73,223,src/main/java/com/tuoman/ai_task_orchestrator/service/RagPromptBuilder.java,2f0f8c87badbdc1d629b246091a7da616c9b2d1b,7c4164d15d3d5c59f73c9159e2a3e95e9a4a1e27d5d84eb7f09960c28772babe,2467,57,1-57,FULL_FILE,DROP,FEATURE-RAG,RISK-PROMPT-INJECTION,DROP-UNSAFE-BOUNDARY,SEMANTIC-BOUNDED-PROMPT,NO,EVIDENCE-NONE,FLOW-RAG-ANSWER
0df22ddaf02c64bf73a7df12cd5fea6b52632c73,224,src/main/java/com/tuoman/ai_task_orchestrator/service/RetrievalEvaluationService.java,882b9ad479d0ee13397a743e1774c643470d9e5d,714ea2caaebd01de792b32c8e971cdb59e79474fec7bb88cebb3c1adff924b3f,9017,222,1-222,FULL_FILE,DROP,FEATURE-EVALUATION,RISK-EVALUATION-INVALID,DROP-OUTSIDE-CORE,SEMANTIC-NONE,NO,EVIDENCE-NONE,FLOW-EVALUATION
0df22ddaf02c64bf73a7df12cd5fea6b52632c73,225,src/main/java/com/tuoman/ai_task_orchestrator/service/RetrievalMetricsCalculator.java,62dc31c6deef08bde94fb4c7975bc265a0f59884,b5bb710ac1be7a3b851f9810661e7c38a3a402ef2a2dfc0b36f1f2f9590bd432,3731,108,1-108,FULL_FILE,DROP,FEATURE-EVALUATION,RISK-EVALUATION-INVALID,DROP-OUTSIDE-CORE,SEMANTIC-NONE,NO,EVIDENCE-NONE,FLOW-EVALUATION
0df22ddaf02c64bf73a7df12cd5fea6b52632c73,226,src/main/java/com/tuoman/ai_task_orchestrator/service/RetrievalReindexService.java,9295da9fc336d46638f00b2b6568379abbf7407e,abe160c44f0ee3a997a6f4468aa824038d1aafdc0afe92de42e572f64a515e14,4310,93,1-93,FULL_FILE,DROP,FEATURE-RETRIEVAL,RISK-SCOPE-WIDEN,DROP-DUPLICATE-ARCHITECTURE,SEMANTIC-SCOPE-NO-WIDEN,NO,EVIDENCE-NONE,FLOW-RAG-SCOPE
0df22ddaf02c64bf73a7df12cd5fea6b52632c73,227,src/main/java/com/tuoman/ai_task_orchestrator/service/RuntimeStatusService.java,6e15dbb2036a1f9e5cd8f8ed32bf8f060a83e538,c862c25cce55f742b077fdc28fe61ea4e08c995a3bd8269580ac438c8e13bf71,7046,166,1-166,FULL_FILE,DROP,FEATURE-RUNTIME,RISK-RAW-DIAGNOSTIC-LEAK,DROP-UNSAFE-BOUNDARY,SEMANTIC-ERROR-REDACTION,NO,EVIDENCE-NONE,FLOW-RUNTIME-PROBE
0df22ddaf02c64bf73a7df12cd5fea6b52632c73,228,src/main/java/com/tuoman/ai_task_orchestrator/service/RuntimeTestService.java,2384201a7baf213b0241b561ae47f5855d1037d4,1b0122d254de2fdc6e9b3e2b8174fbe2879fa3a854d6f74cab3f8c8265a406ef,4196,99,1-99,FULL_FILE,DROP,FEATURE-RUNTIME,RISK-RAW-DIAGNOSTIC-LEAK,DROP-UNSAFE-BOUNDARY,SEMANTIC-ERROR-REDACTION,NO,EVIDENCE-NONE,FLOW-RUNTIME-PROBE
0df22ddaf02c64bf73a7df12cd5fea6b52632c73,229,src/main/java/com/tuoman/ai_task_orchestrator/service/TaskAttemptService.java,2495466475403dcc8d7ec1da7d13d5b5984d61a6,41cfbaf093278f5f30a4d7ce92b3d592bdfb33dab4688b42d67a15c8dbeae261,8085,206,1-206,FULL_FILE,DROP,FEATURE-TASK,RISK-TASK-OUTCOME-UNCERTAIN,DROP-STATE-MACHINE-UNSOUND,SEMANTIC-JOB-CLAIM-CAS,NO,EVIDENCE-NONE,FLOW-TASK-OUTBOX
0df22ddaf02c64bf73a7df12cd5fea6b52632c73,230,src/main/java/com/tuoman/ai_task_orchestrator/service/TaskExecutionService.java,108e0e7844d073b0020f34cbfb37b52e8dc87ffe,4e07246dd5c478eecfc1ce2dccccbd803e19268d22611a34e7899060aafe5e51,11398,261,1-261,FULL_FILE,DROP,FEATURE-TASK,RISK-TASK-OUTCOME-UNCERTAIN,DROP-STATE-MACHINE-UNSOUND,SEMANTIC-JOB-CLAIM-CAS,NO,EVIDENCE-NONE,FLOW-TASK-OUTBOX
0df22ddaf02c64bf73a7df12cd5fea6b52632c73,231,src/main/java/com/tuoman/ai_task_orchestrator/service/TaskOutboxDispatchService.java,980e8d9d30d38e3113521a1b70967f4d11faf178,fb497244f3ef90d53c0ebac04beee1f549b1ffa8ceb2e6e2b639a975f01f40e5,4489,121,1-121,FULL_FILE,DROP,FEATURE-TASK,RISK-OUTBOX-STALE-WRITER,DROP-STATE-MACHINE-UNSOUND,SEMANTIC-JOB-FENCE,NO,EVIDENCE-NONE,FLOW-TASK-OUTBOX
0df22ddaf02c64bf73a7df12cd5fea6b52632c73,232,src/main/java/com/tuoman/ai_task_orchestrator/service/TaskOutboxService.java,9c75c65be0ffa0a2bbdb579d7e89ceecf7dc871d,19c379e523deabe9ec57cb57ff3ab6cd2e738d81025739298721fd589aa029a1,1498,38,1-38,FULL_FILE,DROP,FEATURE-TASK,RISK-OUTBOX-STALE-WRITER,DROP-STATE-MACHINE-UNSOUND,SEMANTIC-JOB-FENCE,NO,EVIDENCE-NONE,FLOW-TASK-OUTBOX
0df22ddaf02c64bf73a7df12cd5fea6b52632c73,233,src/main/java/com/tuoman/ai_task_orchestrator/service/TaskOutputChunkService.java,b68ac7bf6b8c391b6a82621757897b6fe130c546,1b4cd5cbe3475fbc79826ca9027a4b9c04989c01f63137bd051b0206cd1bd288,2245,68,1-68,FULL_FILE,DROP,FEATURE-DOCUMENT,RISK-DOCUMENT-BOUNDARY,DROP-UNSAFE-BOUNDARY,SEMANTIC-RUNE-SAFE-CHUNKING,NO,EVIDENCE-NONE,FLOW-DOCUMENT-INGESTION
0df22ddaf02c64bf73a7df12cd5fea6b52632c73,234,src/main/java/com/tuoman/ai_task_orchestrator/service/TaskService.java,36380857873512f40177fc927de8f26dbced5efc,a9d1eae71a534b8b9e739ace0471e37efd9720dfdb97c0f2b1d968bd8c314f2d,14655,419,1-419,FULL_FILE,DROP,FEATURE-TASK,RISK-TASK-OUTCOME-UNCERTAIN,DROP-STATE-MACHINE-UNSOUND,SEMANTIC-JOB-CLAIM-CAS,NO,EVIDENCE-NONE,FLOW-TASK-OUTBOX
0df22ddaf02c64bf73a7df12cd5fea6b52632c73,235,src/main/java/com/tuoman/ai_task_orchestrator/service/TrashCleanupService.java,91fa35e95f2d0557df52532e373f6257164b8b5a,e1c8f2b0c5ba94bac456da116130b3841fd632b50d0c2e8cd32e1a0f6e68c7be,2008,54,1-54,FULL_FILE,DROP,FEATURE-LIFECYCLE,RISK-PURGE-OUTCOME-UNCERTAIN,DROP-NONATOMIC-SIDE-EFFECT,SEMANTIC-PURGE-VERIFICATION,NO,EVIDENCE-NONE,FLOW-LIFECYCLE-PURGE
0df22ddaf02c64bf73a7df12cd5fea6b52632c73,236,src/main/java/com/tuoman/ai_task_orchestrator/service/UploadBatchService.java,25866471294c4ec91866841520ddd96a8b128552,a31dbe948b036a5bfecda7d035c6c96faeb7d9d26134f22eba3a2f422a0c6073,24674,540,1-540,FULL_FILE,DROP,FEATURE-BATCH,RISK-BATCH-ATOMICITY,DROP-NONATOMIC-SIDE-EFFECT,SEMANTIC-ATOMIC-ENQUEUE,NO,EVIDENCE-NONE,FLOW-BATCH
0df22ddaf02c64bf73a7df12cd5fea6b52632c73,237,src/main/java/com/tuoman/ai_task_orchestrator/service/kbhealth/RagEvaluationDatasetService.java,6981662dbd9ada92cdb5241bc64c8c887bb566f9,bf06e84420482e1ed98161b0008ec6cc2f2f771a69cf4975fa569e31a8f219f1,16311,361,1-361,FULL_FILE,DROP,FEATURE-RAG,RISK-EVALUATION-INVALID,DROP-UNSAFE-BOUNDARY,SEMANTIC-NONE,NO,EVIDENCE-NONE,FLOW-EVALUATION
0df22ddaf02c64bf73a7df12cd5fea6b52632c73,238,src/main/java/com/tuoman/ai_task_orchestrator/service/kbhealth/RagEvaluationRunService.java,136754d4223b13617d83dc5872204c88f2c2aa97,6f91bcf09c3de88fea0806313eb7f0cd5133f7c48584ca2677f02ef1918b5fe5,31063,635,1-635,FULL_FILE,DROP,FEATURE-RAG,RISK-EVALUATION-INVALID,DROP-UNSAFE-BOUNDARY,SEMANTIC-NONE,NO,EVIDENCE-NONE,FLOW-EVALUATION
0df22ddaf02c64bf73a7df12cd5fea6b52632c73,239,src/test/java/com/tuoman/ai_task_orchestrator/AiTaskOrchestratorApplicationTests.java,2d9557d38079e2f56a9de1eb0bdaef980048ac58,e8aecc64bd9a5755693f8b46955942dc0e58370cde7445cab03fedc11cfaac7c,235,13,1-13,FULL_FILE,DROP,FEATURE-BOOT,RISK-SPRING-PLATFORM-RETIRED,DROP-TEST-NOT-PROOF,SEMANTIC-NONE,NO,EVIDENCE-HAPPY-PATH-UNIT,FLOW-BOOT
0df22ddaf02c64bf73a7df12cd5fea6b52632c73,240,src/test/java/com/tuoman/ai_task_orchestrator/controller/AgentTaskControllerTest.java,3034b6b77fd1103ff51923a9bca02c4331e993af,a5179bf7b4fe2cd58e7fac5ec04d17613d86a64ed03529cc77bb89fff286c4e2,5601,141,1-141,FULL_FILE,DROP,FEATURE-AGENT,RISK-UNVERSIONED-UNBOUNDED-API,DROP-TEST-NOT-PROOF,SEMANTIC-MEMORY-LATER,NO,EVIDENCE-MOCKED-WEB-SLICE,FLOW-API-BOUNDARY;FLOW-AGENT
0df22ddaf02c64bf73a7df12cd5fea6b52632c73,241,src/test/java/com/tuoman/ai_task_orchestrator/controller/AgentToolControllerTest.java,f4d9d0e0a6e938e90476d9e05848a608b3fe787d,fe1b6e22867e0dee6b79ec3ba95c8cd734d6427f4725bb5476748c50c7cbf1b3,2406,59,1-59,FULL_FILE,DROP,FEATURE-AGENT,RISK-UNVERSIONED-UNBOUNDED-API,DROP-TEST-NOT-PROOF,SEMANTIC-MEMORY-LATER,NO,EVIDENCE-MOCKED-WEB-SLICE,FLOW-API-BOUNDARY;FLOW-AGENT
0df22ddaf02c64bf73a7df12cd5fea6b52632c73,242,src/test/java/com/tuoman/ai_task_orchestrator/controller/ApiErrorResponseControllerTest.java,ecbdd61ba2c80dbb9be3abc3d8398bfbe6c1f621,652dbb732841ee65804abcc0359ec5382ce8f0cfcd5b32a08949fa8f0ca802df,5248,116,1-116,FULL_FILE,DROP,FEATURE-SHARED-CONTRACT,RISK-UNVERSIONED-UNBOUNDED-API,DROP-TEST-NOT-PROOF,SEMANTIC-NONE,NO,EVIDENCE-MOCKED-WEB-SLICE,FLOW-API-BOUNDARY;FLOW-API-CONTRACT
0df22ddaf02c64bf73a7df12cd5fea6b52632c73,243,src/test/java/com/tuoman/ai_task_orchestrator/controller/BatchUploadControllerTest.java,137262e57b7894a55c65ba86cc6cae188ae30803,c1707ded6bcc64f48482f46cda2acd9a4a23f2b39cf10fadae04d099bb232fbb,5040,121,1-121,FULL_FILE,DROP,FEATURE-BATCH,RISK-UNVERSIONED-UNBOUNDED-API,DROP-TEST-NOT-PROOF,SEMANTIC-ATOMIC-ENQUEUE,NO,EVIDENCE-MOCKED-WEB-SLICE,FLOW-API-BOUNDARY;FLOW-BATCH
0df22ddaf02c64bf73a7df12cd5fea6b52632c73,244,src/test/java/com/tuoman/ai_task_orchestrator/controller/CollectionControllerTest.java,f6c323a7a4363a9b3a68d34d5f7c74c848c5efce,b95f024c69e0e67bc47c07a69d2b6310aed1333f98862f7867b41c5e5649ea4a,5374,125,1-125,FULL_FILE,DROP,FEATURE-COLLECTION,RISK-UNVERSIONED-UNBOUNDED-API,DROP-TEST-NOT-PROOF,SEMANTIC-SCOPE-NO-WIDEN,NO,EVIDENCE-MOCKED-WEB-SLICE,FLOW-API-BOUNDARY;FLOW-RAG-SCOPE
0df22ddaf02c64bf73a7df12cd5fea6b52632c73,245,src/test/java/com/tuoman/ai_task_orchestrator/controller/DocumentIngestionApiTest.java,505031e1b8ddca1db365cdda1391cea2dda3b7a2,1da3c68524df1d46666029bdedf00f814a79dad967a9446aeab83f09062e0714,8340,204,1-204,FULL_FILE,DROP,FEATURE-INGESTION,RISK-UNVERSIONED-UNBOUNDED-API,DROP-TEST-NOT-PROOF,SEMANTIC-JOB-FENCE,NO,EVIDENCE-MOCKED-WEB-SLICE,FLOW-API-BOUNDARY;FLOW-INGESTION-DUAL-WRITE
0df22ddaf02c64bf73a7df12cd5fea6b52632c73,246,src/test/java/com/tuoman/ai_task_orchestrator/controller/DocumentReadApiTest.java,5936d9b6433a9c4a30fb4525dc8fa840f9479c43,1da95db88692315a649372ee9ccd83ba930a1f3f7a6c2b2f9527b43347abe705,8197,187,1-187,FULL_FILE,DROP,FEATURE-DOCUMENT,RISK-UNVERSIONED-UNBOUNDED-API,DROP-TEST-NOT-PROOF,SEMANTIC-RUNE-SAFE-CHUNKING,NO,EVIDENCE-MOCKED-WEB-SLICE,FLOW-API-BOUNDARY;FLOW-DOCUMENT-INGESTION
0df22ddaf02c64bf73a7df12cd5fea6b52632c73,247,src/test/java/com/tuoman/ai_task_orchestrator/controller/DocumentUploadApiTest.java,6544d839d7575696b0fb8cb5d973efac1a39028e,e36f31870ed2299f2649779ad7177747fd1537cef668f26d276f97abc1f818b9,3737,83,1-83,FULL_FILE,DROP,FEATURE-DOCUMENT,RISK-UNVERSIONED-UNBOUNDED-API,DROP-TEST-NOT-PROOF,SEMANTIC-RUNE-SAFE-CHUNKING,NO,EVIDENCE-MOCKED-WEB-SLICE,FLOW-API-BOUNDARY;FLOW-DOCUMENT-INGESTION
0df22ddaf02c64bf73a7df12cd5fea6b52632c73,248,src/test/java/com/tuoman/ai_task_orchestrator/controller/EmbeddingCacheMetricsControllerTest.java,a18794f18a3f8cead944974160a86f0d5c46cfb8,1e7b40833c2fc392bc509046f674c74c078f95206d02566913ed160f3031481a,3655,83,1-83,FULL_FILE,DROP,FEATURE-EVALUATION,RISK-UNVERSIONED-UNBOUNDED-API,DROP-TEST-NOT-PROOF,SEMANTIC-NONE,NO,EVIDENCE-MOCKED-WEB-SLICE,FLOW-API-BOUNDARY;FLOW-EVALUATION
0df22ddaf02c64bf73a7df12cd5fea6b52632c73,249,src/test/java/com/tuoman/ai_task_orchestrator/controller/EvaluationRunControllerTest.java,14d4e526406f92b78cc1a7b4a490bd906ec70b89,08af30cc04b0dcdbdf837fd02997d50f2d1c4684b31a29c1507738aaa2b356fe,5275,127,1-127,FULL_FILE,DROP,FEATURE-EVALUATION,RISK-UNVERSIONED-UNBOUNDED-API,DROP-TEST-NOT-PROOF,SEMANTIC-NONE,NO,EVIDENCE-MOCKED-WEB-SLICE,FLOW-API-BOUNDARY;FLOW-EVALUATION
0df22ddaf02c64bf73a7df12cd5fea6b52632c73,250,src/test/java/com/tuoman/ai_task_orchestrator/controller/ModelProviderControllerTest.java,b110d8b317fedd82e9911384e67d7abda2d92ded,73865675751ab1c2eb4dd3c7e711b12c2bd561bf19cf1e4c21b8c390670a124d,5593,142,1-142,FULL_FILE,DROP,FEATURE-PROVIDER,RISK-UNVERSIONED-UNBOUNDED-API,DROP-TEST-NOT-PROOF,SEMANTIC-PROVIDER-EGRESS,NO,EVIDENCE-MOCKED-WEB-SLICE,FLOW-API-BOUNDARY;FLOW-PROVIDER-EGRESS
0df22ddaf02c64bf73a7df12cd5fea6b52632c73,251,src/test/java/com/tuoman/ai_task_orchestrator/controller/RagAnswerControllerQualityTest.java,324e1beb18f70189f9d84e6c05f7dc694d8216ab,17a75fcafecdca1aa83e05cfc5b418a1267bee31dc1cde1409405c6e3f6270f3,3854,81,1-81,FULL_FILE,DROP,FEATURE-RAG,RISK-UNVERSIONED-UNBOUNDED-API,DROP-TEST-NOT-PROOF,SEMANTIC-CITATION-FINAL-CONTEXT,NO,EVIDENCE-MOCKED-WEB-SLICE,FLOW-API-BOUNDARY;FLOW-RAG-ANSWER
0df22ddaf02c64bf73a7df12cd5fea6b52632c73,252,src/test/java/com/tuoman/ai_task_orchestrator/controller/RagAnswerControllerTest.java,771e950c79558d0403ba81272491a53e106ec301,cef3008ec021d0874c7f0cf4c1b89535c4fe9b8c500564eb7360eaf7ceb2f37b,6821,143,1-143,FULL_FILE,DROP,FEATURE-RAG,RISK-UNVERSIONED-UNBOUNDED-API,DROP-TEST-NOT-PROOF,SEMANTIC-CITATION-FINAL-CONTEXT,NO,EVIDENCE-MOCKED-WEB-SLICE,FLOW-API-BOUNDARY;FLOW-RAG-ANSWER
0df22ddaf02c64bf73a7df12cd5fea6b52632c73,253,src/test/java/com/tuoman/ai_task_orchestrator/controller/RuntimeStatusControllerTest.java,20cc26bfe907706c8a6701024b4bff801f292697,968a4c0f4c15f7138f0d6b0a65b28457e1c2797c3cd99a804419aa29f3318c9f,2067,48,1-48,FULL_FILE,DROP,FEATURE-RUNTIME,RISK-UNVERSIONED-UNBOUNDED-API,DROP-TEST-NOT-PROOF,SEMANTIC-ERROR-REDACTION,NO,EVIDENCE-MOCKED-WEB-SLICE,FLOW-API-BOUNDARY;FLOW-RUNTIME-PROBE
0df22ddaf02c64bf73a7df12cd5fea6b52632c73,254,src/test/java/com/tuoman/ai_task_orchestrator/controller/TaskControllerMappingTest.java,f72a3f5df39e67456e6b77a96cbfeefcdba6b43c,c6c682309c345f5fdb55c8ac2961b6423c47a70d939ca3ee14a8a1fd66d0c8c3,2243,52,1-52,FULL_FILE,DROP,FEATURE-TASK,RISK-UNVERSIONED-UNBOUNDED-API,DROP-TEST-NOT-PROOF,SEMANTIC-JOB-CLAIM-CAS,NO,EVIDENCE-MOCKED-WEB-SLICE,FLOW-API-BOUNDARY;FLOW-TASK-OUTBOX
0df22ddaf02c64bf73a7df12cd5fea6b52632c73,255,src/test/java/com/tuoman/ai_task_orchestrator/controller/VectorIndexHealthControllerTest.java,38951ad0affc7578c4b63a43eadfb47bb0c7833c,a7cf7280c5139ab00dd044da754aac32cbaa7e98b48dd2a22dde762e1708cfb8,5747,135,1-135,FULL_FILE,DROP,FEATURE-VECTOR,RISK-UNVERSIONED-UNBOUNDED-API,DROP-TEST-NOT-PROOF,SEMANTIC-ACTIVE-GENERATION,NO,EVIDENCE-MOCKED-WEB-SLICE,FLOW-API-BOUNDARY;FLOW-VECTOR-WRITE
0df22ddaf02c64bf73a7df12cd5fea6b52632c73,256,src/test/java/com/tuoman/ai_task_orchestrator/document/DocumentChunkerTest.java,0b7998a02a9a7b4e9624c60f095eef9565a6cae3,d09d734e62364e8c91c04ddaf3d79bef84a32e1ba92c2c823d8e8c83f66548f6,3909,115,1-115,FULL_FILE,DROP,FEATURE-DOCUMENT,RISK-UTF16-CHUNK-BOUNDARY,DROP-TEST-NOT-PROOF,SEMANTIC-RUNE-SAFE-CHUNKING,NO,EVIDENCE-HAPPY-PATH-UNIT,FLOW-DOCUMENT-CHUNKING
0df22ddaf02c64bf73a7df12cd5fea6b52632c73,257,src/test/java/com/tuoman/ai_task_orchestrator/document/StructuredChunkingServiceTest.java,7a232f14f2d504efd52e4667f3e69b91aa1b7a92,2cf368c2d4d81b8fae1b0a048eef64b93eeaf09427e9cdfa8f21c1be741e0d6e,2448,60,1-60,FULL_FILE,DROP,FEATURE-DOCUMENT,RISK-UTF16-CHUNK-BOUNDARY,DROP-TEST-NOT-PROOF,SEMANTIC-RUNE-SAFE-CHUNKING,NO,EVIDENCE-HAPPY-PATH-UNIT,FLOW-DOCUMENT-CHUNKING
0df22ddaf02c64bf73a7df12cd5fea6b52632c73,258,src/test/java/com/tuoman/ai_task_orchestrator/document/extract/DocumentTextExtractorTest.java,89cb76221620fdb836297d10e65e0faebcde4bd1,5b91bd8ba2371b480f75f54e99ea757cb75c9051cc1903db99d62d20f0da51cc,2049,51,1-51,FULL_FILE,DROP,FEATURE-DOCUMENT,RISK-DOCUMENT-BOUNDARY,DROP-TEST-NOT-PROOF,SEMANTIC-STRICT-UTF8,LIMITED,EVIDENCE-SIMPLE-EXTRACTION,FLOW-DOCUMENT-EXTRACTION
0df22ddaf02c64bf73a7df12cd5fea6b52632c73,259,src/test/java/com/tuoman/ai_task_orchestrator/document/extract/TestDocumentFiles.java,3f44bc39a96663229532ad44210a6348982ac3be,e1bb85bee57dfb2de4b3e1e43b2c7f8c82f8c29321f3bbf121cfbcfdcc394576,2390,67,1-67,FULL_FILE,DROP,FEATURE-DOCUMENT,RISK-DOCUMENT-BOUNDARY,DROP-TEST-NOT-PROOF,SEMANTIC-RUNE-SAFE-CHUNKING,NO,EVIDENCE-HAPPY-PATH-UNIT,FLOW-DOCUMENT-INGESTION
0df22ddaf02c64bf73a7df12cd5fea6b52632c73,260,src/test/java/com/tuoman/ai_task_orchestrator/document/ingestion/DocumentFileValidatorTest.java,9809a829d367f6c9b477f157b5189c319a3e64e7,e351bb204ae00719e7d8285de9eb159ec0475b5682aaf84eefae8c4d478a1e1c,2249,57,1-57,FULL_FILE,DROP,FEATURE-DOCUMENT,RISK-DOCUMENT-BOUNDARY,DROP-TEST-NOT-PROOF,SEMANTIC-FILE-BOUNDS,LIMITED,EVIDENCE-FILE-BOUNDS,FLOW-DOCUMENT-INGESTION
0df22ddaf02c64bf73a7df12cd5fea6b52632c73,261,src/test/java/com/tuoman/ai_task_orchestrator/document/ingestion/DocumentIngestionEventRecorderTest.java,14732b541405a62bc6a53b13993bb0a82ac1a891,5294dcc694cc4fb2b722f35d0bfe804d5c1e9ee8cb98c20c7c79a108b5a1f4c6,4312,97,1-97,FULL_FILE,DROP,FEATURE-INGESTION,RISK-INGESTION-DOUBLE-EXECUTION,DROP-TEST-NOT-PROOF,SEMANTIC-JOB-FENCE,NO,EVIDENCE-HAPPY-PATH-UNIT,FLOW-INGESTION-DUAL-WRITE
0df22ddaf02c64bf73a7df12cd5fea6b52632c73,262,src/test/java/com/tuoman/ai_task_orchestrator/document/ingestion/IngestionAnalyticsDisplayTextsTest.java,d79e146e904b941bfba2cd6496a3e84a56f084a1,2fb9ca5e5180c70f9d95a82d565ee865620903158ad263658e691a96ea599386,931,19,1-19,FULL_FILE,DROP,FEATURE-INGESTION,RISK-INGESTION-DOUBLE-EXECUTION,DROP-TEST-NOT-PROOF,SEMANTIC-JOB-FENCE,NO,EVIDENCE-HAPPY-PATH-UNIT,FLOW-INGESTION-DUAL-WRITE
0df22ddaf02c64bf73a7df12cd5fea6b52632c73,263,src/test/java/com/tuoman/ai_task_orchestrator/document/ingestion/IngestionAnalyticsWindowTest.java,2c0a206483b247dfc9275f224d1774beeefa2e52,d8214bd7bda3b0a832086bc26a78dc09911ac6cc313bc7c497c11098de4f2e8b,1213,27,1-27,FULL_FILE,DROP,FEATURE-INGESTION,RISK-INGESTION-DOUBLE-EXECUTION,DROP-TEST-NOT-PROOF,SEMANTIC-JOB-FENCE,NO,EVIDENCE-HAPPY-PATH-UNIT,FLOW-INGESTION-DUAL-WRITE
0df22ddaf02c64bf73a7df12cd5fea6b52632c73,264,src/test/java/com/tuoman/ai_task_orchestrator/document/ingestion/IngestionDisplayTextsTest.java,910886c919402c6c70df1a71093e60ed085b8b20,cb070db132a8f8e250d2a72847b4a942c734ea3d3c52b120c047f687c486e958,1074,21,1-21,FULL_FILE,DROP,FEATURE-INGESTION,RISK-INGESTION-DOUBLE-EXECUTION,DROP-TEST-NOT-PROOF,SEMANTIC-JOB-FENCE,NO,EVIDENCE-HAPPY-PATH-UNIT,FLOW-INGESTION-DUAL-WRITE
0df22ddaf02c64bf73a7df12cd5fea6b52632c73,265,src/test/java/com/tuoman/ai_task_orchestrator/document/ingestion/IngestionEventDisplayTextsTest.java,059f8ea1305ad6fd91b3186c4e8036af539402e0,ca82132563df37efe90b60f146d34f02a213209d15fd4565d9ce07475ad8e281,820,19,1-19,FULL_FILE,DROP,FEATURE-INGESTION,RISK-INGESTION-DOUBLE-EXECUTION,DROP-TEST-NOT-PROOF,SEMANTIC-JOB-FENCE,NO,EVIDENCE-HAPPY-PATH-UNIT,FLOW-INGESTION-DUAL-WRITE
0df22ddaf02c64bf73a7df12cd5fea6b52632c73,266,src/test/java/com/tuoman/ai_task_orchestrator/document/lifecycle/DocumentLifecycleDisplayTextsTest.java,f52e15dc456efaf11e5c78aa32de666ac0eb47aa,f1f2ee2f4421c8f86a0a9f1647b1f115851ccf787ef8d05d6e4000281d91f1b0,957,28,1-28,FULL_FILE,DROP,FEATURE-LIFECYCLE,RISK-PURGE-OUTCOME-UNCERTAIN,DROP-TEST-NOT-PROOF,SEMANTIC-PURGE-VERIFICATION,NO,EVIDENCE-STATIC-ASSERTION,FLOW-LIFECYCLE-PURGE
0df22ddaf02c64bf73a7df12cd5fea6b52632c73,267,src/test/java/com/tuoman/ai_task_orchestrator/documentation/KnowledgeHealthUiDocumentationTest.java,ee4d5d23b806d9acec76f0e70ea856ad6d52ad36,9c1f6359e8af58bc260cbe6b56b60fb6f375dd53519e59b19fc498ea382118ad,2150,50,1-50,FULL_FILE,DROP,FEATURE-UI-DOCUMENTATION,RISK-STATIC-CLAIM-NOT-PROOF,DROP-TEST-NOT-PROOF,SEMANTIC-ERROR-REDACTION,NO,EVIDENCE-STATIC-ASSERTION,FLOW-UI-OVERCLAIM
0df22ddaf02c64bf73a7df12cd5fea6b52632c73,268,src/test/java/com/tuoman/ai_task_orchestrator/documentation/QueryUnderstandingUiDocumentationTest.java,34fe0819e302ff445feee6192d949f9cad007e9a,a871c903fb2e5ded1e24f499ad45bac59a153a5dd6434f812c1e7f2ef8b9e087,1025,29,1-29,FULL_FILE,DROP,FEATURE-UI-DOCUMENTATION,RISK-STATIC-CLAIM-NOT-PROOF,DROP-TEST-NOT-PROOF,SEMANTIC-ERROR-REDACTION,NO,EVIDENCE-STATIC-ASSERTION,FLOW-UI-OVERCLAIM
0df22ddaf02c64bf73a7df12cd5fea6b52632c73,269,src/test/java/com/tuoman/ai_task_orchestrator/documentation/RagDemoDocumentationTest.java,415e8175085862684f6ec1171a8a3ee98a3cb3b8,58595e51463b98ab2f750afe9b0096d4aa4bf1aaea410312d1b0e8996713bee8,2844,69,1-69,FULL_FILE,DROP,FEATURE-UI-DOCUMENTATION,RISK-STATIC-CLAIM-NOT-PROOF,DROP-TEST-NOT-PROOF,SEMANTIC-ERROR-REDACTION,NO,EVIDENCE-STATIC-ASSERTION,FLOW-UI-OVERCLAIM
0df22ddaf02c64bf73a7df12cd5fea6b52632c73,270,src/test/java/com/tuoman/ai_task_orchestrator/documentation/RetrievalSettingsUiDocumentationTest.java,ec10c1f735e4d2ddde4e08f7596e57718ee86c43,fefc6339aa66029255a24909b2a621f9cc57e9bfdac0663a29a27889b6893dbf,1304,33,1-33,FULL_FILE,DROP,FEATURE-UI-DOCUMENTATION,RISK-STATIC-CLAIM-NOT-PROOF,DROP-TEST-NOT-PROOF,SEMANTIC-ERROR-REDACTION,NO,EVIDENCE-STATIC-ASSERTION,FLOW-UI-OVERCLAIM
0df22ddaf02c64bf73a7df12cd5fea6b52632c73,271,src/test/java/com/tuoman/ai_task_orchestrator/documentation/VectorIndexHealthUiDocumentationTest.java,c38670f5fd01264d512d72ff6fd81b89db7a4898,f885725b90848d6b31311af9f8a8e967dbeebbdf6444130782204920b56a3fae,2001,47,1-47,FULL_FILE,DROP,FEATURE-UI-DOCUMENTATION,RISK-STATIC-CLAIM-NOT-PROOF,DROP-TEST-NOT-PROOF,SEMANTIC-ERROR-REDACTION,NO,EVIDENCE-STATIC-ASSERTION,FLOW-UI-OVERCLAIM
0df22ddaf02c64bf73a7df12cd5fea6b52632c73,272,src/test/java/com/tuoman/ai_task_orchestrator/lifecycle/FrontendProductizationRegressionTest.java,d7807d0e4b7e0aa8d543c7b0a4bca0fb6ec923c2,007a6f5f42f5938c27fc9694bf65153ea3a9f00aebf89c30436949c3277efc82,6124,136,1-136,FULL_FILE,DROP,FEATURE-SHARED-CONTRACT,RISK-MUTABLE-CONTRACT,DROP-TEST-NOT-PROOF,SEMANTIC-NONE,NO,EVIDENCE-STATIC-ASSERTION,FLOW-API-CONTRACT
0df22ddaf02c64bf73a7df12cd5fea6b52632c73,273,src/test/java/com/tuoman/ai_task_orchestrator/lifecycle/KnowledgeBaseAgentTaskRegressionTest.java,769493acfa44a917103bc4238febceb86ce558fb,c308866d248c76d4a951c3b0ff9ba3c05d31c6689cc5d0b56473dbb194208faf,5044,123,1-123,FULL_FILE,DROP,FEATURE-AGENT,RISK-AGENT-UNFENCED,DROP-TEST-NOT-PROOF,SEMANTIC-MEMORY-LATER,NO,EVIDENCE-STATIC-ASSERTION,FLOW-AGENT
0df22ddaf02c64bf73a7df12cd5fea6b52632c73,274,src/test/java/com/tuoman/ai_task_orchestrator/lifecycle/KnowledgeBaseLifecycleRegressionTest.java,bc965451184cc046c86ea7f9d5313a2ff61dc12d,510b932c1dbfc42231df2028035dadad6c8c1aeccf0594341a93743dc4abd454,4809,109,1-109,FULL_FILE,DROP,FEATURE-LIFECYCLE,RISK-PURGE-OUTCOME-UNCERTAIN,DROP-TEST-NOT-PROOF,SEMANTIC-PURGE-VERIFICATION,NO,EVIDENCE-STATIC-ASSERTION,FLOW-LIFECYCLE-PURGE
0df22ddaf02c64bf73a7df12cd5fea6b52632c73,275,src/test/java/com/tuoman/ai_task_orchestrator/lifecycle/KnowledgeBaseScopedRetrievalRegressionTest.java,6d2653a7d507b5b17a621d72166718d3d62b9c43,98634ea8d8820c26cbbf50daa6472e5c5c0da2ccd827ca6d4254f22ea0c29f71,4285,106,1-106,FULL_FILE,DROP,FEATURE-RETRIEVAL,RISK-SCOPE-WIDEN,DROP-TEST-NOT-PROOF,SEMANTIC-SCOPE-NO-WIDEN,NO,EVIDENCE-STATIC-ASSERTION,FLOW-RAG-SCOPE
0df22ddaf02c64bf73a7df12cd5fea6b52632c73,276,src/test/java/com/tuoman/ai_task_orchestrator/lifecycle/V10ModelProviderRegressionTest.java,3d0eb7a24fd6e51136dbbb25ddb9d662985f2b45,83fde78465b5bc0b0ca99f85965ef6921b678894f7a17ba8d32c552f287de743,2761,66,1-66,FULL_FILE,DROP,FEATURE-PROVIDER,RISK-EGRESS-SSRF,DROP-TEST-NOT-PROOF,SEMANTIC-PROVIDER-EGRESS,NO,EVIDENCE-STATIC-ASSERTION,FLOW-PROVIDER-EGRESS
0df22ddaf02c64bf73a7df12cd5fea6b52632c73,277,src/test/java/com/tuoman/ai_task_orchestrator/lifecycle/V11RagQualityRegressionTest.java,c47e47315973761ded3ce9a8012d962fde8b2389,82c06c8410f174ad5d51a79f388a32b45f842e86d727b652ad091699217bc7d9,2788,67,1-67,FULL_FILE,DROP,FEATURE-RAG,RISK-RAG-UNTRUSTED-OUTPUT,DROP-TEST-NOT-PROOF,SEMANTIC-CITATION-FINAL-CONTEXT,NO,EVIDENCE-STATIC-ASSERTION,FLOW-RAG-ANSWER
0df22ddaf02c64bf73a7df12cd5fea6b52632c73,278,src/test/java/com/tuoman/ai_task_orchestrator/lifecycle/V12TrashRegressionTest.java,5a922fc81b7e03da2eb8aa47acc41a15a5203d5d,9b52982f387254e2697b8e99921aa2b0bfe886a6ed5d506781bcdae0d6092577,2926,72,1-72,FULL_FILE,DROP,FEATURE-LIFECYCLE,RISK-PURGE-OUTCOME-UNCERTAIN,DROP-TEST-NOT-PROOF,SEMANTIC-PURGE-VERIFICATION,NO,EVIDENCE-STATIC-ASSERTION,FLOW-LIFECYCLE-PURGE
0df22ddaf02c64bf73a7df12cd5fea6b52632c73,279,src/test/java/com/tuoman/ai_task_orchestrator/lifecycle/V13BatchIngestionDocumentationTest.java,886728f14ebb55293fbad6e3adced294d72f9c3b,093eea0b2c7409541b07286552baa68d9a9fe8ebec09e1b51f8c49780a4f320f,2929,73,1-73,FULL_FILE,DROP,FEATURE-BATCH,RISK-BATCH-ATOMICITY,DROP-TEST-NOT-PROOF,SEMANTIC-ATOMIC-ENQUEUE,NO,EVIDENCE-STATIC-ASSERTION,FLOW-BATCH
0df22ddaf02c64bf73a7df12cd5fea6b52632c73,280,src/test/java/com/tuoman/ai_task_orchestrator/lifecycle/V9PersonalWorkspaceRegressionTest.java,13fea04df9a62f0817a8a130fd973052aa88e6d5,f6250c382edc06d9b35fa2c4a958cec1a5566c5b170322bfe5a37b5536de977d,4968,125,1-125,FULL_FILE,DROP,FEATURE-SHARED-CONTRACT,RISK-MUTABLE-CONTRACT,DROP-TEST-NOT-PROOF,SEMANTIC-NONE,NO,EVIDENCE-STATIC-ASSERTION,FLOW-API-CONTRACT
0df22ddaf02c64bf73a7df12cd5fea6b52632c73,281,src/test/java/com/tuoman/ai_task_orchestrator/prompt/PromptTemplateRendererTest.java,4a90a4020208ecdcf595dbede9d80075f30657eb,dfdeb76498a09fc05b25bc77e90f45e6d06213998f4c018b253c93c3d1388970,2566,85,1-85,FULL_FILE,DROP,FEATURE-PROMPT,RISK-PROMPT-INJECTION,DROP-TEST-NOT-PROOF,SEMANTIC-BOUNDED-PROMPT,NO,EVIDENCE-HAPPY-PATH-UNIT,FLOW-RAG-ANSWER
0df22ddaf02c64bf73a7df12cd5fea6b52632c73,282,src/test/java/com/tuoman/ai_task_orchestrator/service/AgentMemoryIsolationTest.java,bad839dd372a5cc2d02300c55ee1cd5565394df0,205f2bfe5eeb59578e93ad4be1238c99143a2fc1e1170420b1c9a83b4b4cb9e1,4864,105,1-105,FULL_FILE,DROP,FEATURE-AGENT,RISK-AGENT-UNFENCED,DROP-TEST-NOT-PROOF,SEMANTIC-MEMORY-LATER,LIMITED,EVIDENCE-BASIC-SCOPE,FLOW-MEMORY
0df22ddaf02c64bf73a7df12cd5fea6b52632c73,283,src/test/java/com/tuoman/ai_task_orchestrator/service/AgentProfileServiceTest.java,464e6afafe428130e35cf41fb9201605831bee0d,08dc8385ab2e433fe7cb8f050a06cd93502372a359cbfdcc5e6275904b276d7a,788,24,1-24,FULL_FILE,DROP,FEATURE-AGENT,RISK-AGENT-UNFENCED,DROP-TEST-NOT-PROOF,SEMANTIC-MEMORY-LATER,NO,EVIDENCE-HAPPY-PATH-UNIT,FLOW-AGENT
0df22ddaf02c64bf73a7df12cd5fea6b52632c73,284,src/test/java/com/tuoman/ai_task_orchestrator/service/AgentTaskExecutorTest.java,7d1110960399c3797cab84b2b337a3e01b8f465c,7efa28cb30cfa729c61b0245e83d236f4eb1f15945d8243295d55b82c4db6161,3577,92,1-92,FULL_FILE,DROP,FEATURE-AGENT,RISK-AGENT-UNFENCED,DROP-TEST-NOT-PROOF,SEMANTIC-MEMORY-LATER,NO,EVIDENCE-HAPPY-PATH-UNIT,FLOW-AGENT
0df22ddaf02c64bf73a7df12cd5fea6b52632c73,285,src/test/java/com/tuoman/ai_task_orchestrator/service/AgentTaskMemoryIntegrationTest.java,64146d2f81e10ae39cfd695123b3195f82726a4d,d8ec69f94027f11af004c905b579b9bbec715e7565d163477b4ba12551b0766d,3829,89,1-89,FULL_FILE,DROP,FEATURE-AGENT,RISK-AGENT-UNFENCED,DROP-TEST-NOT-PROOF,SEMANTIC-MEMORY-LATER,NO,EVIDENCE-TRANSACTIONAL-OR-MOCKED-INTEGRATION,FLOW-AGENT
0df22ddaf02c64bf73a7df12cd5fea6b52632c73,286,src/test/java/com/tuoman/ai_task_orchestrator/service/AgentTaskServiceTest.java,b5edb73bdf5a1a87934957c927209a632f676030,52940d8d642858f8161bb39a0f51a05f084ca457e6064868e84b86e3aa2134b2,4043,99,1-99,FULL_FILE,DROP,FEATURE-AGENT,RISK-AGENT-UNFENCED,DROP-TEST-NOT-PROOF,SEMANTIC-MEMORY-LATER,NO,EVIDENCE-HAPPY-PATH-UNIT,FLOW-AGENT
0df22ddaf02c64bf73a7df12cd5fea6b52632c73,287,src/test/java/com/tuoman/ai_task_orchestrator/service/AgentTaskStepServiceTest.java,4a41aecba45caf0969df46bf40d4c7b4e0bfdaec,e1e2379dc056806ba456742b3637bd622f59901678990546c2860118cb9dafee,2966,68,1-68,FULL_FILE,DROP,FEATURE-AGENT,RISK-AGENT-UNFENCED,DROP-TEST-NOT-PROOF,SEMANTIC-MEMORY-LATER,NO,EVIDENCE-HAPPY-PATH-UNIT,FLOW-AGENT
0df22ddaf02c64bf73a7df12cd5fea6b52632c73,288,src/test/java/com/tuoman/ai_task_orchestrator/service/AgentTaskWorkflowServiceTest.java,09d793a7d1d1cf8ca99119dcdcc4b45173ebb87d,4e8eed30dd27a63855960e19f51d0b794ca6852f2b7465006e559179842ec04e,10204,218,1-218,FULL_FILE,DROP,FEATURE-AGENT,RISK-AGENT-UNFENCED,DROP-TEST-NOT-PROOF,SEMANTIC-MEMORY-LATER,NO,EVIDENCE-HAPPY-PATH-UNIT,FLOW-AGENT
0df22ddaf02c64bf73a7df12cd5fea6b52632c73,289,src/test/java/com/tuoman/ai_task_orchestrator/service/AskMemoryIntegrationTest.java,4aa3758f9dd819d300275b03448b5ada2193e627,6ce1bf1731223f0028a35a10dde636c2c9c4de11d28ea1525174b3d7099a8a29,2138,52,1-52,FULL_FILE,DROP,FEATURE-MEMORY,RISK-MEMORY-NONCORE,DROP-TEST-NOT-PROOF,SEMANTIC-MEMORY-LATER,NO,EVIDENCE-TRANSACTIONAL-OR-MOCKED-INTEGRATION,FLOW-MEMORY
0df22ddaf02c64bf73a7df12cd5fea6b52632c73,290,src/test/java/com/tuoman/ai_task_orchestrator/service/BatchIngestionIntegrationTest.java,b8d39ead3eaabf78fb6b7ee344d8f76e32d53292,d6a5ccff3737fc3e41cb2a65c76cc02a2c951671dee6dcabb1d5e711c34eff4d,2936,66,1-66,FULL_FILE,DROP,FEATURE-BATCH,RISK-BATCH-ATOMICITY,DROP-TEST-NOT-PROOF,SEMANTIC-ATOMIC-ENQUEUE,NO,EVIDENCE-TRANSACTIONAL-OR-MOCKED-INTEGRATION,FLOW-BATCH
0df22ddaf02c64bf73a7df12cd5fea6b52632c73,291,src/test/java/com/tuoman/ai_task_orchestrator/service/ChunkMetadataServiceTest.java,fb23793a4279887c71f5e767bfbda93e914e8a0b,c15e48e28d36886fbc6b9ebb5a872a37a00d4c299a3763fdbe9a02d5af68db07,2472,59,1-59,FULL_FILE,DROP,FEATURE-DOCUMENT,RISK-DOCUMENT-BOUNDARY,DROP-TEST-NOT-PROOF,SEMANTIC-RUNE-SAFE-CHUNKING,NO,EVIDENCE-HAPPY-PATH-UNIT,FLOW-DOCUMENT-INGESTION
0df22ddaf02c64bf73a7df12cd5fea6b52632c73,292,src/test/java/com/tuoman/ai_task_orchestrator/service/CollectionServiceTest.java,763d8c9cd92c1038bf727b71f1badf71c573ddfa,63d4bdbdeaf93d4dc108e7ef82560ca9142dff047833c5b2d831c33b76e51964,9603,207,1-207,FULL_FILE,DROP,FEATURE-COLLECTION,RISK-SCOPE-WIDEN,DROP-TEST-NOT-PROOF,SEMANTIC-SCOPE-NO-WIDEN,NO,EVIDENCE-HAPPY-PATH-UNIT,FLOW-RAG-SCOPE
0df22ddaf02c64bf73a7df12cd5fea6b52632c73,293,src/test/java/com/tuoman/ai_task_orchestrator/service/DocumentEmbeddingServiceCacheIntegrationTest.java,0c2715fda4b0132476276ae2949cc932beebc56b,298e3a65b7bce7111b5dcf9dc241ad28cc6828e278f4c94efed4924f31e60aae,7442,164,1-164,FULL_FILE,DROP,FEATURE-VECTOR,RISK-VECTOR-DESTRUCTIVE-WRITE,DROP-TEST-NOT-PROOF,SEMANTIC-NONE,LIMITED,EVIDENCE-CACHE-REUSE,FLOW-VECTOR-WRITE
0df22ddaf02c64bf73a7df12cd5fea6b52632c73,294,src/test/java/com/tuoman/ai_task_orchestrator/service/DocumentEmbeddingServiceProviderTest.java,194f3abff41fab6fe2f11c57eebdfbd036e12c65,4e767c722d955f3da29f7d2ace2f3b21fc785e24d682d8b85005d2c6a98ae10b,3909,89,1-89,FULL_FILE,DROP,FEATURE-VECTOR,RISK-VECTOR-DESTRUCTIVE-WRITE,DROP-TEST-NOT-PROOF,SEMANTIC-ACTIVE-GENERATION,NO,EVIDENCE-HAPPY-PATH-UNIT,FLOW-VECTOR-WRITE
0df22ddaf02c64bf73a7df12cd5fea6b52632c73,295,src/test/java/com/tuoman/ai_task_orchestrator/service/DocumentIngestionEventServiceTest.java,9d43476267fc8c9b0da3749dcbd142f44d2f6356,1bf90fdc48b77ec790040c9d18970d0833c9831e1cc145f3b700b86df9031cf5,4114,93,1-93,FULL_FILE,DROP,FEATURE-INGESTION,RISK-INGESTION-DOUBLE-EXECUTION,DROP-TEST-NOT-PROOF,SEMANTIC-JOB-FENCE,NO,EVIDENCE-HAPPY-PATH-UNIT,FLOW-INGESTION-DUAL-WRITE
0df22ddaf02c64bf73a7df12cd5fea6b52632c73,296,src/test/java/com/tuoman/ai_task_orchestrator/service/DocumentIngestionServiceTest.java,e54ee7701e00cbc6482e9da4eba45b254ccf9894,2340a08964ff7404ac4ad4a6efbb6762bfabdebe396b28fdef2d3d346ee2b9b5,5879,125,1-125,FULL_FILE,DROP,FEATURE-INGESTION,RISK-INGESTION-DOUBLE-EXECUTION,DROP-TEST-NOT-PROOF,SEMANTIC-JOB-FENCE,NO,EVIDENCE-HAPPY-PATH-UNIT,FLOW-INGESTION-DUAL-WRITE
0df22ddaf02c64bf73a7df12cd5fea6b52632c73,297,src/test/java/com/tuoman/ai_task_orchestrator/service/DocumentIngestionTaskHandlerTest.java,d87b26a48f6ad72a89723f5baf19723b23d418ca,931ef1bf087f109fe7de0b7b87f001cd5adcf8def1f6e97ae210c297d46a5d42,9634,223,1-223,FULL_FILE,DROP,FEATURE-INGESTION,RISK-INGESTION-DOUBLE-EXECUTION,DROP-TEST-NOT-PROOF,SEMANTIC-JOB-FENCE,NO,EVIDENCE-HAPPY-PATH-UNIT,FLOW-INGESTION-DUAL-WRITE
0df22ddaf02c64bf73a7df12cd5fea6b52632c73,298,src/test/java/com/tuoman/ai_task_orchestrator/service/DocumentIngestionTaskServiceTest.java,5a748532f2edbf07c33b01d995cb46a810317289,4652019db989335c5ab25e5314595fecc252ddc5b8a2ae40207736ef76016f1b,6730,153,1-153,FULL_FILE,DROP,FEATURE-INGESTION,RISK-INGESTION-DOUBLE-EXECUTION,DROP-TEST-NOT-PROOF,SEMANTIC-JOB-FENCE,NO,EVIDENCE-HAPPY-PATH-UNIT,FLOW-INGESTION-DUAL-WRITE
0df22ddaf02c64bf73a7df12cd5fea6b52632c73,299,src/test/java/com/tuoman/ai_task_orchestrator/service/DocumentLifecycleFilterServiceTest.java,ca2dd4e5a30a1b1a0a2f0f38c81158785cdba2c0,84f1c7afce8af7ef6e59f79a66630a9ba76df8eac44bc229a50f740a3e90ec18,3019,95,1-95,FULL_FILE,DROP,FEATURE-LIFECYCLE,RISK-PURGE-OUTCOME-UNCERTAIN,DROP-TEST-NOT-PROOF,SEMANTIC-LIFECYCLE-FILTER,LIMITED,EVIDENCE-LIFECYCLE-ID-FILTER,FLOW-RAG-SCOPE
0df22ddaf02c64bf73a7df12cd5fea6b52632c73,300,src/test/java/com/tuoman/ai_task_orchestrator/service/DocumentReindexServiceTest.java,d732a0a9a257d57949a27ad15336f049533451b2,2634dfb4f870b91c2fb8f7cef7a50a1808da2f482c7ab5e635f349fb6ecf9904,6602,149,1-149,FULL_FILE,DROP,FEATURE-REINDEX,RISK-REINDEX-ACTIVE-LOSS,DROP-TEST-NOT-PROOF,SEMANTIC-ACTIVE-GENERATION,NO,EVIDENCE-HAPPY-PATH-UNIT,FLOW-REINDEX-ACTIVE
0df22ddaf02c64bf73a7df12cd5fea6b52632c73,301,src/test/java/com/tuoman/ai_task_orchestrator/service/DocumentServiceSoftDeleteTest.java,f786d6c86f4b63d65105faa58abb3db761c5f4d7,c14a2faf9a839325ab99acc5dbfbd6ebbe32b1aa40ff839f15e061276940ce99,2634,78,1-78,FULL_FILE,DROP,FEATURE-DOCUMENT,RISK-DOCUMENT-BOUNDARY,DROP-TEST-NOT-PROOF,SEMANTIC-RUNE-SAFE-CHUNKING,NO,EVIDENCE-HAPPY-PATH-UNIT,FLOW-DOCUMENT-INGESTION
0df22ddaf02c64bf73a7df12cd5fea6b52632c73,302,src/test/java/com/tuoman/ai_task_orchestrator/service/DocumentTrashServiceTest.java,81d6200d5903e622f73673c91c79acbf6c7afc0c,b0cfbeb4783cbb5e34c6c5159e3266d1c14165c6c9ba13e5e0a13fcaf9a7d265,6965,175,1-175,FULL_FILE,DROP,FEATURE-LIFECYCLE,RISK-PURGE-OUTCOME-UNCERTAIN,DROP-TEST-NOT-PROOF,SEMANTIC-PURGE-VERIFICATION,NO,EVIDENCE-HAPPY-PATH-UNIT,FLOW-LIFECYCLE-PURGE
0df22ddaf02c64bf73a7df12cd5fea6b52632c73,303,src/test/java/com/tuoman/ai_task_orchestrator/service/IngestionAnalyticsServiceTest.java,0147fec97d36ced1c9eed0ad450c099bb5d83522,ea671376a0e9c1d8e960a3d1e8686dcd78af0ec17cf147fe4978d7b37a25d4f1,8876,193,1-193,FULL_FILE,DROP,FEATURE-INGESTION,RISK-INGESTION-DOUBLE-EXECUTION,DROP-TEST-NOT-PROOF,SEMANTIC-JOB-FENCE,NO,EVIDENCE-HAPPY-PATH-UNIT,FLOW-INGESTION-DUAL-WRITE
0df22ddaf02c64bf73a7df12cd5fea6b52632c73,304,src/test/java/com/tuoman/ai_task_orchestrator/service/MemoryDiagnosticsServiceTest.java,3e68049401d1295436ef42930038129b37b50d0a,37a90f51e7ddb04a1cbd75b2436415e42c4d50a97ed3a3eacef116df6eb2bba0,2729,66,1-66,FULL_FILE,DROP,FEATURE-MEMORY,RISK-MEMORY-NONCORE,DROP-TEST-NOT-PROOF,SEMANTIC-MEMORY-LATER,NO,EVIDENCE-HAPPY-PATH-UNIT,FLOW-MEMORY
0df22ddaf02c64bf73a7df12cd5fea6b52632c73,305,src/test/java/com/tuoman/ai_task_orchestrator/service/MemoryScopeTest.java,2b6bb5fbaa8bec7db2efaa7e496e5175540d3ae7,4d1659bd5955126efc8b86f3e81a43b2d991faad6b5bc0e1699b1c1d8f77bf5c,2211,54,1-54,FULL_FILE,DROP,FEATURE-MEMORY,RISK-MEMORY-NONCORE,DROP-TEST-NOT-PROOF,SEMANTIC-MEMORY-LATER,NO,EVIDENCE-HAPPY-PATH-UNIT,FLOW-MEMORY
0df22ddaf02c64bf73a7df12cd5fea6b52632c73,306,src/test/java/com/tuoman/ai_task_orchestrator/service/MemoryServiceTest.java,1276f4835404af8174772e78fd06af1a4475fe17,d2a529f30b3d149e11020db80178849e99bdd4f119c688e53e1bac593e5654a6,7381,179,1-179,FULL_FILE,DROP,FEATURE-MEMORY,RISK-MEMORY-NONCORE,DROP-TEST-NOT-PROOF,SEMANTIC-MEMORY-LATER,NO,EVIDENCE-HAPPY-PATH-UNIT,FLOW-MEMORY
0df22ddaf02c64bf73a7df12cd5fea6b52632c73,307,src/test/java/com/tuoman/ai_task_orchestrator/service/MemoryTypeTest.java,476723e23e0f6384f6b4640b7fed3be2cfaa0227,05e2b1d7921cef8fb00bd7c5904b6fbe2072c0a480ba610c4dfeba3df6301b4c,1970,46,1-46,FULL_FILE,DROP,FEATURE-MEMORY,RISK-MEMORY-NONCORE,DROP-TEST-NOT-PROOF,SEMANTIC-MEMORY-LATER,NO,EVIDENCE-HAPPY-PATH-UNIT,FLOW-MEMORY
0df22ddaf02c64bf73a7df12cd5fea6b52632c73,308,src/test/java/com/tuoman/ai_task_orchestrator/service/MetricsRecorderTest.java,6147de7922290c0470455c72f53181e320243e24,2288b00faf7dd6355ac0651891489863773f6a877fcf7f9b75c21a38b71c2594,1075,26,1-26,FULL_FILE,DROP,FEATURE-EVALUATION,RISK-EVALUATION-INVALID,DROP-TEST-NOT-PROOF,SEMANTIC-NONE,NO,EVIDENCE-HAPPY-PATH-UNIT,FLOW-EVALUATION
0df22ddaf02c64bf73a7df12cd5fea6b52632c73,309,src/test/java/com/tuoman/ai_task_orchestrator/service/ModelProviderConfigServiceTest.java,88a5f102ccc889942db1434b338dad6cec4bf1d5,ac6159f79202c78ec10cd2515b56e7237554b1085e9609d1dabf80f890498f9f,6286,173,1-173,FULL_FILE,DROP,FEATURE-PROVIDER,RISK-EGRESS-SSRF,DROP-TEST-NOT-PROOF,SEMANTIC-PROVIDER-EGRESS,LIMITED,EVIDENCE-SECRET-MASKING,FLOW-PROVIDER-EGRESS
0df22ddaf02c64bf73a7df12cd5fea6b52632c73,310,src/test/java/com/tuoman/ai_task_orchestrator/service/ModelProviderSelectionServiceTest.java,0624138973333d8ff71492de99918297af22c8db,0f67270560d9c410a168cea0a9b049281a5a3c358057248b1ab61246f5ba43a2,1401,35,1-35,FULL_FILE,DROP,FEATURE-PROVIDER,RISK-EGRESS-SSRF,DROP-TEST-NOT-PROOF,SEMANTIC-PROVIDER-EGRESS,NO,EVIDENCE-HAPPY-PATH-UNIT,FLOW-PROVIDER-EGRESS
0df22ddaf02c64bf73a7df12cd5fea6b52632c73,311,src/test/java/com/tuoman/ai_task_orchestrator/service/NotificationServiceTest.java,d7d22ca8965d136973d80167503d90f225ff3d72,4e0ab6c98d2645681e3dd47e7ba4b8b490e8f8fa118b48854911ef87110a6a58,3659,87,1-87,FULL_FILE,DROP,FEATURE-NOTIFICATION,RISK-CHECK-THEN-SAVE,DROP-TEST-NOT-PROOF,SEMANTIC-NONE,NO,EVIDENCE-HAPPY-PATH-UNIT,FLOW-NOTIFICATION
0df22ddaf02c64bf73a7df12cd5fea6b52632c73,312,src/test/java/com/tuoman/ai_task_orchestrator/service/RagAllDocumentsAskRetrievalIntegrationTest.java,1226e5e653bc0a130b2237a2a932e2920d2a7500,47f22d35f650b3d8ed5f300c7f4fd332b4c6cd5260ea141e89d6f8a9d77c1675,2807,67,1-67,FULL_FILE,DROP,FEATURE-RAG,RISK-RAG-UNTRUSTED-OUTPUT,DROP-TEST-NOT-PROOF,SEMANTIC-CITATION-FINAL-CONTEXT,NO,EVIDENCE-TRANSACTIONAL-OR-MOCKED-INTEGRATION,FLOW-RAG-ANSWER
0df22ddaf02c64bf73a7df12cd5fea6b52632c73,313,src/test/java/com/tuoman/ai_task_orchestrator/service/RagAnswerServiceTest.java,cf43775eace68f5f8bdc7fc7cb79205826b47ab0,1560e3da50f17dd620263f10e128d20333fd7fbed08f6cadc7a8bb6eb0bc35b6,31064,669,1-669,FULL_FILE,DROP,FEATURE-RAG,RISK-RAG-UNTRUSTED-OUTPUT,DROP-TEST-NOT-PROOF,SEMANTIC-CITATION-FINAL-CONTEXT,NO,EVIDENCE-HAPPY-PATH-UNIT,FLOW-RAG-ANSWER
0df22ddaf02c64bf73a7df12cd5fea6b52632c73,314,src/test/java/com/tuoman/ai_task_orchestrator/service/RagPromptBuilderTest.java,10b6d489a55f3cf3a8dcec43f7a97dd4543b36ef,6fd1213a8b07d2936e01f38131e3e96a82f27aa3599bffabd99617acfd36dc1a,2489,68,1-68,FULL_FILE,DROP,FEATURE-RAG,RISK-RAG-UNTRUSTED-OUTPUT,DROP-TEST-NOT-PROOF,SEMANTIC-CITATION-FINAL-CONTEXT,NO,EVIDENCE-HAPPY-PATH-UNIT,FLOW-RAG-ANSWER
0df22ddaf02c64bf73a7df12cd5fea6b52632c73,315,src/test/java/com/tuoman/ai_task_orchestrator/service/ReindexServiceTest.java,984ca3ffe7b1baa8ab9a5746ce128aa2b58ae67f,b3cb63dc672940f25aa7267ddd919ec08e83b493eaaefbe3b65c50d835987ce0,2251,62,1-62,FULL_FILE,DROP,FEATURE-REINDEX,RISK-REINDEX-ACTIVE-LOSS,DROP-TEST-NOT-PROOF,SEMANTIC-ACTIVE-GENERATION,NO,EVIDENCE-HAPPY-PATH-UNIT,FLOW-REINDEX-ACTIVE
0df22ddaf02c64bf73a7df12cd5fea6b52632c73,316,src/test/java/com/tuoman/ai_task_orchestrator/service/RetrievalEvaluationServiceTest.java,6cd3862f9c34d010855f72e81b1fc9c1bc8170b3,6f8567382c8eecd1f691a6b8445182cfed804778afff44ef9f495030c328de1a,11638,259,1-259,FULL_FILE,DROP,FEATURE-EVALUATION,RISK-EVALUATION-INVALID,DROP-TEST-NOT-PROOF,SEMANTIC-NONE,NO,EVIDENCE-HAPPY-PATH-UNIT,FLOW-EVALUATION
0df22ddaf02c64bf73a7df12cd5fea6b52632c73,317,src/test/java/com/tuoman/ai_task_orchestrator/service/RetrievalFilterRegressionTest.java,a71ca2f2061d5a592d571d309be49678570ae751,834b34f9001ec9ce646a8b3a6fba80e9a2173c67415d6c9b72761f5cef951074,3935,96,1-96,FULL_FILE,DROP,FEATURE-RETRIEVAL,RISK-SCOPE-WIDEN,DROP-TEST-NOT-PROOF,SEMANTIC-LIFECYCLE-FILTER,LIMITED,EVIDENCE-LIFECYCLE-ID-FILTER,FLOW-RAG-SCOPE
0df22ddaf02c64bf73a7df12cd5fea6b52632c73,318,src/test/java/com/tuoman/ai_task_orchestrator/service/RetrievalMetricsCalculatorTest.java,c48dde00e9553e62216503e64eff96ec5521ed51,ec964fe308442f9922eaca20074b88e2522050d5cc0674e23b3122675ee0a95b,4981,142,1-142,FULL_FILE,DROP,FEATURE-EVALUATION,RISK-EVALUATION-INVALID,DROP-TEST-NOT-PROOF,SEMANTIC-NONE,NO,EVIDENCE-HAPPY-PATH-UNIT,FLOW-EVALUATION
0df22ddaf02c64bf73a7df12cd5fea6b52632c73,319,src/test/java/com/tuoman/ai_task_orchestrator/service/TaskAtomicClaimConcurrencyTest.java,6e7bf77012d06a6878b3aa8587589c4324e640d1,d1c175d374ed17b1218b6f0fad14fec6e3628e2168144bd562407fdfe94889ea,2712,71,1-71,FULL_FILE,DROP,FEATURE-TASK,RISK-TASK-OUTCOME-UNCERTAIN,DROP-TEST-NOT-PROOF,SEMANTIC-JOB-CLAIM-CAS,LIMITED,EVIDENCE-CONCURRENT-CLAIM,FLOW-TASK-OUTBOX
0df22ddaf02c64bf73a7df12cd5fea6b52632c73,320,src/test/java/com/tuoman/ai_task_orchestrator/service/TaskAttemptServiceTest.java,43e33ff525e55f61c0d4240cb44e674e5eec35fd,4a04bdb98e8225ba49eeefbbc8199b4db2d94d65df1029f3ba67b7882dcaac3e,8963,213,1-213,FULL_FILE,DROP,FEATURE-TASK,RISK-TASK-OUTCOME-UNCERTAIN,DROP-TEST-NOT-PROOF,SEMANTIC-JOB-CLAIM-CAS,NO,EVIDENCE-HAPPY-PATH-UNIT,FLOW-TASK-OUTBOX
0df22ddaf02c64bf73a7df12cd5fea6b52632c73,321,src/test/java/com/tuoman/ai_task_orchestrator/service/TaskExecutionFinalizationIntegrationTest.java,b1c8e8322e9a8cf76546ee1c697a95ed1764fa16,757ee31ce00da7ac77ade1fe3d24df0d984b86426a544329d096e8c4f8fb2b51,4022,105,1-105,FULL_FILE,DROP,FEATURE-TASK,RISK-TASK-OUTCOME-UNCERTAIN,DROP-TEST-NOT-PROOF,SEMANTIC-JOB-CLAIM-CAS,LIMITED,EVIDENCE-TERMINAL-CAS,FLOW-TASK-OUTBOX
0df22ddaf02c64bf73a7df12cd5fea6b52632c73,322,src/test/java/com/tuoman/ai_task_orchestrator/service/TaskExecutionServiceTest.java,64bfa864ecf44024387f73bc76495f1db855d351,08bfbdb1aba5fdc52a92b578f89fda7d81972809e25852581f568dcc22abeb45,8490,208,1-208,FULL_FILE,DROP,FEATURE-TASK,RISK-TASK-OUTCOME-UNCERTAIN,DROP-TEST-NOT-PROOF,SEMANTIC-JOB-CLAIM-CAS,NO,EVIDENCE-HAPPY-PATH-UNIT,FLOW-TASK-OUTBOX
0df22ddaf02c64bf73a7df12cd5fea6b52632c73,323,src/test/java/com/tuoman/ai_task_orchestrator/service/TaskOutboxDispatchServiceTest.java,1157322e1e0ca99568dbcf2e14e7d1f4614e357b,c66dd522b72f2892ae8f1e0f31388ebd2327656b1c29931c67ae83a8996378db,5818,144,1-144,FULL_FILE,DROP,FEATURE-TASK,RISK-TASK-OUTCOME-UNCERTAIN,DROP-TEST-NOT-PROOF,SEMANTIC-JOB-CLAIM-CAS,NO,EVIDENCE-HAPPY-PATH-UNIT,FLOW-TASK-OUTBOX
0df22ddaf02c64bf73a7df12cd5fea6b52632c73,324,src/test/java/com/tuoman/ai_task_orchestrator/service/TaskServiceCreateTaskTest.java,ce704ba6981fdc8f09f94039ab4925fddd69a0de,0dfa4c3898dcfc886b945fad30fc3c820e37f4ca7a239734facd73188d62d3bf,3214,85,1-85,FULL_FILE,DROP,FEATURE-TASK,RISK-TASK-OUTCOME-UNCERTAIN,DROP-TEST-NOT-PROOF,SEMANTIC-JOB-CLAIM-CAS,NO,EVIDENCE-HAPPY-PATH-UNIT,FLOW-TASK-OUTBOX
0df22ddaf02c64bf73a7df12cd5fea6b52632c73,325,src/test/java/com/tuoman/ai_task_orchestrator/service/TaskServiceFinalizationTest.java,bf7e473e268eac8d079ead3e75f09cfc4b4ed4f4,9fbd0a5cbdb55e3a871acf8786956db0e1891bc8883e5b7d36d9974e92761d04,4953,139,1-139,FULL_FILE,DROP,FEATURE-TASK,RISK-TASK-OUTCOME-UNCERTAIN,DROP-TEST-NOT-PROOF,SEMANTIC-JOB-CLAIM-CAS,LIMITED,EVIDENCE-TERMINAL-CAS,FLOW-TASK-OUTBOX
0df22ddaf02c64bf73a7df12cd5fea6b52632c73,326,src/test/java/com/tuoman/ai_task_orchestrator/service/TrashCleanupServiceTest.java,488b21d0aba40ce0db47d1ffb303c7a3ea70ff38,40dfe97a77449b65e8218f19758241c2ddd0d160ba2cbe8cdbcc5d4751b4e9b7,4009,105,1-105,FULL_FILE,DROP,FEATURE-LIFECYCLE,RISK-PURGE-OUTCOME-UNCERTAIN,DROP-TEST-NOT-PROOF,SEMANTIC-PURGE-VERIFICATION,NO,EVIDENCE-HAPPY-PATH-UNIT,FLOW-LIFECYCLE-PURGE
0df22ddaf02c64bf73a7df12cd5fea6b52632c73,327,src/test/java/com/tuoman/ai_task_orchestrator/service/UploadBatchServiceTest.java,0323fe60c855724464e80077d47bf9220a79ab0a,9b7f1da2549faf55b0e96e43a6dd5bd660d067c47bfe974cb74e2672fc86baea,5007,116,1-116,FULL_FILE,DROP,FEATURE-BATCH,RISK-BATCH-ATOMICITY,DROP-TEST-NOT-PROOF,SEMANTIC-ATOMIC-ENQUEUE,NO,EVIDENCE-HAPPY-PATH-UNIT,FLOW-BATCH
0df22ddaf02c64bf73a7df12cd5fea6b52632c73,328,src/test/java/com/tuoman/ai_task_orchestrator/service/kbhealth/RagEvaluationDatasetServiceTest.java,751a4df00793c0cc532eb0138aca8825d2d712b6,cc3aa34f9c959db8a6f6c522704a9abdd81878993ae6ccf5aaad15c35be265b6,4706,114,1-114,FULL_FILE,DROP,FEATURE-RAG,RISK-RAG-UNTRUSTED-OUTPUT,DROP-TEST-NOT-PROOF,SEMANTIC-CITATION-FINAL-CONTEXT,NO,EVIDENCE-HAPPY-PATH-UNIT,FLOW-RAG-ANSWER
0df22ddaf02c64bf73a7df12cd5fea6b52632c73,329,src/test/java/com/tuoman/ai_task_orchestrator/staticresource/ProductMvpStaticResourceTest.java,360ed32c0e1bec44a0c8977f7bbbf187d5d03671,607327d2c5727507eb3e9b05294c543ef390c8e3526ba5c8fbe48e4129e53083,7679,191,1-191,FULL_FILE,DROP,FEATURE-UI-DOCUMENTATION,RISK-STATIC-CLAIM-NOT-PROOF,DROP-TEST-NOT-PROOF,SEMANTIC-ERROR-REDACTION,NO,EVIDENCE-STATIC-ASSERTION,FLOW-UI-OVERCLAIM
0df22ddaf02c64bf73a7df12cd5fea6b52632c73,330,src/test/java/com/tuoman/ai_task_orchestrator/staticresource/V19MemoryUiDocumentationTest.java,bc8975fa36c75c3b34adba2dddeccfe65663ded8,1eff618a4358f14e1287a017ba949590b210740a285b071714193bff1e90df11,1512,42,1-42,FULL_FILE,DROP,FEATURE-UI-DOCUMENTATION,RISK-STATIC-CLAIM-NOT-PROOF,DROP-TEST-NOT-PROOF,SEMANTIC-ERROR-REDACTION,NO,EVIDENCE-STATIC-ASSERTION,FLOW-UI-OVERCLAIM
