"baseline","partition","path","role","owner","decision","sha256","line_start","line_end","line_count"
"0df22ddaf02c64bf73a7df12cd5fea6b52632c73","legacy-product-residual",".mvn/wrapper/maven-wrapper.properties","legacy-build-entry","build-runtime","DROP","488e1b3f2e641779d4636abf9390845f901e64607261bc3c0b0bfe4fe96e6706","1","3","3"
"0df22ddaf02c64bf73a7df12cd5fea6b52632c73","legacy-product-residual","docker-compose.qdrant.yml","legacy-build-entry","build-runtime","DROP","70de3d2146f281aa25621f12e68a327509f7bd629cd55d0e01aa9da19ffea3e8","1","12","12"
"0df22ddaf02c64bf73a7df12cd5fea6b52632c73","legacy-product-residual","docker-compose.yml","legacy-build-entry","build-runtime","DROP","49581e320d230a942bf49ab6d73b2df408ebbe8910f21584d2e431944953735e","1","27","27"
"0df22ddaf02c64bf73a7df12cd5fea6b52632c73","legacy-product-residual","mvnw","legacy-build-entry","build-runtime","DROP","cae96cef89ebea3531221f4ae17c23cf8edf67d00eae8306d4186ae1bbed4d02","1","295","295"
"0df22ddaf02c64bf73a7df12cd5fea6b52632c73","legacy-product-residual","mvnw.cmd","legacy-build-entry","build-runtime","DROP","4a361e1374a3e5ad6d03e18e9adc0cf181ac5058ac6203b76f0ba3b456b56481","1","189","189"
"0df22ddaf02c64bf73a7df12cd5fea6b52632c73","legacy-product-residual","pom.xml","legacy-build-entry","build-runtime","DROP","e30f509e7dff6b3b9597d550b33c2c0dedd8f1024e2558219b999f4d6a6d9e4d","1","156","156"
"0df22ddaf02c64bf73a7df12cd5fea6b52632c73","legacy-product-residual","scripts/windows/check-env.ps1","legacy-script-residual","windows","DROP","38e9dcc4775d9089d336b6d2298b9d9694d05d65c05aedc2b33a557a972a6d64","1","123","123"
"0df22ddaf02c64bf73a7df12cd5fea6b52632c73","legacy-product-residual","scripts/windows/README.md","legacy-script-residual","windows","DROP","96c9c0b76983b1987e4029e3d8518a449973a5322a42b411cb2d93b86f64c4c8","1","95","95"
"0df22ddaf02c64bf73a7df12cd5fea6b52632c73","legacy-product-residual","scripts/windows/start-local.ps1","legacy-script-residual","windows","DROP","41d9ceab1e84d8ed62e861d6221debec9b2a338ce3d8949c29b3aae644d36faa","1","63","63"
"0df22ddaf02c64bf73a7df12cd5fea6b52632c73","legacy-product-residual","scripts/windows/stop-local.ps1","legacy-script-residual","windows","DROP","87cfc6a22f208ad2622f6da94e07239cdbc2cad98d4591b8b67d916510a0db52","1","37","37"
"0df22ddaf02c64bf73a7df12cd5fea6b52632c73","legacy-product-residual","src/main/java/com/tuoman/ai_task_orchestrator/AiTaskOrchestratorApplication.java","legacy-main-java-residual","AiTaskOrchestratorApplication.java","DROP","40df5f3d268e84536bde6249527d237abd2c932183c8dae30617fd195ea225c7","1","25","25"
"0df22ddaf02c64bf73a7df12cd5fea6b52632c73","legacy-product-residual","src/main/java/com/tuoman/ai_task_orchestrator/common/error/ApiErrorResponse.java","legacy-main-java-residual","common","DROP","4c1e8bbc8680a8a3cd3db252e253097eff303d434fd4b5059a9af107ea4dadf5","1","21","21"
"0df22ddaf02c64bf73a7df12cd5fea6b52632c73","legacy-product-residual","src/main/java/com/tuoman/ai_task_orchestrator/common/error/BusinessException.java","legacy-main-java-residual","common","DROP","c26668fc518efcf496332127e5c057b39de1e0b16b80b1e6816a87ee7673d705","1","326","326"
"0df22ddaf02c64bf73a7df12cd5fea6b52632c73","legacy-product-residual","src/main/java/com/tuoman/ai_task_orchestrator/common/error/ErrorCode.java","legacy-main-java-residual","common","DROP","8103e8c22cf306cbddb591d4a2e230b7254eafbe6da05fa69e6b878013779beb","1","71","71"
"0df22ddaf02c64bf73a7df12cd5fea6b52632c73","legacy-product-residual","src/main/java/com/tuoman/ai_task_orchestrator/common/error/GlobalExceptionHandler.java","legacy-main-java-residual","common","DROP","c2dc23014cfacb1a69d4c800058b3518e159487633451286f6b1a977bb71c995","1","198","198"
"0df22ddaf02c64bf73a7df12cd5fea6b52632c73","legacy-product-residual","src/main/java/com/tuoman/ai_task_orchestrator/config/AgentTaskConfiguration.java","legacy-main-java-residual","config","DROP","e8c046be6e02e0185e2d2357b159b0b8b82b5f973429e27006f5e97821311dc7","1","10","10"
"0df22ddaf02c64bf73a7df12cd5fea6b52632c73","legacy-product-residual","src/main/java/com/tuoman/ai_task_orchestrator/config/BatchIngestionProperties.java","legacy-main-java-residual","config","DROP","fc50b19bdde036938d9b3dfdebcf33650b935962f8f223e69277f58fdf51c5db","1","25","25"
"0df22ddaf02c64bf73a7df12cd5fea6b52632c73","legacy-product-residual","src/main/java/com/tuoman/ai_task_orchestrator/config/ChunkingProperties.java","legacy-main-java-residual","config","DROP","fc914e97fdb2afc46f5e5ec4f6cc1f2499c1b8007e3eda4ebfde7e8502521dd4","1","34","34"
"0df22ddaf02c64bf73a7df12cd5fea6b52632c73","legacy-product-residual","src/main/java/com/tuoman/ai_task_orchestrator/config/ClockConfiguration.java","legacy-main-java-residual","config","DROP","999aac69234afa2c35bb14fcb668910a69f1ff59e5c9cd99fc862a1ba7a23581","1","15","15"
"0df22ddaf02c64bf73a7df12cd5fea6b52632c73","legacy-product-residual","src/main/java/com/tuoman/ai_task_orchestrator/config/MemoryProperties.java","legacy-main-java-residual","config","DROP","64b3d44b6201237377ab96c94c57f52a6619f0d641e7052bd52699bc3fff583f","1","23","23"
"0df22ddaf02c64bf73a7df12cd5fea6b52632c73","legacy-product-residual","src/main/java/com/tuoman/ai_task_orchestrator/config/ModelProviderConfiguration.java","legacy-main-java-residual","config","DROP","38a39a387cb5c76b23b39bd9e1d93433b66cb1cc13d91ec912395c8879399b9e","1","36","36"
"0df22ddaf02c64bf73a7df12cd5fea6b52632c73","legacy-product-residual","src/main/java/com/tuoman/ai_task_orchestrator/config/ModelProviderProperties.java","legacy-main-java-residual","config","DROP","8379fb1713c320539eb47a38d7ada22f53f408e8f72e07726390b0015dc2eb92","1","16","16"
"0df22ddaf02c64bf73a7df12cd5fea6b52632c73","legacy-product-residual","src/main/java/com/tuoman/ai_task_orchestrator/config/RabbitMQConfig.java","legacy-main-java-residual","config","DROP","1722864a07bb774cfd2f69293e032a4ef2a5828303100bed198a2e6e47c83e98","1","108","108"
"0df22ddaf02c64bf73a7df12cd5fea6b52632c73","legacy-product-residual","src/main/java/com/tuoman/ai_task_orchestrator/config/RetrievalPipelineProperties.java","legacy-main-java-residual","config","DROP","86b8ab70e65c138ab7127ce4cd884d4839ef37349f9c7a563e9d862b6d748e18","1","37","37"
"0df22ddaf02c64bf73a7df12cd5fea6b52632c73","legacy-product-residual","src/main/java/com/tuoman/ai_task_orchestrator/config/SecurityProperties.java","legacy-main-java-residual","config","DROP","31be7c4524796ce8155d31a3b4f3a9956e50e1adf61ad1c4875105d60bc1dbd1","1","16","16"
"0df22ddaf02c64bf73a7df12cd5fea6b52632c73","legacy-product-residual","src/main/java/com/tuoman/ai_task_orchestrator/config/TrashProperties.java","legacy-main-java-residual","config","DROP","1869ef235dbb0364dad1a249d9f2f463d3df0b4fb133796afa439e6c1cbdc729","1","19","19"
"0df22ddaf02c64bf73a7df12cd5fea6b52632c73","legacy-product-residual","src/main/java/com/tuoman/ai_task_orchestrator/controller/AgentProfileController.java","legacy-main-java-residual","controller","DROP","fb3232ec1a872d66ee81a337b642a7b60a7d03df376335da1c3efa7fb68b71d0","1","101","101"
"0df22ddaf02c64bf73a7df12cd5fea6b52632c73","legacy-product-residual","src/main/java/com/tuoman/ai_task_orchestrator/controller/AgentTaskController.java","legacy-main-java-residual","controller","DROP","45f2a11e59e2f676bb0522466aa35cd52780098305b299faec04f9a535eb5d08","1","63","63"
"0df22ddaf02c64bf73a7df12cd5fea6b52632c73","legacy-product-residual","src/main/java/com/tuoman/ai_task_orchestrator/controller/AgentToolController.java","legacy-main-java-residual","controller","DROP","fee548eb3695092c46798bb185139f04cd6314f3d2a1609be9822a1463691656","1","23","23"
"0df22ddaf02c64bf73a7df12cd5fea6b52632c73","legacy-product-residual","src/main/java/com/tuoman/ai_task_orchestrator/controller/BatchUploadController.java","legacy-main-java-residual","controller","DROP","c0cae040f55b364a7aa2feac4f5a3be9a4a802b78bf6f970db1fd72daabe1547","1","86","86"
"0df22ddaf02c64bf73a7df12cd5fea6b52632c73","legacy-product-residual","src/main/java/com/tuoman/ai_task_orchestrator/controller/CollectionController.java","legacy-main-java-residual","controller","DROP","72145d7ba87df4015af5d6525dd338b8a31b33079beb9f09558019ffde719803","1","59","59"
"0df22ddaf02c64bf73a7df12cd5fea6b52632c73","legacy-product-residual","src/main/java/com/tuoman/ai_task_orchestrator/controller/DevTaskController.java","legacy-main-java-residual","controller","DROP","bc3f6a76fdcd61b65d53b5b1bf7aeacd7246e0dd23669177dffdef3656e90553","1","30","30"
"0df22ddaf02c64bf73a7df12cd5fea6b52632c73","legacy-product-residual","src/main/java/com/tuoman/ai_task_orchestrator/controller/DevTaskDispatchController.java","legacy-main-java-residual","controller","DROP","3217c2ccefcee84d8065a12a19f825aa43b4b98b8502cc9ee1d11a25126ab0e4","1","23","23"
"0df22ddaf02c64bf73a7df12cd5fea6b52632c73","legacy-product-residual","src/main/java/com/tuoman/ai_task_orchestrator/controller/DocumentController.java","legacy-main-java-residual","controller","DROP","526ff78d9a62ab2f65529d62ae161834dab21a7fc9db734d3f30d401b4922e98","1","92","92"
"0df22ddaf02c64bf73a7df12cd5fea6b52632c73","legacy-product-residual","src/main/java/com/tuoman/ai_task_orchestrator/controller/DocumentIngestionController.java","legacy-main-java-residual","controller","DROP","a4551e181ddcc1979f00a9372fc9f4d6e6221e02fb608842eb881e1aa4272741","1","65","65"
"0df22ddaf02c64bf73a7df12cd5fea6b52632c73","legacy-product-residual","src/main/java/com/tuoman/ai_task_orchestrator/controller/EmbeddingCacheMetricsController.java","legacy-main-java-residual","controller","DROP","312a3275d71d0f872f1070a4b38b3db091a5b91907a9b488a9e3afe81d713270","1","21","21"
"0df22ddaf02c64bf73a7df12cd5fea6b52632c73","legacy-product-residual","src/main/java/com/tuoman/ai_task_orchestrator/controller/MemoryController.java","legacy-main-java-residual","controller","DROP","c3abce635e090e0bded08b0882d96de482813ed6a95ddd1cd002ef5f8789467c","1","137","137"
"0df22ddaf02c64bf73a7df12cd5fea6b52632c73","legacy-product-residual","src/main/java/com/tuoman/ai_task_orchestrator/controller/ModelProviderController.java","legacy-main-java-residual","controller","DROP","aa9eb79c24cbf1f836258d7c8188cb133c79d267d5a6cc2acf08dd7fd1fac45b","1","91","91"
"0df22ddaf02c64bf73a7df12cd5fea6b52632c73","legacy-product-residual","src/main/java/com/tuoman/ai_task_orchestrator/controller/NotificationController.java","legacy-main-java-residual","controller","DROP","1646166b37ac522dff47c0bc420440cc702bb615ae1939ae94bebafe0a8bc1d7","1","41","41"
"0df22ddaf02c64bf73a7df12cd5fea6b52632c73","legacy-product-residual","src/main/java/com/tuoman/ai_task_orchestrator/controller/ProductHomeController.java","legacy-main-java-residual","controller","DROP","ba4061837b980aa0f22eb0891a1b31216911158a2f6ee5d8dbad89d22ac08466","1","19","19"
"0df22ddaf02c64bf73a7df12cd5fea6b52632c73","legacy-product-residual","src/main/java/com/tuoman/ai_task_orchestrator/controller/RagAnswerController.java","legacy-main-java-residual","controller","DROP","66ccbb467ef43b2ec4763b393805baec618736faa1a5a1d8aa9828dd457d8fa2","1","31","31"
"0df22ddaf02c64bf73a7df12cd5fea6b52632c73","legacy-product-residual","src/main/java/com/tuoman/ai_task_orchestrator/controller/RagEvaluationController.java","legacy-main-java-residual","controller","DROP","6520c3f132638d96cca065c01201410f776e08667a04bfb3e3c67b9349400351","1","112","112"
"0df22ddaf02c64bf73a7df12cd5fea6b52632c73","legacy-product-residual","src/main/java/com/tuoman/ai_task_orchestrator/controller/RetrievalEvaluationController.java","legacy-main-java-residual","controller","DROP","567781fc2c6494b6cb5f94ae16e140390e58bad007b06a55269632a3ae51ae38","1","29","29"
"0df22ddaf02c64bf73a7df12cd5fea6b52632c73","legacy-product-residual","src/main/java/com/tuoman/ai_task_orchestrator/controller/RetrievalReindexController.java","legacy-main-java-residual","controller","DROP","937aaca1fb36da2d8d3a2da900a7e53d122724788c1496e165ddddb4b41ca890","1","36","36"
"0df22ddaf02c64bf73a7df12cd5fea6b52632c73","legacy-product-residual","src/main/java/com/tuoman/ai_task_orchestrator/controller/RetrievalSettingsController.java","legacy-main-java-residual","controller","DROP","b06a0708004407109d20db0fd0e4311e20adc0eecb87d931b18abeeaf4f889e7","1","52","52"
"0df22ddaf02c64bf73a7df12cd5fea6b52632c73","legacy-product-residual","src/main/java/com/tuoman/ai_task_orchestrator/controller/RuntimeStatusController.java","legacy-main-java-residual","controller","DROP","e83263dbc2cd434b42f64bc78f6427ae436306a75e0b3f352928900a01a3ec01","1","42","42"
"0df22ddaf02c64bf73a7df12cd5fea6b52632c73","legacy-product-residual","src/main/java/com/tuoman/ai_task_orchestrator/controller/StorageController.java","legacy-main-java-residual","controller","DROP","24266f1121dc569bad1e59cfd8a798076f942b81bede39a0d4a6bc62e07faad1","1","73","73"
"0df22ddaf02c64bf73a7df12cd5fea6b52632c73","legacy-product-residual","src/main/java/com/tuoman/ai_task_orchestrator/controller/TaskController.java","legacy-main-java-residual","controller","DROP","1a1cf756a3a16f5640aaa1845b0bc788366beb8e383fd1f8d47b30a2d7b46ffd","1","64","64"
"0df22ddaf02c64bf73a7df12cd5fea6b52632c73","legacy-product-residual","src/main/java/com/tuoman/ai_task_orchestrator/controller/VectorIndexHealthController.java","legacy-main-java-residual","controller","DROP","1c1235d29d915653f0913c5c14efa7623e2725e3df4b4e3f461614de9e7f9528","1","156","156"
"0df22ddaf02c64bf73a7df12cd5fea6b52632c73","legacy-product-residual","src/main/java/com/tuoman/ai_task_orchestrator/document/DocumentChunker.java","legacy-main-java-residual","document","DROP","080bbeac4b633a1df3b40c4f83e6e464a838c44a4680c8f350a1cde898023e61","1","259","259"
"0df22ddaf02c64bf73a7df12cd5fea6b52632c73","legacy-product-residual","src/main/java/com/tuoman/ai_task_orchestrator/document/DocumentChunkResult.java","legacy-main-java-residual","document","DROP","a3a8451a852780e16f35b18ab208064b3ecd309b3b36fe2181bd797ef45919cb","1","23","23"
"0df22ddaf02c64bf73a7df12cd5fea6b52632c73","legacy-product-residual","src/main/java/com/tuoman/ai_task_orchestrator/document/extract/DocumentFileType.java","legacy-main-java-residual","document","DROP","0c6bc0c6be17cd88f3d8333a780d0c4917b43ab1a419d85259099678ae63769d","1","7","7"
"0df22ddaf02c64bf73a7df12cd5fea6b52632c73","legacy-product-residual","src/main/java/com/tuoman/ai_task_orchestrator/document/extract/DocumentTextExtractor.java","legacy-main-java-residual","document","DROP","99b3af4a6beb9cdbe526ccee4c715508cc20696ba05bd82fe97fe89c5867c630","1","16","16"
"0df22ddaf02c64bf73a7df12cd5fea6b52632c73","legacy-product-residual","src/main/java/com/tuoman/ai_task_orchestrator/document/extract/DocumentTextExtractorRegistry.java","legacy-main-java-residual","document","DROP","5069d42886deb1db1cf1598e8bfa528426a25bbe5703bc1013444b329e7600a3","1","74","74"
"0df22ddaf02c64bf73a7df12cd5fea6b52632c73","legacy-product-residual","src/main/java/com/tuoman/ai_task_orchestrator/document/extract/InMemoryMultipartFile.java","legacy-main-java-residual","document","DROP","b90c76d688e9824c9eb02250098c13ce1fc4fd004d8ff2b98ab3dd3f7f050d8d","1","63","63"
"0df22ddaf02c64bf73a7df12cd5fea6b52632c73","legacy-product-residual","src/main/java/com/tuoman/ai_task_orchestrator/document/extract/MarkdownTextExtractor.java","legacy-main-java-residual","document","DROP","d57caeb3f4f78e3635839b8f7b843e2c780bfe84bafa206d58a4454cec2872d9","1","30","30"
"0df22ddaf02c64bf73a7df12cd5fea6b52632c73","legacy-product-residual","src/main/java/com/tuoman/ai_task_orchestrator/document/extract/PdfTextExtractor.java","legacy-main-java-residual","document","DROP","833a224057e291e9b594292b7095d2cf778ac7ad4fbabcb4c4373dad4f4a6111","1","49","49"
"0df22ddaf02c64bf73a7df12cd5fea6b52632c73","legacy-product-residual","src/main/java/com/tuoman/ai_task_orchestrator/document/extract/TxtTextExtractor.java","legacy-main-java-residual","document","DROP","5558723f1a484aa03806397819d42935111d49201e13991edf264517469f063c","1","30","30"
"0df22ddaf02c64bf73a7df12cd5fea6b52632c73","legacy-product-residual","src/main/java/com/tuoman/ai_task_orchestrator/document/ingestion/DocumentFileValidator.java","legacy-main-java-residual","document","DROP","e8ab4c2498489bd010658fcbdf4758054df89e40a1529464a85e9548ee99e603","1","31","31"
"0df22ddaf02c64bf73a7df12cd5fea6b52632c73","legacy-product-residual","src/main/java/com/tuoman/ai_task_orchestrator/document/ingestion/DocumentIngestionEventRecorder.java","legacy-main-java-residual","document","DROP","4ac0e9f5c33b457ae9e1601ac74caefc9dcceb5315053efb430956f29580a545","1","564","564"
"0df22ddaf02c64bf73a7df12cd5fea6b52632c73","legacy-product-residual","src/main/java/com/tuoman/ai_task_orchestrator/document/ingestion/DocumentIngestionProperties.java","legacy-main-java-residual","document","DROP","94e90e12c9bbe4aee76807ccbafc96a4ae607a9337fac1d77767454af5cba695","1","19","19"
"0df22ddaf02c64bf73a7df12cd5fea6b52632c73","legacy-product-residual","src/main/java/com/tuoman/ai_task_orchestrator/document/ingestion/FileHashService.java","legacy-main-java-residual","document","DROP","6f43df66cb144107262a1897decd3e7d64fa33b4b2871eb64813ee8a7954dd84","1","33","33"
"0df22ddaf02c64bf73a7df12cd5fea6b52632c73","legacy-product-residual","src/main/java/com/tuoman/ai_task_orchestrator/document/ingestion/IngestionAnalyticsDisplayTexts.java","legacy-main-java-residual","document","DROP","293b6aab41a3e43144b31fe2b1a65912e1141161dfee3a49b8532ea8408a88c7","1","52","52"
"0df22ddaf02c64bf73a7df12cd5fea6b52632c73","legacy-product-residual","src/main/java/com/tuoman/ai_task_orchestrator/document/ingestion/IngestionAnalyticsWindow.java","legacy-main-java-residual","document","DROP","3e03de6845e869f4605e2394f02d92a59529d493fdb3ea4bc758a9b26330635b","1","53","53"
"0df22ddaf02c64bf73a7df12cd5fea6b52632c73","legacy-product-residual","src/main/java/com/tuoman/ai_task_orchestrator/document/ingestion/IngestionDisplayTexts.java","legacy-main-java-residual","document","DROP","a0858dd01754e43dfade0574d082704e042819ffa5c13addacc6b172b87c0675","1","92","92"
"0df22ddaf02c64bf73a7df12cd5fea6b52632c73","legacy-product-residual","src/main/java/com/tuoman/ai_task_orchestrator/document/ingestion/IngestionEventDisplayTexts.java","legacy-main-java-residual","document","DROP","52fefd509422321b134e9de3d76fcd4633620111788748e9bf06d37cd50843b5","1","48","48"
"0df22ddaf02c64bf73a7df12cd5fea6b52632c73","legacy-product-residual","src/main/java/com/tuoman/ai_task_orchestrator/document/lifecycle/DocumentLifecycleDisplayTexts.java","legacy-main-java-residual","document","DROP","d606eb012567a623180f3919ce48e7f4311e4846dc6c151343b5592249e8e051","1","82","82"
"0df22ddaf02c64bf73a7df12cd5fea6b52632c73","legacy-product-residual","src/main/java/com/tuoman/ai_task_orchestrator/document/StructuredChunkingService.java","legacy-main-java-residual","document","DROP","3c63144ca4b930d650f3fcb408ad6885af22cb29b56dbec71352d9a2ed10d42a","1","188","188"
"0df22ddaf02c64bf73a7df12cd5fea6b52632c73","legacy-product-residual","src/main/java/com/tuoman/ai_task_orchestrator/document/StructuredChunkResult.java","legacy-main-java-residual","document","DROP","38543852fb69e1b1c7493805004d08b054f9a5e8a65829cedc6598b9e56b34b3","1","92","92"
"0df22ddaf02c64bf73a7df12cd5fea6b52632c73","legacy-product-residual","src/main/java/com/tuoman/ai_task_orchestrator/dto/AgentProfileRequest.java","legacy-main-java-residual","dto","DROP","eff6e5d874c9c78cc13f2af3b221e001ff742e25fc21c4a1ee708b8b39f129cb","1","39","39"
"0df22ddaf02c64bf73a7df12cd5fea6b52632c73","legacy-product-residual","src/main/java/com/tuoman/ai_task_orchestrator/dto/AgentProfileResponse.java","legacy-main-java-residual","dto","DROP","9e68666ca5e6a9c6a852b67e41647fbd82edba3e5af8dbf59c38910cf85e5ce4","1","26","26"
"0df22ddaf02c64bf73a7df12cd5fea6b52632c73","legacy-product-residual","src/main/java/com/tuoman/ai_task_orchestrator/dto/AgentTaskCitationResponse.java","legacy-main-java-residual","dto","DROP","9c92cb8b8eb8b45db9fac2049600b529749637cfac64bbd78d2a56ee13a98608","1","23","23"
"0df22ddaf02c64bf73a7df12cd5fea6b52632c73","legacy-product-residual","src/main/java/com/tuoman/ai_task_orchestrator/dto/AgentTaskDetailResponse.java","legacy-main-java-residual","dto","DROP","3f12d0a99e7a15b10f02201d7a5750beee9fd786ac5ecad143b6b39380d2f102","1","56","56"
"0df22ddaf02c64bf73a7df12cd5fea6b52632c73","legacy-product-residual","src/main/java/com/tuoman/ai_task_orchestrator/dto/AgentTaskEventResponse.java","legacy-main-java-residual","dto","DROP","fb635eed5258bc61c460e1350b23005a4ebe0eb5ed5a18dc3d17237007e0ba17","1","37","37"
"0df22ddaf02c64bf73a7df12cd5fea6b52632c73","legacy-product-residual","src/main/java/com/tuoman/ai_task_orchestrator/dto/AgentTaskModelMetadataResponse.java","legacy-main-java-residual","dto","DROP","86f0b8c1ee7ab63b2976b35ad4af2c5a811f4dfcf08059d9925daf7832c9e31a","1","25","25"
"0df22ddaf02c64bf73a7df12cd5fea6b52632c73","legacy-product-residual","src/main/java/com/tuoman/ai_task_orchestrator/dto/AgentTaskStepResponse.java","legacy-main-java-residual","dto","DROP","c2b5a4d47b3d17ac488e2a6e274acb132f60a758c53b88ca923aed276e6a49f2","1","44","44"
"0df22ddaf02c64bf73a7df12cd5fea6b52632c73","legacy-product-residual","src/main/java/com/tuoman/ai_task_orchestrator/dto/AgentTaskSummaryResponse.java","legacy-main-java-residual","dto","DROP","0c3a1e3b027a6d056aaaefad64b481ec6b60880ec68605a6f69e44eb7d19d81a","1","29","29"
"0df22ddaf02c64bf73a7df12cd5fea6b52632c73","legacy-product-residual","src/main/java/com/tuoman/ai_task_orchestrator/dto/AgentToolResponse.java","legacy-main-java-residual","dto","DROP","13b3bc98f8b4df6b93c79e605b0d1fa652af6ec34147dda7c665f9dbbb98bff0","1","23","23"
"0df22ddaf02c64bf73a7df12cd5fea6b52632c73","legacy-product-residual","src/main/java/com/tuoman/ai_task_orchestrator/dto/BatchIngestionConfigResponse.java","legacy-main-java-residual","dto","DROP","d1197b2212beb4100bcdeae75b936f59b3060b270a557fab9780af80d38e588d","1","21","21"
"0df22ddaf02c64bf73a7df12cd5fea6b52632c73","legacy-product-residual","src/main/java/com/tuoman/ai_task_orchestrator/dto/BatchUploadResponse.java","legacy-main-java-residual","dto","DROP","84d35895a833cc4b0143ec31b09c7e4d85475d506974ce9c5354914d0cf636d3","1","25","25"
"0df22ddaf02c64bf73a7df12cd5fea6b52632c73","legacy-product-residual","src/main/java/com/tuoman/ai_task_orchestrator/dto/CacheClearResponse.java","legacy-main-java-residual","dto","DROP","7a7f7748412bafb28a2d2deec7fdf736df745f36213305f9c066547185538c53","1","17","17"
"0df22ddaf02c64bf73a7df12cd5fea6b52632c73","legacy-product-residual","src/main/java/com/tuoman/ai_task_orchestrator/dto/CollectionAssignmentResponse.java","legacy-main-java-residual","dto","DROP","d3ba746f421b08fbe711d09f6c9ffea7b43c2202d3dd8c28c55aeffbc479a787","1","15","15"
"0df22ddaf02c64bf73a7df12cd5fea6b52632c73","legacy-product-residual","src/main/java/com/tuoman/ai_task_orchestrator/dto/CollectionDetailResponse.java","legacy-main-java-residual","dto","DROP","4bdf94773aa37670d1736a166070a62ea6f2fd103c3577d64bc3253081cafede","1","28","28"
"0df22ddaf02c64bf73a7df12cd5fea6b52632c73","legacy-product-residual","src/main/java/com/tuoman/ai_task_orchestrator/dto/CollectionDocumentItemResponse.java","legacy-main-java-residual","dto","DROP","22bc8ad8e1232a75940957c9fca5a275e06cbc95b381559dfb6725846d27b91b","1","23","23"
"0df22ddaf02c64bf73a7df12cd5fea6b52632c73","legacy-product-residual","src/main/java/com/tuoman/ai_task_orchestrator/dto/CollectionMembershipResponse.java","legacy-main-java-residual","dto","DROP","da5482805cb68180a81e83918ba8a1bfd47344356a090cf636755e86471152a9","1","13","13"
"0df22ddaf02c64bf73a7df12cd5fea6b52632c73","legacy-product-residual","src/main/java/com/tuoman/ai_task_orchestrator/dto/CollectionSummaryResponse.java","legacy-main-java-residual","dto","DROP","8658b445a868f934c435f85129354fcaf4e03ec5b556594082360f3dd544735f","1","25","25"
"0df22ddaf02c64bf73a7df12cd5fea6b52632c73","legacy-product-residual","src/main/java/com/tuoman/ai_task_orchestrator/dto/CreateAgentTaskRequest.java","legacy-main-java-residual","dto","DROP","dbd1ebeb1ccb6609bcc3f474a7129e5510298d9e2b7b52d13b23b2f55e02470f","1","23","23"
"0df22ddaf02c64bf73a7df12cd5fea6b52632c73","legacy-product-residual","src/main/java/com/tuoman/ai_task_orchestrator/dto/CreateAgentTaskResponse.java","legacy-main-java-residual","dto","DROP","2018a89da0c29c808dd2bf0d434af7b74d4d15e1f42d50226432edd2f25a75ff","1","17","17"
"0df22ddaf02c64bf73a7df12cd5fea6b52632c73","legacy-product-residual","src/main/java/com/tuoman/ai_task_orchestrator/dto/CreateCollectionRequest.java","legacy-main-java-residual","dto","DROP","0f8d4eb34885844bde36a645f8ad9da40f36f6b0f603d143d348ba088fb31541","1","18","18"
"0df22ddaf02c64bf73a7df12cd5fea6b52632c73","legacy-product-residual","src/main/java/com/tuoman/ai_task_orchestrator/dto/CreateTaskRequest.java","legacy-main-java-residual","dto","DROP","9ebbb8fbd3ce413bc7ba5e0471208a48445a9e34c3efa69003fb0229107c5aa1","1","16","16"
"0df22ddaf02c64bf73a7df12cd5fea6b52632c73","legacy-product-residual","src/main/java/com/tuoman/ai_task_orchestrator/dto/CreateTaskResponse.java","legacy-main-java-residual","dto","DROP","26c9fba8b8665286d7466d7e035b6d1a21d6983cdcb757356fe54e567fe0650c","1","15","15"
"0df22ddaf02c64bf73a7df12cd5fea6b52632c73","legacy-product-residual","src/main/java/com/tuoman/ai_task_orchestrator/dto/DevTaskDispatchResponse.java","legacy-main-java-residual","dto","DROP","424515847e171f3c0f873f30f7db0a42f3fa1aa6448123f8941aeca755236657","1","15","15"
"0df22ddaf02c64bf73a7df12cd5fea6b52632c73","legacy-product-residual","src/main/java/com/tuoman/ai_task_orchestrator/dto/DocumentChunkResponse.java","legacy-main-java-residual","dto","DROP","9835b01fef399e7c849fc2a2b75e6013bc4cac1b4ecdee548d9ebe5b2528af33","1","31","31"
"0df22ddaf02c64bf73a7df12cd5fea6b52632c73","legacy-product-residual","src/main/java/com/tuoman/ai_task_orchestrator/dto/DocumentDeleteResponse.java","legacy-main-java-residual","dto","DROP","4c4ce8f1655ed7856c680caa6e60d4be336ef974644836707c6479e11119fa9d","1","21","21"
"0df22ddaf02c64bf73a7df12cd5fea6b52632c73","legacy-product-residual","src/main/java/com/tuoman/ai_task_orchestrator/dto/DocumentDetailResponse.java","legacy-main-java-residual","dto","DROP","61ae3163704bde8c46a20a0a83a613585fc6ccbf0b076204915fbb1dd4e9e827","1","29","29"
"0df22ddaf02c64bf73a7df12cd5fea6b52632c73","legacy-product-residual","src/main/java/com/tuoman/ai_task_orchestrator/dto/DocumentEmbeddingResponse.java","legacy-main-java-residual","dto","DROP","8ed7e98ba2e03f9402148537cc47aa67ce76ea99d16bf2a4c9b1b48f3455e158","1","21","21"
"0df22ddaf02c64bf73a7df12cd5fea6b52632c73","legacy-product-residual","src/main/java/com/tuoman/ai_task_orchestrator/dto/DocumentIngestionEventResponse.java","legacy-main-java-residual","dto","DROP","682eed3f337f514e3a945b1925b1ca700cdd6a9df00de1fbdc5653beefd1ab78","1","38","38"
"0df22ddaf02c64bf73a7df12cd5fea6b52632c73","legacy-product-residual","src/main/java/com/tuoman/ai_task_orchestrator/dto/DocumentIngestionEventTimelineResponse.java","legacy-main-java-residual","dto","DROP","204c09e1ea57f16ed65e5804d5add57cda17ffc1decabd9069de7ec5378705a6","1","15","15"
"0df22ddaf02c64bf73a7df12cd5fea6b52632c73","legacy-product-residual","src/main/java/com/tuoman/ai_task_orchestrator/dto/DocumentIngestionResponse.java","legacy-main-java-residual","dto","DROP","48448654c3e015069099b87c8c11db34488b40a59373fe550439d898eec6a16e","1","21","21"
"0df22ddaf02c64bf73a7df12cd5fea6b52632c73","legacy-product-residual","src/main/java/com/tuoman/ai_task_orchestrator/dto/DocumentIngestionSubmitResponse.java","legacy-main-java-residual","dto","DROP","6957d5b6e0bb2070321020ed2436bab2734d474ceceee41a9240d52930f46e11","1","21","21"
"0df22ddaf02c64bf73a7df12cd5fea6b52632c73","legacy-product-residual","src/main/java/com/tuoman/ai_task_orchestrator/dto/DocumentIngestionTaskResponse.java","legacy-main-java-residual","dto","DROP","05549b22f768c00c3acf573410e35414834e307dc26742a18b8f9b5c18156f62","1","67","67"
"0df22ddaf02c64bf73a7df12cd5fea6b52632c73","legacy-product-residual","src/main/java/com/tuoman/ai_task_orchestrator/dto/DocumentPurgeResponse.java","legacy-main-java-residual","dto","DROP","0de78a8a3ede835fc6850425e95e23d24d705615799803db96509108d1b4ced4","1","24","24"
"0df22ddaf02c64bf73a7df12cd5fea6b52632c73","legacy-product-residual","src/main/java/com/tuoman/ai_task_orchestrator/dto/DocumentReindexSubmitResponse.java","legacy-main-java-residual","dto","DROP","f3c5d8699921f3056b3aa7745c1fc18eae35743542eff7f1505e2eb654f22736","1","21","21"
"0df22ddaf02c64bf73a7df12cd5fea6b52632c73","legacy-product-residual","src/main/java/com/tuoman/ai_task_orchestrator/dto/DocumentRestoreResponse.java","legacy-main-java-residual","dto","DROP","550481e296bc7e63c1e4222bc64c10298c135c4ffcf13af42a3f086ab768b940","1","22","22"
"0df22ddaf02c64bf73a7df12cd5fea6b52632c73","legacy-product-residual","src/main/java/com/tuoman/ai_task_orchestrator/dto/DocumentSearchRequest.java","legacy-main-java-residual","dto","DROP","c996badb533c7e4efa612473eebd465cf725ba5ed86d5d521b0fc272d0b1220d","1","19","19"
"0df22ddaf02c64bf73a7df12cd5fea6b52632c73","legacy-product-residual","src/main/java/com/tuoman/ai_task_orchestrator/dto/DocumentSearchResultResponse.java","legacy-main-java-residual","dto","DROP","4040d6e2341c763b239e3d03f529d9c898e932f4168e56c75dd56e27f3d85a0f","1","35","35"
"0df22ddaf02c64bf73a7df12cd5fea6b52632c73","legacy-product-residual","src/main/java/com/tuoman/ai_task_orchestrator/dto/DocumentSummaryResponse.java","legacy-main-java-residual","dto","DROP","f9f04760ae379bc376e21e303755664a9c8ff16b61abff75025068b594b585fe","1","58","58"
"0df22ddaf02c64bf73a7df12cd5fea6b52632c73","legacy-product-residual","src/main/java/com/tuoman/ai_task_orchestrator/dto/DocumentTrashItemResponse.java","legacy-main-java-residual","dto","DROP","82213ce66118897374ef58b9184cf68ad8e0b69a0f933cbd8e241fe2cf7815d7","1","36","36"
"0df22ddaf02c64bf73a7df12cd5fea6b52632c73","legacy-product-residual","src/main/java/com/tuoman/ai_task_orchestrator/dto/DocumentUploadResponse.java","legacy-main-java-residual","dto","DROP","34bf7e560a9977f331c1639ca9272119362695c23633e5399d522b460971c76c","1","17","17"
"0df22ddaf02c64bf73a7df12cd5fea6b52632c73","legacy-product-residual","src/main/java/com/tuoman/ai_task_orchestrator/dto/EmbeddingCacheMetricItemResponse.java","legacy-main-java-residual","dto","DROP","175090683e18435535b67b2815a6e08611ed9e569d2b500cc4db4f3832ddfa6d","1","29","29"
"0df22ddaf02c64bf73a7df12cd5fea6b52632c73","legacy-product-residual","src/main/java/com/tuoman/ai_task_orchestrator/dto/EmbeddingCacheMetricsResponse.java","legacy-main-java-residual","dto","DROP","a434af0dcf8d33230eaabd3f0654809dfd2238bbc674b88dcd03ebacf6a01031","1","13","13"
"0df22ddaf02c64bf73a7df12cd5fea6b52632c73","legacy-product-residual","src/main/java/com/tuoman/ai_task_orchestrator/dto/IngestionAnalyticsResponse.java","legacy-main-java-residual","dto","DROP","b2dfc72427ed377a1ce3ba4e74aad2311c4eb6153aa5298b4dd3702afb198b18","1","39","39"
"0df22ddaf02c64bf73a7df12cd5fea6b52632c73","legacy-product-residual","src/main/java/com/tuoman/ai_task_orchestrator/dto/IngestionFailureReasonResponse.java","legacy-main-java-residual","dto","DROP","9049b531befaea41d31626f7dafb0ee24c047f5ae0062511d5f153a6081539a1","1","15","15"
"0df22ddaf02c64bf73a7df12cd5fea6b52632c73","legacy-product-residual","src/main/java/com/tuoman/ai_task_orchestrator/dto/IngestionRecentFailureResponse.java","legacy-main-java-residual","dto","DROP","bb1730eb126feb2d59e560c759b385a05200b278cfd42963e21d260edfa654c7","1","27","27"
"0df22ddaf02c64bf73a7df12cd5fea6b52632c73","legacy-product-residual","src/main/java/com/tuoman/ai_task_orchestrator/dto/IngestionSlowTaskResponse.java","legacy-main-java-residual","dto","DROP","d8f8f4224be14a802b52f108d72068f3569b238f1200d23629792d7dc3ab5240","1","27","27"
"0df22ddaf02c64bf73a7df12cd5fea6b52632c73","legacy-product-residual","src/main/java/com/tuoman/ai_task_orchestrator/dto/IngestionStageDurationResponse.java","legacy-main-java-residual","dto","DROP","d3cfbbade254df0e531367397b341b44e6e82ed8a9ea6a6e8942c35af642011f","1","17","17"
"0df22ddaf02c64bf73a7df12cd5fea6b52632c73","legacy-product-residual","src/main/java/com/tuoman/ai_task_orchestrator/dto/kbhealth/CompareRagEvaluationRunsRequest.java","legacy-main-java-residual","dto","DROP","5ed99bb98cbf49e4deee02120e8bcb1b31566ab5a259b8eab76d65065203fde0","1","13","13"
"0df22ddaf02c64bf73a7df12cd5fea6b52632c73","legacy-product-residual","src/main/java/com/tuoman/ai_task_orchestrator/dto/kbhealth/CompareRagEvaluationRunsResponse.java","legacy-main-java-residual","dto","DROP","a60f5a0ff8746a04d3cea2cd175ae8560478347b8d7cd0dada8cc026cf0af34b","1","28","28"
"0df22ddaf02c64bf73a7df12cd5fea6b52632c73","legacy-product-residual","src/main/java/com/tuoman/ai_task_orchestrator/dto/kbhealth/CreateRagEvaluationDatasetRequest.java","legacy-main-java-residual","dto","DROP","5ac9bbabb86eee2eff89dae8409711ae59b13346c65b6806060a7417d70126dd","1","21","21"
"0df22ddaf02c64bf73a7df12cd5fea6b52632c73","legacy-product-residual","src/main/java/com/tuoman/ai_task_orchestrator/dto/kbhealth/CreateRagEvaluationRunRequest.java","legacy-main-java-residual","dto","DROP","f879990baff0bca0f2c39c51a5c075b6f093578c4f480659e112e9d52a6fbb72","1","35","35"
"0df22ddaf02c64bf73a7df12cd5fea6b52632c73","legacy-product-residual","src/main/java/com/tuoman/ai_task_orchestrator/dto/kbhealth/ImportRagEvaluationCasesRequest.java","legacy-main-java-residual","dto","DROP","8da5cd5729319a15b04161d9115543b524ab3ba2ec7160162245267799f00021","1","13","13"
"0df22ddaf02c64bf73a7df12cd5fea6b52632c73","legacy-product-residual","src/main/java/com/tuoman/ai_task_orchestrator/dto/kbhealth/ImportRagEvaluationCasesResponse.java","legacy-main-java-residual","dto","DROP","11d4784ec98c4bb15094141c3f2e5f6429b143e98fdb6293d3cb87891e9f43af","1","21","21"
"0df22ddaf02c64bf73a7df12cd5fea6b52632c73","legacy-product-residual","src/main/java/com/tuoman/ai_task_orchestrator/dto/kbhealth/RagEvaluationCaseResponse.java","legacy-main-java-residual","dto","DROP","a7a1c7fa9128d7a923b0080ea56049a305c7b306720ded157a4ef63e5258b8f5","1","50","50"
"0df22ddaf02c64bf73a7df12cd5fea6b52632c73","legacy-product-residual","src/main/java/com/tuoman/ai_task_orchestrator/dto/kbhealth/RagEvaluationCaseResultResponse.java","legacy-main-java-residual","dto","DROP","2f5346e7d06a4adff535b26d32ee4b39f9654b6fc86e72f44fafafe99ce63f6a","1","47","47"
"0df22ddaf02c64bf73a7df12cd5fea6b52632c73","legacy-product-residual","src/main/java/com/tuoman/ai_task_orchestrator/dto/kbhealth/RagEvaluationDatasetResponse.java","legacy-main-java-residual","dto","DROP","2b6b02ac4ad660f9653a98585c628e21125b327553a89108724fa7c447cedac1","1","33","33"
"0df22ddaf02c64bf73a7df12cd5fea6b52632c73","legacy-product-residual","src/main/java/com/tuoman/ai_task_orchestrator/dto/kbhealth/RagEvaluationRunResponse.java","legacy-main-java-residual","dto","DROP","284a33f3577c57505f9249d01d5ae3d26b0423163ebe2e0a12b772ffac07d6a5","1","61","61"
"0df22ddaf02c64bf73a7df12cd5fea6b52632c73","legacy-product-residual","src/main/java/com/tuoman/ai_task_orchestrator/dto/kbhealth/UpdateRagEvaluationCaseRequest.java","legacy-main-java-residual","dto","DROP","3a027b83d0e67e045e2107843718575888c27eaf1999cca708954c8a39c4bd78","1","39","39"
"0df22ddaf02c64bf73a7df12cd5fea6b52632c73","legacy-product-residual","src/main/java/com/tuoman/ai_task_orchestrator/dto/MemoryRequest.java","legacy-main-java-residual","dto","DROP","0688a1dd4aee6bac81d657b334c1c0f2376ed45de25deb2aa5c38e8257fcd010","1","70","70"
"0df22ddaf02c64bf73a7df12cd5fea6b52632c73","legacy-product-residual","src/main/java/com/tuoman/ai_task_orchestrator/dto/MemoryResponse.java","legacy-main-java-residual","dto","DROP","ae9701b50d00b6194872e9722c40ca6d944b15ac3925853aade49212233ca283","1","39","39"
"0df22ddaf02c64bf73a7df12cd5fea6b52632c73","legacy-product-residual","src/main/java/com/tuoman/ai_task_orchestrator/dto/ModelProviderConfigRequest.java","legacy-main-java-residual","dto","DROP","c022e21df2f407643bc9323a8c7186d0a192510245a4f58b5a81f86c251d591f","1","42","42"
"0df22ddaf02c64bf73a7df12cd5fea6b52632c73","legacy-product-residual","src/main/java/com/tuoman/ai_task_orchestrator/dto/ModelProviderConfigResponse.java","legacy-main-java-residual","dto","DROP","17601aa41dc692034bceeb34c14e571a4b4d20418805fe5a872f81661de6a2a9","1","47","47"
"0df22ddaf02c64bf73a7df12cd5fea6b52632c73","legacy-product-residual","src/main/java/com/tuoman/ai_task_orchestrator/dto/ModelProviderCurrentStatusResponse.java","legacy-main-java-residual","dto","DROP","17725b6ba4e70ff536262942843f10937bfc2e1a83aecc0b22c3999d9c0f06dd","1","31","31"
"0df22ddaf02c64bf73a7df12cd5fea6b52632c73","legacy-product-residual","src/main/java/com/tuoman/ai_task_orchestrator/dto/ModelProviderPresetResponse.java","legacy-main-java-residual","dto","DROP","d810f7fff55aef0418f25e6eb3fe2d065e2e0824c4e3cf0caa75b5654d3d0662","1","26","26"
"0df22ddaf02c64bf73a7df12cd5fea6b52632c73","legacy-product-residual","src/main/java/com/tuoman/ai_task_orchestrator/dto/ModelProviderTestResultResponse.java","legacy-main-java-residual","dto","DROP","42dc70dff45b3324da8ceb99f20334198ea8310e2cb42bca516448802639798a","1","23","23"
"0df22ddaf02c64bf73a7df12cd5fea6b52632c73","legacy-product-residual","src/main/java/com/tuoman/ai_task_orchestrator/dto/NotificationResponse.java","legacy-main-java-residual","dto","DROP","d7c60e031e18231e6863e1865ece5244a437389f4ac3c82cd2fc551db0d04436","1","31","31"
"0df22ddaf02c64bf73a7df12cd5fea6b52632c73","legacy-product-residual","src/main/java/com/tuoman/ai_task_orchestrator/dto/RagAnswerRequest.java","legacy-main-java-residual","dto","DROP","02ff991f30c62fbcfa9865d1aff17d477a5abb6283dbd2cb8654b80255a09e60","1","41","41"
"0df22ddaf02c64bf73a7df12cd5fea6b52632c73","legacy-product-residual","src/main/java/com/tuoman/ai_task_orchestrator/dto/RagAnswerResponse.java","legacy-main-java-residual","dto","DROP","fef2c91c941d6a5f041f6950ed53b3b2c53bff62a06d6f2aef910447daf78967","1","92","92"
"0df22ddaf02c64bf73a7df12cd5fea6b52632c73","legacy-product-residual","src/main/java/com/tuoman/ai_task_orchestrator/dto/RagCitationResponse.java","legacy-main-java-residual","dto","DROP","17e3aa97f19de9f76f7afef37067b15b12c1f8c2fac61dcd2ddfdf9a314b9b56","1","208","208"
"0df22ddaf02c64bf73a7df12cd5fea6b52632c73","legacy-product-residual","src/main/java/com/tuoman/ai_task_orchestrator/dto/RagGenerationMetadataResponse.java","legacy-main-java-residual","dto","DROP","8e9039caa7119ac08234c456b983e3501fe5a6c9098e1cf4831b10d42c8afa82","1","40","40"
"0df22ddaf02c64bf73a7df12cd5fea6b52632c73","legacy-product-residual","src/main/java/com/tuoman/ai_task_orchestrator/dto/RagQualityDiagnosisResponse.java","legacy-main-java-residual","dto","DROP","e6337e16eca2a0a969a6902c30405d25c390982f9d2b79757ef8d08b59432b39","1","19","19"
"0df22ddaf02c64bf73a7df12cd5fea6b52632c73","legacy-product-residual","src/main/java/com/tuoman/ai_task_orchestrator/dto/RagQualityIssueResponse.java","legacy-main-java-residual","dto","DROP","214ebf61766c572ab8850dc1a2d7ac91b745873914557919acf1fa8d47cb1dc2","1","26","26"
"0df22ddaf02c64bf73a7df12cd5fea6b52632c73","legacy-product-residual","src/main/java/com/tuoman/ai_task_orchestrator/dto/RagQualityScoreResponse.java","legacy-main-java-residual","dto","DROP","bb84ed340e13aca77c9ea907f5c003294bb58489804c6141146bd9266f6eeff5","1","41","41"
"0df22ddaf02c64bf73a7df12cd5fea6b52632c73","legacy-product-residual","src/main/java/com/tuoman/ai_task_orchestrator/dto/RagQualitySuggestionResponse.java","legacy-main-java-residual","dto","DROP","c8086fce6cf212539fefd7932e4e89e0c850d49a4f99ac0d8a9b670fa9830e2c","1","19","19"
"0df22ddaf02c64bf73a7df12cd5fea6b52632c73","legacy-product-residual","src/main/java/com/tuoman/ai_task_orchestrator/dto/RagRetrievalMetadataResponse.java","legacy-main-java-residual","dto","DROP","a176485549a827a018ecc42bc6abdfca29e516c2d9caed0fc76503d9d07d36f6","1","166","166"
"0df22ddaf02c64bf73a7df12cd5fea6b52632c73","legacy-product-residual","src/main/java/com/tuoman/ai_task_orchestrator/dto/RetrievalBulkReindexRequest.java","legacy-main-java-residual","dto","DROP","968e42ae78d7e292923889ad822fe8d6da24ae782f6d5037e8ed423118a0a50b","1","21","21"
"0df22ddaf02c64bf73a7df12cd5fea6b52632c73","legacy-product-residual","src/main/java/com/tuoman/ai_task_orchestrator/dto/RetrievalEvaluationCaseRequest.java","legacy-main-java-residual","dto","DROP","3fa9f4262587405534648ff3e510e0134e3d34d26b01f2347d94ccc4282f92cc","1","17","17"
"0df22ddaf02c64bf73a7df12cd5fea6b52632c73","legacy-product-residual","src/main/java/com/tuoman/ai_task_orchestrator/dto/RetrievalEvaluationCaseResultResponse.java","legacy-main-java-residual","dto","DROP","75d753b8a0f787e265120ace6e1aad3ad43ab4983816e8105d3ecbd591dceb57","1","21","21"
"0df22ddaf02c64bf73a7df12cd5fea6b52632c73","legacy-product-residual","src/main/java/com/tuoman/ai_task_orchestrator/dto/RetrievalEvaluationRequest.java","legacy-main-java-residual","dto","DROP","649f731da306d4b0a96fd05f74fd483b8b2e1805aee54f67ebb2a0932b06791c","1","17","17"
"0df22ddaf02c64bf73a7df12cd5fea6b52632c73","legacy-product-residual","src/main/java/com/tuoman/ai_task_orchestrator/dto/RetrievalEvaluationResponse.java","legacy-main-java-residual","dto","DROP","c24e7d054433687d99c070a1fea966ba5551420272f25f18284fd569f115a2af","1","21","21"
"0df22ddaf02c64bf73a7df12cd5fea6b52632c73","legacy-product-residual","src/main/java/com/tuoman/ai_task_orchestrator/dto/RetrievalEvaluationSummaryResponse.java","legacy-main-java-residual","dto","DROP","171d189c711da7631986d24cbc8314bc0eaf6acb0fae2e42d0728df1a1044707","1","23","23"
"0df22ddaf02c64bf73a7df12cd5fea6b52632c73","legacy-product-residual","src/main/java/com/tuoman/ai_task_orchestrator/dto/RetrievalMetricAtKResponse.java","legacy-main-java-residual","dto","DROP","635d65c2bd24e7825a06fcb0b6ce2fa0ed85cfd419f1342181027628967c5356","1","23","23"
"0df22ddaf02c64bf73a7df12cd5fea6b52632c73","legacy-product-residual","src/main/java/com/tuoman/ai_task_orchestrator/dto/RetrievalSettingsResponse.java","legacy-main-java-residual","dto","DROP","f3822e93bf8fdff3950b523343c0d27c4bd9d76c43a5a3cbc94b9fc206296adc","1","45","45"
"0df22ddaf02c64bf73a7df12cd5fea6b52632c73","legacy-product-residual","src/main/java/com/tuoman/ai_task_orchestrator/dto/RetrievedChunkEvaluationResponse.java","legacy-main-java-residual","dto","DROP","87760fb5da5b3bf35ea9fe01adbba5aef61a2d495ff77be37329c5be14610130","1","23","23"
"0df22ddaf02c64bf73a7df12cd5fea6b52632c73","legacy-product-residual","src/main/java/com/tuoman/ai_task_orchestrator/dto/RuntimeStatusResponse.java","legacy-main-java-residual","dto","DROP","fc275927da690c9635f258a5d5bf93b7966ea82f8ec663dccf167d603f1b5af6","1","35","35"
"0df22ddaf02c64bf73a7df12cd5fea6b52632c73","legacy-product-residual","src/main/java/com/tuoman/ai_task_orchestrator/dto/RuntimeTestResponse.java","legacy-main-java-residual","dto","DROP","448a20951b54bc3091919d9e213fab8d8ba2bee9782361a0234fe442bb4af55e","1","19","19"
"0df22ddaf02c64bf73a7df12cd5fea6b52632c73","legacy-product-residual","src/main/java/com/tuoman/ai_task_orchestrator/dto/SaveAgentTaskMemoryRequest.java","legacy-main-java-residual","dto","DROP","215cea6526edf4c57167627ec6f1e39067588ea8a6bbee42e6dc1fa209729628","1","27","27"
"0df22ddaf02c64bf73a7df12cd5fea6b52632c73","legacy-product-residual","src/main/java/com/tuoman/ai_task_orchestrator/dto/StorageSummaryResponse.java","legacy-main-java-residual","dto","DROP","2a30e4a82e9b710549aaa8c29cc85a8b721f76e0c25aabdf153e12d9b405a530","1","37","37"
"0df22ddaf02c64bf73a7df12cd5fea6b52632c73","legacy-product-residual","src/main/java/com/tuoman/ai_task_orchestrator/dto/TaskAttemptResponse.java","legacy-main-java-residual","dto","DROP","acb6b077377cf483fa1dab826203a4e6ee399a86e0aed4f5ee7b044d690af825","1","46","46"
"0df22ddaf02c64bf73a7df12cd5fea6b52632c73","legacy-product-residual","src/main/java/com/tuoman/ai_task_orchestrator/dto/TaskDetailResponse.java","legacy-main-java-residual","dto","DROP","8bca6ec385f7243e606ae47eedcc69ca413d30434f4dbcd026466287baa58305","1","54","54"
"0df22ddaf02c64bf73a7df12cd5fea6b52632c73","legacy-product-residual","src/main/java/com/tuoman/ai_task_orchestrator/dto/TaskOutputChunkResponse.java","legacy-main-java-residual","dto","DROP","eae4e7c17d20f0b5cf5d57520dae3c08a36ce2244d62d2f6edf2bf402b0458e7","1","21","21"
"0df22ddaf02c64bf73a7df12cd5fea6b52632c73","legacy-product-residual","src/main/java/com/tuoman/ai_task_orchestrator/dto/TrashCleanupResponse.java","legacy-main-java-residual","dto","DROP","65bd9296bb71f97d43309490be5322e5a2f7cc2078e723e5af2029435b40b08b","1","15","15"
"0df22ddaf02c64bf73a7df12cd5fea6b52632c73","legacy-product-residual","src/main/java/com/tuoman/ai_task_orchestrator/dto/UnreadNotificationCountResponse.java","legacy-main-java-residual","dto","DROP","5a8bf9ae85b55e172d2594574c65cf44f5d6aa6e39b7b9a13d644e02252121db","1","11","11"
"0df22ddaf02c64bf73a7df12cd5fea6b52632c73","legacy-product-residual","src/main/java/com/tuoman/ai_task_orchestrator/dto/UpdateTaskStatusRequest.java","legacy-main-java-residual","dto","DROP","264c3c969826d6eeb89632df394288b94ca354fe9334fcc8e2c56f2f4fdc0b86","1","17","17"
"0df22ddaf02c64bf73a7df12cd5fea6b52632c73","legacy-product-residual","src/main/java/com/tuoman/ai_task_orchestrator/dto/UploadBatchDetailResponse.java","legacy-main-java-residual","dto","DROP","e7a29f48b97107cf8393397c9abe5078ee35a15e7db462b52ea5b911749500f4","1","15","15"
"0df22ddaf02c64bf73a7df12cd5fea6b52632c73","legacy-product-residual","src/main/java/com/tuoman/ai_task_orchestrator/dto/UploadBatchItemResponse.java","legacy-main-java-residual","dto","DROP","da94de2ba8f2f35f3a10d02ebeb6eae17e6d526007f38b250b6abf1b28b7d8f0","1","45","45"
"0df22ddaf02c64bf73a7df12cd5fea6b52632c73","legacy-product-residual","src/main/java/com/tuoman/ai_task_orchestrator/dto/UploadBatchSummaryResponse.java","legacy-main-java-residual","dto","DROP","4dd51ce0b5a8b5fe02039cc95efc0c3a0352ab15e16d587c7c4a0878b60c6f66","1","45","45"
"0df22ddaf02c64bf73a7df12cd5fea6b52632c73","legacy-product-residual","src/main/java/com/tuoman/ai_task_orchestrator/dto/VectorCleanupResponse.java","legacy-main-java-residual","dto","DROP","2362551989ee93c4ed8bbdbe4c0ef4ab16e24bc593dd5189a7aec86775944c52","1","17","17"
"0df22ddaf02c64bf73a7df12cd5fea6b52632c73","legacy-product-residual","src/main/java/com/tuoman/ai_task_orchestrator/dto/VectorIndexAuditIssueResponse.java","legacy-main-java-residual","dto","DROP","aa3238142b8ea4a4f1a7086431249f97b857a241394fc6490f6b3aaf50aaf57b","1","18","18"
"0df22ddaf02c64bf73a7df12cd5fea6b52632c73","legacy-product-residual","src/main/java/com/tuoman/ai_task_orchestrator/dto/VectorIndexAuditRequest.java","legacy-main-java-residual","dto","DROP","1f9a573a91166f2dd23bf03ee014eb425ea1bd271b6bf98c126818ca1f2253b4","1","12","12"
"0df22ddaf02c64bf73a7df12cd5fea6b52632c73","legacy-product-residual","src/main/java/com/tuoman/ai_task_orchestrator/dto/VectorIndexAuditRunResponse.java","legacy-main-java-residual","dto","DROP","67c2e7e41334349c67bd0e14d7ae55b65f5799e42aa86e2c85fa069d61e4ae05","1","19","19"
"0df22ddaf02c64bf73a7df12cd5fea6b52632c73","legacy-product-residual","src/main/java/com/tuoman/ai_task_orchestrator/dto/VectorIndexSummaryResponse.java","legacy-main-java-residual","dto","DROP","2783d19cf937687b7635a075c8447492a9f6632563c470a12dce62ed406ebef0","1","19","19"
"0df22ddaf02c64bf73a7df12cd5fea6b52632c73","legacy-product-residual","src/main/java/com/tuoman/ai_task_orchestrator/embedding/CachedEmbeddingResult.java","legacy-main-java-residual","embedding","DROP","158655a69e2a7fbf2bcfb2e62dbcc73aaebb3bddfc40932f48f7cfa1c383f1b4","1","14","14"
"0df22ddaf02c64bf73a7df12cd5fea6b52632c73","legacy-product-residual","src/main/java/com/tuoman/ai_task_orchestrator/embedding/ChunkHashService.java","legacy-main-java-residual","embedding","DROP","bdd6a57158d7aff189381c427ccd3ba91d00b2cdee63604c5ebd30376a2a0293","1","49","49"
"0df22ddaf02c64bf73a7df12cd5fea6b52632c73","legacy-product-residual","src/main/java/com/tuoman/ai_task_orchestrator/embedding/EmbeddingCacheJsonCodec.java","legacy-main-java-residual","embedding","DROP","4205ebaf349aeda7a37c32ca6715c1484ba77f3333920e11d96e8332b8a7f387","1","45","45"
"0df22ddaf02c64bf73a7df12cd5fea6b52632c73","legacy-product-residual","src/main/java/com/tuoman/ai_task_orchestrator/embedding/EmbeddingCacheMetricsService.java","legacy-main-java-residual","embedding","DROP","8a049c7f7b323ce1e4dd836968be4d1a5c9cb79f820a4f345e5925d23d0518fc","1","221","221"
"0df22ddaf02c64bf73a7df12cd5fea6b52632c73","legacy-product-residual","src/main/java/com/tuoman/ai_task_orchestrator/embedding/EmbeddingCacheService.java","legacy-main-java-residual","embedding","DROP","bd5a03371ccfcc6dcb5f379036533c6c254b7f632e21eb34745c1e29cd3faa74","1","171","171"
"0df22ddaf02c64bf73a7df12cd5fea6b52632c73","legacy-product-residual","src/main/java/com/tuoman/ai_task_orchestrator/embedding/EmbeddingClient.java","legacy-main-java-residual","embedding","DROP","9671566b1ba5d57f8b79b0cae02ec0e19c2b43e76a57f4796563e444cc154191","1","6","6"
"0df22ddaf02c64bf73a7df12cd5fea6b52632c73","legacy-product-residual","src/main/java/com/tuoman/ai_task_orchestrator/embedding/EmbeddingProperties.java","legacy-main-java-residual","embedding","DROP","e8bfcffcb977059718a046ba9e9805de5d868ce74883af02b2698e2f9aec564c","1","45","45"
"0df22ddaf02c64bf73a7df12cd5fea6b52632c73","legacy-product-residual","src/main/java/com/tuoman/ai_task_orchestrator/embedding/EmbeddingProvider.java","legacy-main-java-residual","embedding","DROP","a88520b24db9d5b527bf54b0c0ea6dcca5104232d9038110a30f85b1cd011014","1","36","36"
"0df22ddaf02c64bf73a7df12cd5fea6b52632c73","legacy-product-residual","src/main/java/com/tuoman/ai_task_orchestrator/embedding/EmbeddingProviderConfiguration.java","legacy-main-java-residual","embedding","DROP","ecd175737af9efc31010d80ba2b9941be385a2c29303e8ebd095587612473f2a","1","49","49"
"0df22ddaf02c64bf73a7df12cd5fea6b52632c73","legacy-product-residual","src/main/java/com/tuoman/ai_task_orchestrator/embedding/EmbeddingProviderException.java","legacy-main-java-residual","embedding","DROP","441c1216df83be93060f5871752d133469ab00f84419c891f1bd26d379ccd6e9","1","12","12"
"0df22ddaf02c64bf73a7df12cd5fea6b52632c73","legacy-product-residual","src/main/java/com/tuoman/ai_task_orchestrator/embedding/EmbeddingRequest.java","legacy-main-java-residual","embedding","DROP","4037d5d9efc65ba4e45dfa15cabe9c0b31dec3a691292d9d7ac3304b7ff449df","1","13","13"
"0df22ddaf02c64bf73a7df12cd5fea6b52632c73","legacy-product-residual","src/main/java/com/tuoman/ai_task_orchestrator/embedding/EmbeddingResponse.java","legacy-main-java-residual","embedding","DROP","4180edd55140d3158a0dec2c789039c8157cb7a43c9ef555101ad4f25bdb502e","1","21","21"
"0df22ddaf02c64bf73a7df12cd5fea6b52632c73","legacy-product-residual","src/main/java/com/tuoman/ai_task_orchestrator/embedding/EmbeddingVectorUtils.java","legacy-main-java-residual","embedding","DROP","7ab3d1bea399f2b8d15b0ce23aefc3222260c749849d1d4f10b4bcad5b726255","1","80","80"
"0df22ddaf02c64bf73a7df12cd5fea6b52632c73","legacy-product-residual","src/main/java/com/tuoman/ai_task_orchestrator/embedding/LocalEmbeddingWorkerClient.java","legacy-main-java-residual","embedding","DROP","c31d5b20e71042f8fccfc756f2debbeae3245f8835cc946dd2062cee26af5dc9","1","9","9"
"0df22ddaf02c64bf73a7df12cd5fea6b52632c73","legacy-product-residual","src/main/java/com/tuoman/ai_task_orchestrator/embedding/LocalEmbeddingWorkerProvider.java","legacy-main-java-residual","embedding","DROP","8b49af01a2a52c59a789bf93ab6a1477643645785b8caab1aca0027fd76cd0bd","1","170","170"
"0df22ddaf02c64bf73a7df12cd5fea6b52632c73","legacy-product-residual","src/main/java/com/tuoman/ai_task_orchestrator/embedding/LocalEmbeddingWorkerRequest.java","legacy-main-java-residual","embedding","DROP","f0b1c4ded72018ed2258efa77af35c3e842e2934a3641903e160cc777fb1ee37","1","15","15"
"0df22ddaf02c64bf73a7df12cd5fea6b52632c73","legacy-product-residual","src/main/java/com/tuoman/ai_task_orchestrator/embedding/LocalEmbeddingWorkerResponse.java","legacy-main-java-residual","embedding","DROP","ae8552871a18916115c700b1960b4be148b3d8ff0d31b25bbc29e5cba5f23fa2","1","28","28"
"0df22ddaf02c64bf73a7df12cd5fea6b52632c73","legacy-product-residual","src/main/java/com/tuoman/ai_task_orchestrator/embedding/MockEmbeddingClient.java","legacy-main-java-residual","embedding","DROP","5d2bf98054d2a81fbb7b181a58159a6793e05ebcb243e61f9af3025cb72b9c1f","1","109","109"
"0df22ddaf02c64bf73a7df12cd5fea6b52632c73","legacy-product-residual","src/main/java/com/tuoman/ai_task_orchestrator/embedding/OpenAiCompatibleEmbeddingProvider.java","legacy-main-java-residual","embedding","DROP","bb73472c1020f9b44228d934a275397cac922650c7a6d096fda15383b2ebf2a2","1","113","113"
"0df22ddaf02c64bf73a7df12cd5fea6b52632c73","legacy-product-residual","src/main/java/com/tuoman/ai_task_orchestrator/embedding/OpenAiEmbeddingHttpClient.java","legacy-main-java-residual","embedding","DROP","04bb00e2c766989c0467877f1f83ea6c15cd6f6593ccd5618d07ed8ff4d0ef69","1","9","9"
"0df22ddaf02c64bf73a7df12cd5fea6b52632c73","legacy-product-residual","src/main/java/com/tuoman/ai_task_orchestrator/embedding/OpenAiEmbeddingRequest.java","legacy-main-java-residual","embedding","DROP","9dcfb8ce9b19ed2e6589eb35e917560fc9f3c6b07973c52a1026716cfa737079","1","15","15"
"0df22ddaf02c64bf73a7df12cd5fea6b52632c73","legacy-product-residual","src/main/java/com/tuoman/ai_task_orchestrator/embedding/OpenAiEmbeddingResponse.java","legacy-main-java-residual","embedding","DROP","31a16cf9b2a0c8c04d107d336b027716b46ea5e2c93378eaa1db8ef435f6dfdc","1","38","38"
"0df22ddaf02c64bf73a7df12cd5fea6b52632c73","legacy-product-residual","src/main/java/com/tuoman/ai_task_orchestrator/embedding/RestClientLocalEmbeddingWorkerClient.java","legacy-main-java-residual","embedding","DROP","51ccfe333b6c51600db8507d37b79cd17867bf4f54dd37e5271d06b431ec2cf1","1","72","72"
"0df22ddaf02c64bf73a7df12cd5fea6b52632c73","legacy-product-residual","src/main/java/com/tuoman/ai_task_orchestrator/embedding/RestClientOpenAiEmbeddingHttpClient.java","legacy-main-java-residual","embedding","DROP","cada1e4973f8aa3b288f92e44863a1d61215916ef963965e7da462c157513ca0","1","46","46"
"0df22ddaf02c64bf73a7df12cd5fea6b52632c73","legacy-product-residual","src/main/java/com/tuoman/ai_task_orchestrator/embedding/RoutingEmbeddingProvider.java","legacy-main-java-residual","embedding","DROP","3711a6ea1fc29fa22a51f6e28f5cda37a172b84449c4c3b6829839e89580d74d","1","118","118"
"0df22ddaf02c64bf73a7df12cd5fea6b52632c73","legacy-product-residual","src/main/java/com/tuoman/ai_task_orchestrator/embedding/RuntimeOpenAiEmbeddingService.java","legacy-main-java-residual","embedding","DROP","fc6036feb14ad6f68e48bf3cfb00b8dda77cd605cc258a97783027d9feb1da2c","1","95","95"
"0df22ddaf02c64bf73a7df12cd5fea6b52632c73","legacy-product-residual","src/main/java/com/tuoman/ai_task_orchestrator/entity/AgentProfileEntity.java","legacy-main-java-residual","entity","DROP","a9505f33b6d5f3998675b3001c1d6031b89722766734264761eaaccc4634382d","1","78","78"
"0df22ddaf02c64bf73a7df12cd5fea6b52632c73","legacy-product-residual","src/main/java/com/tuoman/ai_task_orchestrator/entity/AgentTaskCitationEntity.java","legacy-main-java-residual","entity","DROP","32b7156becea6d72bae47c48fb37ff7507c5c34726acfeb7a1a9186a64783b63","1","51","51"
"0df22ddaf02c64bf73a7df12cd5fea6b52632c73","legacy-product-residual","src/main/java/com/tuoman/ai_task_orchestrator/entity/AgentTaskEntity.java","legacy-main-java-residual","entity","DROP","55a51e34ca005fb858ee0ff25636744ea7bf5bbff8eadf3e468031bcf649871c","1","117","117"
"0df22ddaf02c64bf73a7df12cd5fea6b52632c73","legacy-product-residual","src/main/java/com/tuoman/ai_task_orchestrator/entity/AgentTaskEventEntity.java","legacy-main-java-residual","entity","DROP","b1095f607e41848674686abec4dec9581770a80c2fffb539965e92d4776875fa","1","67","67"
"0df22ddaf02c64bf73a7df12cd5fea6b52632c73","legacy-product-residual","src/main/java/com/tuoman/ai_task_orchestrator/entity/AgentTaskStepEntity.java","legacy-main-java-residual","entity","DROP","e2df7172bd62c2604ec0f14a38593977be8f9918742b26a7f6b602e5a3cf28bc","1","92","92"
"0df22ddaf02c64bf73a7df12cd5fea6b52632c73","legacy-product-residual","src/main/java/com/tuoman/ai_task_orchestrator/entity/DocumentChunkEmbeddingEntity.java","legacy-main-java-residual","entity","DROP","02eca4990ddb3e98d0f98cf79206a4dea9e90cf1372bc1b7e7c790946d403c32","1","83","83"
"0df22ddaf02c64bf73a7df12cd5fea6b52632c73","legacy-product-residual","src/main/java/com/tuoman/ai_task_orchestrator/entity/DocumentChunkEntity.java","legacy-main-java-residual","entity","DROP","0018873c223fdd8ffea851991ea0d0234587fac359afcdb795d1621ddb17a9fc","1","143","143"
"0df22ddaf02c64bf73a7df12cd5fea6b52632c73","legacy-product-residual","src/main/java/com/tuoman/ai_task_orchestrator/entity/DocumentCollectionEntity.java","legacy-main-java-residual","entity","DROP","a53265aabf46242b5a57eb82a4d31a92da7e6aada2cfa6bcd56abd809c98ccae","1","34","34"
"0df22ddaf02c64bf73a7df12cd5fea6b52632c73","legacy-product-residual","src/main/java/com/tuoman/ai_task_orchestrator/entity/DocumentEntity.java","legacy-main-java-residual","entity","DROP","c534d0e447a17c8f39ef30f65c1c743e3a2db9e12e97dc29d57e831357bac0be","1","122","122"
"0df22ddaf02c64bf73a7df12cd5fea6b52632c73","legacy-product-residual","src/main/java/com/tuoman/ai_task_orchestrator/entity/DocumentIngestionEventEntity.java","legacy-main-java-residual","entity","DROP","aee1d125c1587faebb3ff9ff103cd1e8ca3079d18b015fb0aa211087dabd4a98","1","67","67"
"0df22ddaf02c64bf73a7df12cd5fea6b52632c73","legacy-product-residual","src/main/java/com/tuoman/ai_task_orchestrator/entity/DocumentIngestionTaskEntity.java","legacy-main-java-residual","entity","DROP","e0c293457089dadb4f3ad75af9e38c53ca697de961be73b6621b49be4b0457d7","1","105","105"
"0df22ddaf02c64bf73a7df12cd5fea6b52632c73","legacy-product-residual","src/main/java/com/tuoman/ai_task_orchestrator/entity/EmbeddingCacheEntity.java","legacy-main-java-residual","entity","DROP","10e0f7c3a78a8fd58655d383a04d34d680bf36542e43873e93b7c12241489208","1","57","57"
"0df22ddaf02c64bf73a7df12cd5fea6b52632c73","legacy-product-residual","src/main/java/com/tuoman/ai_task_orchestrator/entity/EmbeddingCacheMetricEntity.java","legacy-main-java-residual","entity","DROP","f51c12f550b0ec772f587667d285ee5d84c83f3cf7fe6627eefc42e7ed3b93d5","1","69","69"
"0df22ddaf02c64bf73a7df12cd5fea6b52632c73","legacy-product-residual","src/main/java/com/tuoman/ai_task_orchestrator/entity/KnowledgeCollectionEntity.java","legacy-main-java-residual","entity","DROP","517f1b26dc1262e74c8d8aaead2b75a5196c934da2c0031a81fe49ff826810d0","1","54","54"
"0df22ddaf02c64bf73a7df12cd5fea6b52632c73","legacy-product-residual","src/main/java/com/tuoman/ai_task_orchestrator/entity/MemoryItemEntity.java","legacy-main-java-residual","entity","DROP","badd9f6e843e29b6dedd10b83634cd3e3c0a27d343babc852d3bd891b463e865","1","136","136"
"0df22ddaf02c64bf73a7df12cd5fea6b52632c73","legacy-product-residual","src/main/java/com/tuoman/ai_task_orchestrator/entity/ModelProviderConfigEntity.java","legacy-main-java-residual","entity","DROP","e5244bb4ff15aea078d5c4d8c07ee2890670a47fa2e2a40938632b1697eaea19","1","94","94"
"0df22ddaf02c64bf73a7df12cd5fea6b52632c73","legacy-product-residual","src/main/java/com/tuoman/ai_task_orchestrator/entity/NotificationEntity.java","legacy-main-java-residual","entity","DROP","de89058de8df51f0c076d6fd36563d436cfa79e308241e0630b73ccf3f0aad15","1","66","66"
"0df22ddaf02c64bf73a7df12cd5fea6b52632c73","legacy-product-residual","src/main/java/com/tuoman/ai_task_orchestrator/entity/PromptTemplateEntity.java","legacy-main-java-residual","entity","DROP","9a8364239cc60e9d7ba98f9e9147d6eec02140eb629b007268d0fe837b0babd0","1","55","55"
"0df22ddaf02c64bf73a7df12cd5fea6b52632c73","legacy-product-residual","src/main/java/com/tuoman/ai_task_orchestrator/entity/RagEvaluationCaseEntity.java","legacy-main-java-residual","entity","DROP","126d58c3378411bb5c3a6e0bbaa32698e72f0e5842a801d0a8ef86e23c613199","1","89","89"
"0df22ddaf02c64bf73a7df12cd5fea6b52632c73","legacy-product-residual","src/main/java/com/tuoman/ai_task_orchestrator/entity/RagEvaluationCaseResultEntity.java","legacy-main-java-residual","entity","DROP","b9e9e8803198d16ec62296ea8264b837f1c5b47de1b83ca26027aeb35cad0c04","1","91","91"
"0df22ddaf02c64bf73a7df12cd5fea6b52632c73","legacy-product-residual","src/main/java/com/tuoman/ai_task_orchestrator/entity/RagEvaluationDatasetEntity.java","legacy-main-java-residual","entity","DROP","916edb59adf8a3c0a5058159e956dd670c35f9ed6fcef9b6c3f8d8b0794ff61f","1","67","67"
"0df22ddaf02c64bf73a7df12cd5fea6b52632c73","legacy-product-residual","src/main/java/com/tuoman/ai_task_orchestrator/entity/RagEvaluationRunEntity.java","legacy-main-java-residual","entity","DROP","c8f60897e75d7a4ac02fa8e5b8dfbb6c5d63419b7a1f9fe5e4b0a8e43a5f52f0","1","121","121"
"0df22ddaf02c64bf73a7df12cd5fea6b52632c73","legacy-product-residual","src/main/java/com/tuoman/ai_task_orchestrator/entity/RetrievalReindexEventEntity.java","legacy-main-java-residual","entity","DROP","be3e3ca15d0ce259527537e8fc4e580a1d72d358edd1fbf0bb32efa730743432","1","47","47"
"0df22ddaf02c64bf73a7df12cd5fea6b52632c73","legacy-product-residual","src/main/java/com/tuoman/ai_task_orchestrator/entity/TaskAttemptEntity.java","legacy-main-java-residual","entity","DROP","e33bc201da3f584f33aac31f3415370b252e0bc2a8c23abc76c90c225f958d34","1","96","96"
"0df22ddaf02c64bf73a7df12cd5fea6b52632c73","legacy-product-residual","src/main/java/com/tuoman/ai_task_orchestrator/entity/TaskEntity.java","legacy-main-java-residual","entity","DROP","8bd17efce11acf739ee79a11596748d6dbd2cef33bb47be4533a900c3e97411c","1","92","92"
"0df22ddaf02c64bf73a7df12cd5fea6b52632c73","legacy-product-residual","src/main/java/com/tuoman/ai_task_orchestrator/entity/TaskEventEntity.java","legacy-main-java-residual","entity","DROP","a14b81238efd1a940cc5ae974dafd3daeb839a09d70fb2462101af53ac6d4841","1","46","46"
"0df22ddaf02c64bf73a7df12cd5fea6b52632c73","legacy-product-residual","src/main/java/com/tuoman/ai_task_orchestrator/entity/TaskOutboxEntity.java","legacy-main-java-residual","entity","DROP","3ae170387d9d787b777b1e4e7d2aeec9ee8c96828cece71f32280d0ccbe4db45","1","77","77"
"0df22ddaf02c64bf73a7df12cd5fea6b52632c73","legacy-product-residual","src/main/java/com/tuoman/ai_task_orchestrator/entity/TaskOutputChunkEntity.java","legacy-main-java-residual","entity","DROP","d0279e09ffc380893f8f9ca40f19161918a2e6f2c3856a353b390992e6f31b68","1","41","41"
"0df22ddaf02c64bf73a7df12cd5fea6b52632c73","legacy-product-residual","src/main/java/com/tuoman/ai_task_orchestrator/entity/UploadBatchEntity.java","legacy-main-java-residual","entity","DROP","5f8b662ccd85434cfe6bcdd420953c56c0375b2ece34ff1dcb2f32493f4aa24a","1","125","125"
"0df22ddaf02c64bf73a7df12cd5fea6b52632c73","legacy-product-residual","src/main/java/com/tuoman/ai_task_orchestrator/entity/UploadBatchItemEntity.java","legacy-main-java-residual","entity","DROP","4a9a0beee73bd0de4e91797ae8d02498c935ccce1d50cf2c18783bb11f7b626d","1","95","95"
"0df22ddaf02c64bf73a7df12cd5fea6b52632c73","legacy-product-residual","src/main/java/com/tuoman/ai_task_orchestrator/entity/VectorAuditIssueEntity.java","legacy-main-java-residual","entity","DROP","ecfe0d0a803e0c75eea2c785081f7918089203a21d73583cce2be9f64f3b0cb3","1","62","62"
"0df22ddaf02c64bf73a7df12cd5fea6b52632c73","legacy-product-residual","src/main/java/com/tuoman/ai_task_orchestrator/entity/VectorAuditRunEntity.java","legacy-main-java-residual","entity","DROP","d40a2839db07627cfd552da1c31f197e545c09b835f8630eea81ef33d8f7ed8c","1","57","57"
"0df22ddaf02c64bf73a7df12cd5fea6b52632c73","legacy-product-residual","src/main/java/com/tuoman/ai_task_orchestrator/entity/VectorIndexGenerationEntity.java","legacy-main-java-residual","entity","DROP","194e554ebba4241e15830ecb32754e38dbd9aeada430ab0efc1633daabdc4497","1","63","63"
"0df22ddaf02c64bf73a7df12cd5fea6b52632c73","legacy-product-residual","src/main/java/com/tuoman/ai_task_orchestrator/enums/AgentTaskEventStatus.java","legacy-main-java-residual","enums","DROP","6d7df83df61126f8276ce282d3c787dbdcd96fc045b926ce83f55d7e454cd53b","1","7","7"
"0df22ddaf02c64bf73a7df12cd5fea6b52632c73","legacy-product-residual","src/main/java/com/tuoman/ai_task_orchestrator/enums/AgentTaskEventType.java","legacy-main-java-residual","enums","DROP","806b768b62b03499272d7e7f4a488616f8cb98d13027c55e255b65aaa91fd2e5","1","20","20"
"0df22ddaf02c64bf73a7df12cd5fea6b52632c73","legacy-product-residual","src/main/java/com/tuoman/ai_task_orchestrator/enums/AgentTaskStatus.java","legacy-main-java-residual","enums","DROP","a944f901662dab0901d76810ec616ede446958801305f5a7a3210a74aeca8540","1","9","9"
"0df22ddaf02c64bf73a7df12cd5fea6b52632c73","legacy-product-residual","src/main/java/com/tuoman/ai_task_orchestrator/enums/AgentTaskStep.java","legacy-main-java-residual","enums","DROP","c3543243ab9f26405e4c71d2a7a31daf09259f00dad0cd9a18cfa7c80e278fa1","1","10","10"
"0df22ddaf02c64bf73a7df12cd5fea6b52632c73","legacy-product-residual","src/main/java/com/tuoman/ai_task_orchestrator/enums/AgentTaskStepStatus.java","legacy-main-java-residual","enums","DROP","9a7e86c214367ef81f1d446a52b113c7942dce93ef6ad20d7f159f6c82a57281","1","9","9"
"0df22ddaf02c64bf73a7df12cd5fea6b52632c73","legacy-product-residual","src/main/java/com/tuoman/ai_task_orchestrator/enums/AgentTaskStepType.java","legacy-main-java-residual","enums","DROP","180e7df9d69130e5aea5dc1ef88ce911137ec726b10bb9ee869629e7ab9166cb","1","7","7"
"0df22ddaf02c64bf73a7df12cd5fea6b52632c73","legacy-product-residual","src/main/java/com/tuoman/ai_task_orchestrator/enums/ChunkingStrategy.java","legacy-main-java-residual","enums","DROP","ef86e82a6b946d54f08f072f59823d9f17a0a9312a2f1ceeb0ce274369773b10","1","8","8"
"0df22ddaf02c64bf73a7df12cd5fea6b52632c73","legacy-product-residual","src/main/java/com/tuoman/ai_task_orchestrator/enums/ChunkMetadataStatus.java","legacy-main-java-residual","enums","DROP","be89a40607423fbad09c19c73c3689aeffa8b326bb478d79404269cac31c9c80","1","9","9"
"0df22ddaf02c64bf73a7df12cd5fea6b52632c73","legacy-product-residual","src/main/java/com/tuoman/ai_task_orchestrator/enums/ChunkStatus.java","legacy-main-java-residual","enums","DROP","837e10bdb40e79d3034174804f26540ae3a46af240316f5aa1d675beb485025c","1","6","6"
"0df22ddaf02c64bf73a7df12cd5fea6b52632c73","legacy-product-residual","src/main/java/com/tuoman/ai_task_orchestrator/enums/ChunkType.java","legacy-main-java-residual","enums","DROP","cd89a726bc6a83eb241088ea25678b2c18e93cedb55ab78e04bffc85d055142d","1","13","13"
"0df22ddaf02c64bf73a7df12cd5fea6b52632c73","legacy-product-residual","src/main/java/com/tuoman/ai_task_orchestrator/enums/CollectionStatus.java","legacy-main-java-residual","enums","DROP","1e49880d944178cd403a2cbb5ec213e0ceac54f97970739a4d4eb6f9b6e140db","1","5","5"
"0df22ddaf02c64bf73a7df12cd5fea6b52632c73","legacy-product-residual","src/main/java/com/tuoman/ai_task_orchestrator/enums/ContextExpansionStrategy.java","legacy-main-java-residual","enums","DROP","b715bb84cf5bbb836838d1b2c7ee3a02ff09a45738128a6032488a88c842963c","1","8","8"
"0df22ddaf02c64bf73a7df12cd5fea6b52632c73","legacy-product-residual","src/main/java/com/tuoman/ai_task_orchestrator/enums/DocumentDocType.java","legacy-main-java-residual","enums","DROP","d3b20a59dc51a4322bf319dd79f752d07f760abb5c04e0f54d2993f9169628a3","1","14","14"
"0df22ddaf02c64bf73a7df12cd5fea6b52632c73","legacy-product-residual","src/main/java/com/tuoman/ai_task_orchestrator/enums/DocumentLifecycleStatus.java","legacy-main-java-residual","enums","DROP","3518a4affb632134f37df0a882f574609e6f00193ebb94463d35ffd436f50135","1","11","11"
"0df22ddaf02c64bf73a7df12cd5fea6b52632c73","legacy-product-residual","src/main/java/com/tuoman/ai_task_orchestrator/enums/DocumentPurgeStatus.java","legacy-main-java-residual","enums","DROP","4c5adba64a054632bd5d9f5e4be3f4c557a5d0190952ce44fa2488c02c7648d9","1","8","8"
"0df22ddaf02c64bf73a7df12cd5fea6b52632c73","legacy-product-residual","src/main/java/com/tuoman/ai_task_orchestrator/enums/DocumentStatus.java","legacy-main-java-residual","enums","DROP","9e683190e7a4c39463a8f6a569baf92af68a48e90ec182783cff913311bb5fd4","1","8","8"
"0df22ddaf02c64bf73a7df12cd5fea6b52632c73","legacy-product-residual","src/main/java/com/tuoman/ai_task_orchestrator/enums/DuplicatePolicy.java","legacy-main-java-residual","enums","DROP","629fc050b02803542eebcdd5c04a8d27e104faf3ea59af67749e50d8705f3af4","1","7","7"
"0df22ddaf02c64bf73a7df12cd5fea6b52632c73","legacy-product-residual","src/main/java/com/tuoman/ai_task_orchestrator/enums/IngestionEventStatus.java","legacy-main-java-residual","enums","DROP","3b270da885d9792e59acaaf48c661c4e506c3c23beb00011e10f2bb8e6764117","1","7","7"
"0df22ddaf02c64bf73a7df12cd5fea6b52632c73","legacy-product-residual","src/main/java/com/tuoman/ai_task_orchestrator/enums/IngestionEventType.java","legacy-main-java-residual","enums","DROP","70c848c8b9dd82af5ef51bdb7a2046789f87d89da0a7c0a7de47767f1ff5e073","1","35","35"
"0df22ddaf02c64bf73a7df12cd5fea6b52632c73","legacy-product-residual","src/main/java/com/tuoman/ai_task_orchestrator/enums/IngestionTaskStatus.java","legacy-main-java-residual","enums","DROP","d23962d2c5720b73cbbdf0ab5194304d13a180c0b2dee8597356c0d5bc1cf116","1","8","8"
"0df22ddaf02c64bf73a7df12cd5fea6b52632c73","legacy-product-residual","src/main/java/com/tuoman/ai_task_orchestrator/enums/IngestionTaskStep.java","legacy-main-java-residual","enums","DROP","6b0158102536855f5a154eca2af2f26a53f38f35201291bb74959ef97c788928","1","11","11"
"0df22ddaf02c64bf73a7df12cd5fea6b52632c73","legacy-product-residual","src/main/java/com/tuoman/ai_task_orchestrator/enums/IngestionTaskType.java","legacy-main-java-residual","enums","DROP","794f334352720310c6058f52c2ccb8e0b185051dec5d23534b7dc50ae9151e8d","1","6","6"
"0df22ddaf02c64bf73a7df12cd5fea6b52632c73","legacy-product-residual","src/main/java/com/tuoman/ai_task_orchestrator/enums/MemoryScope.java","legacy-main-java-residual","enums","DROP","aa8a48a19de17d0561f42265ebdb7e35ee2e48a5aff71fa94383e5af48de8ca3","1","9","9"
"0df22ddaf02c64bf73a7df12cd5fea6b52632c73","legacy-product-residual","src/main/java/com/tuoman/ai_task_orchestrator/enums/MemorySourceType.java","legacy-main-java-residual","enums","DROP","62b22d534cbeedff0c52d9dd3c1a41a755c7a3c6dac0de043aa48da00b59c3fb","1","10","10"
"0df22ddaf02c64bf73a7df12cd5fea6b52632c73","legacy-product-residual","src/main/java/com/tuoman/ai_task_orchestrator/enums/MemoryStatus.java","legacy-main-java-residual","enums","DROP","f8ef26b0d8ad139f24832ce8c5a59800e169574b466f2114f43de58df29bb1f3","1","9","9"
"0df22ddaf02c64bf73a7df12cd5fea6b52632c73","legacy-product-residual","src/main/java/com/tuoman/ai_task_orchestrator/enums/MemoryType.java","legacy-main-java-residual","enums","DROP","d49953bdeb48b04b2678d0e5159b2d87a7908a29a18020db78756f5d4292a190","1","14","14"
"0df22ddaf02c64bf73a7df12cd5fea6b52632c73","legacy-product-residual","src/main/java/com/tuoman/ai_task_orchestrator/enums/MemoryVisibility.java","legacy-main-java-residual","enums","DROP","ef7e48f2d613e181434b5af45f9acf22bb4ea5ba01b52c1165e553135c333518","1","7","7"
"0df22ddaf02c64bf73a7df12cd5fea6b52632c73","legacy-product-residual","src/main/java/com/tuoman/ai_task_orchestrator/enums/NotificationStatus.java","legacy-main-java-residual","enums","DROP","fd04e5494730a2d7a0211c4a9bb9e9a8cf6d38960c35030705f3692fa32e1c5a","1","6","6"
"0df22ddaf02c64bf73a7df12cd5fea6b52632c73","legacy-product-residual","src/main/java/com/tuoman/ai_task_orchestrator/enums/NotificationTargetType.java","legacy-main-java-residual","enums","DROP","2050cf760e16fcbf9b7f935dd08719db032341afbf36364157099d6f727b31bb","1","5","5"
"0df22ddaf02c64bf73a7df12cd5fea6b52632c73","legacy-product-residual","src/main/java/com/tuoman/ai_task_orchestrator/enums/NotificationType.java","legacy-main-java-residual","enums","DROP","0f1dc81c6641d4c0ac0c36a5f05c498f46ea31f2950263af1a5628627d88bb3f","1","11","11"
"0df22ddaf02c64bf73a7df12cd5fea6b52632c73","legacy-product-residual","src/main/java/com/tuoman/ai_task_orchestrator/enums/RetrievalFusionStrategy.java","legacy-main-java-residual","enums","DROP","838a7a59b89c0012fd3bd4528a4b5d77806e591c8e645e8ba32ed8c3e8fb8f4f","1","8","8"
"0df22ddaf02c64bf73a7df12cd5fea6b52632c73","legacy-product-residual","src/main/java/com/tuoman/ai_task_orchestrator/enums/RetrievalScopeType.java","legacy-main-java-residual","enums","DROP","27a431afa1a050a8973cb4e7b1ea69e219a192670ee57240ef99230c14336621","1","6","6"
"0df22ddaf02c64bf73a7df12cd5fea6b52632c73","legacy-product-residual","src/main/java/com/tuoman/ai_task_orchestrator/enums/TaskAttemptStatus.java","legacy-main-java-residual","enums","DROP","5e9a7a2698406a3216f725e8e2d2f99b81efd9fd98e1926cf98e207bcc2db3e1","1","9","9"
"0df22ddaf02c64bf73a7df12cd5fea6b52632c73","legacy-product-residual","src/main/java/com/tuoman/ai_task_orchestrator/enums/TaskEventType.java","legacy-main-java-residual","enums","DROP","a0af0ba8a211601e6f453f2a476d961b8162a1b185ee61bd3f9affc886408342","1","9","9"
"0df22ddaf02c64bf73a7df12cd5fea6b52632c73","legacy-product-residual","src/main/java/com/tuoman/ai_task_orchestrator/enums/TaskOutboxStatus.java","legacy-main-java-residual","enums","DROP","47de3cde0cbc24040c0a6a09190af43dda98de4ecfb443e1354ed5950848226a","1","8","8"
"0df22ddaf02c64bf73a7df12cd5fea6b52632c73","legacy-product-residual","src/main/java/com/tuoman/ai_task_orchestrator/enums/TaskStatus.java","legacy-main-java-residual","enums","DROP","388cf1bef183f81ba4cfd7faa4db129824736cf6703ddd06a3302a6685771a4d","1","16","16"
"0df22ddaf02c64bf73a7df12cd5fea6b52632c73","legacy-product-residual","src/main/java/com/tuoman/ai_task_orchestrator/enums/UploadBatchItemStatus.java","legacy-main-java-residual","enums","DROP","4dceb60e9aa8729d45446c0faf3378a3ffe385150b3f9ebb8f177e46ecca5760","1","13","13"
"0df22ddaf02c64bf73a7df12cd5fea6b52632c73","legacy-product-residual","src/main/java/com/tuoman/ai_task_orchestrator/enums/UploadBatchStatus.java","legacy-main-java-residual","enums","DROP","6644db74e3c432efb2a4e7c88150145a4b04204dd9351489dceb87bb834c830f","1","12","12"
"0df22ddaf02c64bf73a7df12cd5fea6b52632c73","legacy-product-residual","src/main/java/com/tuoman/ai_task_orchestrator/enums/VectorAuditIssueSeverity.java","legacy-main-java-residual","enums","DROP","c96dcdc888a3e2e5b1df5b90821b3bb8798084dff53dbc18eb2fa8301ca7993a","1","7","7"
"0df22ddaf02c64bf73a7df12cd5fea6b52632c73","legacy-product-residual","src/main/java/com/tuoman/ai_task_orchestrator/enums/VectorAuditIssueType.java","legacy-main-java-residual","enums","DROP","0a5413f077482f8cf5f0e42718749ffb5de76063c1b5a0a76ea852c67a399b18","1","13","13"
"0df22ddaf02c64bf73a7df12cd5fea6b52632c73","legacy-product-residual","src/main/java/com/tuoman/ai_task_orchestrator/enums/VectorAuditRunStatus.java","legacy-main-java-residual","enums","DROP","bdcd2816a486cfe1272730b392119ecbd0ba19453123c43b8dda971c0e940faf","1","7","7"
"0df22ddaf02c64bf73a7df12cd5fea6b52632c73","legacy-product-residual","src/main/java/com/tuoman/ai_task_orchestrator/enums/VectorAuditScopeType.java","legacy-main-java-residual","enums","DROP","438bb6119789b9dfc0b77a2e9a258d32296dce5d87e3bbdea468a9842ef25254","1","7","7"
"0df22ddaf02c64bf73a7df12cd5fea6b52632c73","legacy-product-residual","src/main/java/com/tuoman/ai_task_orchestrator/enums/VectorGenerationStatus.java","legacy-main-java-residual","enums","DROP","9b471a1348daf0112c01aa529b766c67ce21e6301db40194a3b0078a49db0c0e","1","8","8"
"0df22ddaf02c64bf73a7df12cd5fea6b52632c73","legacy-product-residual","src/main/java/com/tuoman/ai_task_orchestrator/enums/VectorUpsertOperation.java","legacy-main-java-residual","enums","DROP","ed83e9cb6cb7dbe8f84557984851614374d2df8305dd5e4e69c29a53a98e0949","1","8","8"
"0df22ddaf02c64bf73a7df12cd5fea6b52632c73","legacy-product-residual","src/main/java/com/tuoman/ai_task_orchestrator/hybrid/DenseCandidate.java","legacy-main-java-residual","hybrid","DROP","6684f418011f6116cca628bb920341f604b079d8f1f08c601cdbb33446fe4689","1","11","11"
"0df22ddaf02c64bf73a7df12cd5fea6b52632c73","legacy-product-residual","src/main/java/com/tuoman/ai_task_orchestrator/hybrid/FusedCandidate.java","legacy-main-java-residual","hybrid","DROP","c4d23d393aba03994dac7cfcd016e6bfab8cb5949d95a6c1be2b752adb68d202","1","17","17"
"0df22ddaf02c64bf73a7df12cd5fea6b52632c73","legacy-product-residual","src/main/java/com/tuoman/ai_task_orchestrator/hybrid/FusionRanker.java","legacy-main-java-residual","hybrid","DROP","2044c5743b696be4fb33ddc58e3d8ae644a7f81014208a1af907e1ca27260d21","1","8","8"
"0df22ddaf02c64bf73a7df12cd5fea6b52632c73","legacy-product-residual","src/main/java/com/tuoman/ai_task_orchestrator/hybrid/FusionRequest.java","legacy-main-java-residual","hybrid","DROP","223484370b4f56423b030a34d4c586bf3786392e358ed1a715dd2edc65e4b7ec","1","9","9"
"0df22ddaf02c64bf73a7df12cd5fea6b52632c73","legacy-product-residual","src/main/java/com/tuoman/ai_task_orchestrator/hybrid/FusionResponse.java","legacy-main-java-residual","hybrid","DROP","86e75fc2b4c85698568f2f35a2d552d2cfacb991ddd64ad3780acdf41b2eaf7a","1","9","9"
"0df22ddaf02c64bf73a7df12cd5fea6b52632c73","legacy-product-residual","src/main/java/com/tuoman/ai_task_orchestrator/hybrid/HybridConfiguration.java","legacy-main-java-residual","hybrid","DROP","18c9b66086c1a900f2442cbdab7cbb520df73298634ff19e9fda8c6cca024e1f","1","23","23"
"0df22ddaf02c64bf73a7df12cd5fea6b52632c73","legacy-product-residual","src/main/java/com/tuoman/ai_task_orchestrator/hybrid/LexicalCandidate.java","legacy-main-java-residual","hybrid","DROP","40d03836795bc8ef87a35b8fed34e0d4c09ca70b00e2be7f8893282c4fbff279","1","11","11"
"0df22ddaf02c64bf73a7df12cd5fea6b52632c73","legacy-product-residual","src/main/java/com/tuoman/ai_task_orchestrator/hybrid/LexicalRetrievalRequest.java","legacy-main-java-residual","hybrid","DROP","8dd003ab12ec35539bbfc98942ba3ee21d1fce92060185e939c65d090d943d3a","1","22","22"
"0df22ddaf02c64bf73a7df12cd5fea6b52632c73","legacy-product-residual","src/main/java/com/tuoman/ai_task_orchestrator/hybrid/LexicalRetrievalResponse.java","legacy-main-java-residual","hybrid","DROP","333d7cf2a1a3b35294b4a77cc05ae93aeea0c5d72ebcd7f0189dfb08d5b81585","1","9","9"
"0df22ddaf02c64bf73a7df12cd5fea6b52632c73","legacy-product-residual","src/main/java/com/tuoman/ai_task_orchestrator/hybrid/LexicalRetriever.java","legacy-main-java-residual","hybrid","DROP","185d05edcb0f0b0a9c0e79c53fd58e80dd1ef8c029cc864d1ef522a2e3cf89af","1","8","8"
"0df22ddaf02c64bf73a7df12cd5fea6b52632c73","legacy-product-residual","src/main/java/com/tuoman/ai_task_orchestrator/hybrid/LexicalTokenUtils.java","legacy-main-java-residual","hybrid","DROP","98adbe71b2a27a05a9c34ba96eba3cf000fd8b97813ab57087104db9fe9077f0","1","71","71"
"0df22ddaf02c64bf73a7df12cd5fea6b52632c73","legacy-product-residual","src/main/java/com/tuoman/ai_task_orchestrator/hybrid/RagHybridProperties.java","legacy-main-java-residual","hybrid","DROP","9846d0cb6d3ff81eefe7e811669a7ef11b8a9a74008dd051c492b52f7e224f24","1","23","23"
"0df22ddaf02c64bf73a7df12cd5fea6b52632c73","legacy-product-residual","src/main/java/com/tuoman/ai_task_orchestrator/hybrid/RrfFusionRanker.java","legacy-main-java-residual","hybrid","DROP","0865aa0193caee3a6d217891bbb7b178bf3e28c5243e37933cd18ba947c4ebd7","1","150","150"
"0df22ddaf02c64bf73a7df12cd5fea6b52632c73","legacy-product-residual","src/main/java/com/tuoman/ai_task_orchestrator/hybrid/SimpleLexicalRetriever.java","legacy-main-java-residual","hybrid","DROP","7e1dfaba8901983f65a600e30caac1e94b82b81fc8d13ffd898eb0effea55dfd","1","104","104"
"0df22ddaf02c64bf73a7df12cd5fea6b52632c73","legacy-product-residual","src/main/java/com/tuoman/ai_task_orchestrator/mq/AgentTaskConsumer.java","legacy-main-java-residual","mq","DROP","96d37fef721fb4f4135431ca948423f60b122f2d6d78feff262ef3f8cdf80bb5","1","22","22"
"0df22ddaf02c64bf73a7df12cd5fea6b52632c73","legacy-product-residual","src/main/java/com/tuoman/ai_task_orchestrator/mq/AgentTaskMessage.java","legacy-main-java-residual","mq","DROP","178ba98beb291af6185056fef301950189b52cfdbfc002b686fb61edb6143203","1","15","15"
"0df22ddaf02c64bf73a7df12cd5fea6b52632c73","legacy-product-residual","src/main/java/com/tuoman/ai_task_orchestrator/mq/AgentTaskMessagePublisher.java","legacy-main-java-residual","mq","DROP","9c310c602f9cbc6567581f0a9aac66c710d671eec7c3b9cf8c73d54a684bb247","1","6","6"
"0df22ddaf02c64bf73a7df12cd5fea6b52632c73","legacy-product-residual","src/main/java/com/tuoman/ai_task_orchestrator/mq/DocumentIngestionConsumer.java","legacy-main-java-residual","mq","DROP","d4fda56aa321ad633170f41f3fe5360f378dcf9357c19c0ec99f4a6f1307cd55","1","26","26"
"0df22ddaf02c64bf73a7df12cd5fea6b52632c73","legacy-product-residual","src/main/java/com/tuoman/ai_task_orchestrator/mq/DocumentIngestionMessage.java","legacy-main-java-residual","mq","DROP","b33f9d2b7c6d879e3c55f7455893bc3575e17e9f7961ddf1755437b04e440776","1","15","15"
"0df22ddaf02c64bf73a7df12cd5fea6b52632c73","legacy-product-residual","src/main/java/com/tuoman/ai_task_orchestrator/mq/DocumentIngestionMessagePublisher.java","legacy-main-java-residual","mq","DROP","b08c73cd8c2d85918dd847dd8e9eaf8694a1b43aba8e2586bace9ab550830a20","1","6","6"
"0df22ddaf02c64bf73a7df12cd5fea6b52632c73","legacy-product-residual","src/main/java/com/tuoman/ai_task_orchestrator/mq/RabbitAgentTaskMessagePublisher.java","legacy-main-java-residual","mq","DROP","70b260ef3e0c1b5dd2d83aad643b29f8696c97112d751fc19463407a5692dc14","1","22","22"
"0df22ddaf02c64bf73a7df12cd5fea6b52632c73","legacy-product-residual","src/main/java/com/tuoman/ai_task_orchestrator/mq/RabbitDocumentIngestionMessagePublisher.java","legacy-main-java-residual","mq","DROP","8b23e34492dfc0f09b882fb583aa37f7834df035dae5159145b6bb32b1367641","1","22","22"
"0df22ddaf02c64bf73a7df12cd5fea6b52632c73","legacy-product-residual","src/main/java/com/tuoman/ai_task_orchestrator/mq/TaskDispatchConsumer.java","legacy-main-java-residual","mq","DROP","a6d7ce41ae67ef396e774204e63b8b1385591a2ad8bac33185a9fc3bd8860752","1","29","29"
"0df22ddaf02c64bf73a7df12cd5fea6b52632c73","legacy-product-residual","src/main/java/com/tuoman/ai_task_orchestrator/mq/TaskDispatchMessage.java","legacy-main-java-residual","mq","DROP","3abec0454779a71c58d7b1aec7bd054cc78c03360c9b1c505a0aa1f3667d4e8d","1","15","15"
"0df22ddaf02c64bf73a7df12cd5fea6b52632c73","legacy-product-residual","src/main/java/com/tuoman/ai_task_orchestrator/mq/TaskDispatchProducer.java","legacy-main-java-residual","mq","DROP","4099ac7b66af9b7f7050619f85daa14cff5e7ff8c77a317ba5a4a7b3b5671ff1","1","29","29"
"0df22ddaf02c64bf73a7df12cd5fea6b52632c73","legacy-product-residual","src/main/java/com/tuoman/ai_task_orchestrator/prompt/PromptTemplateRenderer.java","legacy-main-java-residual","prompt","DROP","e7c66b203fe9078114cda40f61b2ddc54619dffae33ef63b8a127a7bee4f3349","1","53","53"
"0df22ddaf02c64bf73a7df12cd5fea6b52632c73","legacy-product-residual","src/main/java/com/tuoman/ai_task_orchestrator/queryunderstanding/QueryClarificationGuard.java","legacy-main-java-residual","queryunderstanding","DROP","531c25e6cf3fc295f113b288501af744de75afdbd430701dd41f033f38bc3869","1","67","67"
"0df22ddaf02c64bf73a7df12cd5fea6b52632c73","legacy-product-residual","src/main/java/com/tuoman/ai_task_orchestrator/queryunderstanding/QueryMetadataExtractor.java","legacy-main-java-residual","queryunderstanding","DROP","37e41de3ff3873b8c618c76fbc358a7fd3753958c63e99175c11196a623ba022","1","223","223"
"0df22ddaf02c64bf73a7df12cd5fea6b52632c73","legacy-product-residual","src/main/java/com/tuoman/ai_task_orchestrator/queryunderstanding/QueryRewriteResult.java","legacy-main-java-residual","queryunderstanding","DROP","02b0bd2e5c5b595edbb72733e9b5ef779b87298efe2d47806f1271d54c538ff6","1","23","23"
"0df22ddaf02c64bf73a7df12cd5fea6b52632c73","legacy-product-residual","src/main/java/com/tuoman/ai_task_orchestrator/queryunderstanding/QueryRewriteService.java","legacy-main-java-residual","queryunderstanding","DROP","ee193dec12e748bdd0eb52b8408f4563d4113a4d3975d1a26fc5ed438e2632f9","1","79","79"
"0df22ddaf02c64bf73a7df12cd5fea6b52632c73","legacy-product-residual","src/main/java/com/tuoman/ai_task_orchestrator/queryunderstanding/QueryType.java","legacy-main-java-residual","queryunderstanding","DROP","759ada57230c33714fc060d8738ec02b5ff76fdf434fb6ee0d888f32958cf1a9","1","17","17"
"0df22ddaf02c64bf73a7df12cd5fea6b52632c73","legacy-product-residual","src/main/java/com/tuoman/ai_task_orchestrator/queryunderstanding/QueryUnderstandingDiagnostics.java","legacy-main-java-residual","queryunderstanding","DROP","ee4f8bab1b62da7b4b01e37873863c3ed8309f9a33207d20ee344fe9e1fdaa5b","1","68","68"
"0df22ddaf02c64bf73a7df12cd5fea6b52632c73","legacy-product-residual","src/main/java/com/tuoman/ai_task_orchestrator/queryunderstanding/QueryUnderstandingMetricsService.java","legacy-main-java-residual","queryunderstanding","DROP","29db008af106de27bdfa1c9e405c0146f52099deb8bcb07f1fc0042f45a25ef5","1","72","72"
"0df22ddaf02c64bf73a7df12cd5fea6b52632c73","legacy-product-residual","src/main/java/com/tuoman/ai_task_orchestrator/queryunderstanding/QueryUnderstandingProperties.java","legacy-main-java-residual","queryunderstanding","DROP","6fc653cac2c9944c541138d8eb687e940cda22da5d613645e4e6684e4d8e1719","1","25","25"
"0df22ddaf02c64bf73a7df12cd5fea6b52632c73","legacy-product-residual","src/main/java/com/tuoman/ai_task_orchestrator/queryunderstanding/QueryUnderstandingResult.java","legacy-main-java-residual","queryunderstanding","DROP","aad4ab3214200481a73be24835b274f1b79a3e648f7c6fb23fa59c26fc3cd16b","1","68","68"
"0df22ddaf02c64bf73a7df12cd5fea6b52632c73","legacy-product-residual","src/main/java/com/tuoman/ai_task_orchestrator/queryunderstanding/QueryUnderstandingService.java","legacy-main-java-residual","queryunderstanding","DROP","bcd7511453c6c3b1d6dffa682e1b57af3b06f52593fd07f62996b8c20fafa6a0","1","202","202"
"0df22ddaf02c64bf73a7df12cd5fea6b52632c73","legacy-product-residual","src/main/java/com/tuoman/ai_task_orchestrator/queryunderstanding/RetrievalRoutingDecision.java","legacy-main-java-residual","queryunderstanding","DROP","e1db55afd5ab8ade60b1f9c04723ff9f5ca1babf769581bc85b76918e4ee7698","1","50","50"
"0df22ddaf02c64bf73a7df12cd5fea6b52632c73","legacy-product-residual","src/main/java/com/tuoman/ai_task_orchestrator/queryunderstanding/RetrievalRoutingPolicyService.java","legacy-main-java-residual","queryunderstanding","DROP","bd92ee3619aecc616937bffc3e92852c7782e4d9a428f1d8c646bd48cd84c0e5","1","155","155"
"0df22ddaf02c64bf73a7df12cd5fea6b52632c73","legacy-product-residual","src/main/java/com/tuoman/ai_task_orchestrator/queryunderstanding/RetrievalRoutingStrategy.java","legacy-main-java-residual","queryunderstanding","DROP","017b9e2274c89da872a46e11b3e376d72a78033ce542f580f29e65b9af97155a","1","8","8"
"0df22ddaf02c64bf73a7df12cd5fea6b52632c73","legacy-product-residual","src/main/java/com/tuoman/ai_task_orchestrator/queryunderstanding/UserSelectedFilters.java","legacy-main-java-residual","queryunderstanding","DROP","835e62d8910c6ae72b24546fe26dadb51f8d9073e0aa134e4e408e47cd53f6a2","1","33","33"
"0df22ddaf02c64bf73a7df12cd5fea6b52632c73","legacy-product-residual","src/main/java/com/tuoman/ai_task_orchestrator/repository/AgentProfileRepository.java","legacy-main-java-residual","repository","DROP","a32f4e669630a5325657a315b296545d76a439808adb64daafca49992192776c","1","16","16"
"0df22ddaf02c64bf73a7df12cd5fea6b52632c73","legacy-product-residual","src/main/java/com/tuoman/ai_task_orchestrator/repository/AgentTaskCitationRepository.java","legacy-main-java-residual","repository","DROP","95b5f3f09bc280d094c46c9e656f39cd121baffd940b52c429266561d9f1cfff","1","13","13"
"0df22ddaf02c64bf73a7df12cd5fea6b52632c73","legacy-product-residual","src/main/java/com/tuoman/ai_task_orchestrator/repository/AgentTaskEventRepository.java","legacy-main-java-residual","repository","DROP","0b7ad667d85e186ab3d82fa0291fc78c90b8fb772e11c409af3006f0f5a40173","1","11","11"
"0df22ddaf02c64bf73a7df12cd5fea6b52632c73","legacy-product-residual","src/main/java/com/tuoman/ai_task_orchestrator/repository/AgentTaskRepository.java","legacy-main-java-residual","repository","DROP","3d8652d15994b9e4c47f05afd753748067d52d80817fdbf4b7497d6b2b3aa229","1","11","11"
"0df22ddaf02c64bf73a7df12cd5fea6b52632c73","legacy-product-residual","src/main/java/com/tuoman/ai_task_orchestrator/repository/AgentTaskStepRepository.java","legacy-main-java-residual","repository","DROP","80c1e61c53f8eca7bd96e0b5f2b75a0c31e71a03ca5dbf862eb1442acf1b2297","1","16","16"
"0df22ddaf02c64bf73a7df12cd5fea6b52632c73","legacy-product-residual","src/main/java/com/tuoman/ai_task_orchestrator/repository/DocumentChunkEmbeddingRepository.java","legacy-main-java-residual","repository","DROP","87c5ffbce7300dc3c24489e333c035fc8347af4c41d6b335cf0aec3c22b0b29b","1","53","53"
"0df22ddaf02c64bf73a7df12cd5fea6b52632c73","legacy-product-residual","src/main/java/com/tuoman/ai_task_orchestrator/repository/DocumentChunkRepository.java","legacy-main-java-residual","repository","DROP","196a40ac69b30eb9854d3b08f8baf86955c8d59e5541a3844223695b51655cba","1","48","48"
"0df22ddaf02c64bf73a7df12cd5fea6b52632c73","legacy-product-residual","src/main/java/com/tuoman/ai_task_orchestrator/repository/DocumentCollectionRepository.java","legacy-main-java-residual","repository","DROP","b9061061e1957bf4b65f9bc07dc343ba16bfdee158df6522a5f7af64f99812c4","1","63","63"
"0df22ddaf02c64bf73a7df12cd5fea6b52632c73","legacy-product-residual","src/main/java/com/tuoman/ai_task_orchestrator/repository/DocumentIngestionEventRepository.java","legacy-main-java-residual","repository","DROP","c0c7956c1bb68a5e51b05aca2a3744ade3b98eb1544c1ccd7a1df644984416f5","1","26","26"
"0df22ddaf02c64bf73a7df12cd5fea6b52632c73","legacy-product-residual","src/main/java/com/tuoman/ai_task_orchestrator/repository/DocumentIngestionTaskRepository.java","legacy-main-java-residual","repository","DROP","85b818a221774f81fdc4aec632a5ee6dc45f7f25806ee46400b29664bcecf3f2","1","23","23"
"0df22ddaf02c64bf73a7df12cd5fea6b52632c73","legacy-product-residual","src/main/java/com/tuoman/ai_task_orchestrator/repository/DocumentRepository.java","legacy-main-java-residual","repository","DROP","c14aea1c666a65bc492b28a44e15e2e0e5f38d33976c9c9f834c5826fd2c422b","1","45","45"
"0df22ddaf02c64bf73a7df12cd5fea6b52632c73","legacy-product-residual","src/main/java/com/tuoman/ai_task_orchestrator/repository/EmbeddingCacheMetricRepository.java","legacy-main-java-residual","repository","DROP","64891a7f316df40a46b70363e74097d5b67d596b07c03cc9a5e541a22969d2f7","1","88","88"
"0df22ddaf02c64bf73a7df12cd5fea6b52632c73","legacy-product-residual","src/main/java/com/tuoman/ai_task_orchestrator/repository/EmbeddingCacheRepository.java","legacy-main-java-residual","repository","DROP","12711ab502cc233cf2d2616869546a1e0ff1088441ecf8c0142c0ec6802b9431","1","16","16"
"0df22ddaf02c64bf73a7df12cd5fea6b52632c73","legacy-product-residual","src/main/java/com/tuoman/ai_task_orchestrator/repository/KnowledgeCollectionRepository.java","legacy-main-java-residual","repository","DROP","2cf0fdf99ff94326ffd63f0cc778e6924400cf872ff980b65d73832008ce56bf","1","16","16"
"0df22ddaf02c64bf73a7df12cd5fea6b52632c73","legacy-product-residual","src/main/java/com/tuoman/ai_task_orchestrator/repository/MemoryItemRepository.java","legacy-main-java-residual","repository","DROP","05b21381745143747bb98e50b3177b64fe1823f73966d5fd7f0759ff5d9052b7","1","28","28"
"0df22ddaf02c64bf73a7df12cd5fea6b52632c73","legacy-product-residual","src/main/java/com/tuoman/ai_task_orchestrator/repository/ModelProviderConfigRepository.java","legacy-main-java-residual","repository","DROP","6481435c3bc293566284559ff163f0f53ee71a3b49b0aca716a2cb1b52e7d203","1","28","28"
"0df22ddaf02c64bf73a7df12cd5fea6b52632c73","legacy-product-residual","src/main/java/com/tuoman/ai_task_orchestrator/repository/NotificationRepository.java","legacy-main-java-residual","repository","DROP","c8753c433d88b04fa24b78c61f3920372efe9ab6579ebf5eb041918921245e7b","1","19","19"
"0df22ddaf02c64bf73a7df12cd5fea6b52632c73","legacy-product-residual","src/main/java/com/tuoman/ai_task_orchestrator/repository/PromptTemplateRepository.java","legacy-main-java-residual","repository","DROP","c5ab878078aa2ad2847bd2b853a4a884b0053046785f69f39d411e8877d15282","1","11","11"
"0df22ddaf02c64bf73a7df12cd5fea6b52632c73","legacy-product-residual","src/main/java/com/tuoman/ai_task_orchestrator/repository/RagEvaluationCaseRepository.java","legacy-main-java-residual","repository","DROP","20d671bbb1926ab803166807a12a543308ef9c1ad6736eefccd9627065e14f52","1","18","18"
"0df22ddaf02c64bf73a7df12cd5fea6b52632c73","legacy-product-residual","src/main/java/com/tuoman/ai_task_orchestrator/repository/RagEvaluationCaseResultRepository.java","legacy-main-java-residual","repository","DROP","3aadec7a162868e12915a7768d450a62f1f82181377a31cee20efa0cbb89b41d","1","11","11"
"0df22ddaf02c64bf73a7df12cd5fea6b52632c73","legacy-product-residual","src/main/java/com/tuoman/ai_task_orchestrator/repository/RagEvaluationDatasetRepository.java","legacy-main-java-residual","repository","DROP","e0dcc4d53c4299bdb481ad8e28458784cf8c0b012d0d1576978fecf6efe5b9ab","1","14","14"
"0df22ddaf02c64bf73a7df12cd5fea6b52632c73","legacy-product-residual","src/main/java/com/tuoman/ai_task_orchestrator/repository/RagEvaluationRunRepository.java","legacy-main-java-residual","repository","DROP","a888b4266185e8189d9c56be0975d913cdd6f8612b7b52b15df81b62f29b8a80","1","16","16"
"0df22ddaf02c64bf73a7df12cd5fea6b52632c73","legacy-product-residual","src/main/java/com/tuoman/ai_task_orchestrator/repository/RetrievalReindexEventRepository.java","legacy-main-java-residual","repository","DROP","1fdbeef11a5a122f0071e124ffea9cd1c7c4c0bd8bc3814d94f09406c3fcdd2b","1","7","7"
"0df22ddaf02c64bf73a7df12cd5fea6b52632c73","legacy-product-residual","src/main/java/com/tuoman/ai_task_orchestrator/repository/TaskAttemptRepository.java","legacy-main-java-residual","repository","DROP","704750a9c1597a4c1c4ef2c53160b2a7db64cd7d477c0aada5c07d84f7a7cfd0","1","20","20"
"0df22ddaf02c64bf73a7df12cd5fea6b52632c73","legacy-product-residual","src/main/java/com/tuoman/ai_task_orchestrator/repository/TaskEventRepository.java","legacy-main-java-residual","repository","DROP","e0b6540060c8fba37e8d07771c46b0d457a6aced441f9f299c08985eae7217f6","1","7","7"
"0df22ddaf02c64bf73a7df12cd5fea6b52632c73","legacy-product-residual","src/main/java/com/tuoman/ai_task_orchestrator/repository/TaskOutboxRepository.java","legacy-main-java-residual","repository","DROP","0fea79e67b27648d67df956a897ffa8925a5a3edb7c5e74986e59d0ddb72d73b","1","100","100"
"0df22ddaf02c64bf73a7df12cd5fea6b52632c73","legacy-product-residual","src/main/java/com/tuoman/ai_task_orchestrator/repository/TaskOutputChunkRepository.java","legacy-main-java-residual","repository","DROP","7e922afc2b6079a3828b5b898103b086cc1171daf35fb8dd4d6ac196c4448b2e","1","13","13"
"0df22ddaf02c64bf73a7df12cd5fea6b52632c73","legacy-product-residual","src/main/java/com/tuoman/ai_task_orchestrator/repository/TaskRepository.java","legacy-main-java-residual","repository","DROP","9a199e1a6d5a3936e885d49021ed97a1764a09a38a51089a88423e331cfb5b1e","1","143","143"
"0df22ddaf02c64bf73a7df12cd5fea6b52632c73","legacy-product-residual","src/main/java/com/tuoman/ai_task_orchestrator/repository/UploadBatchItemRepository.java","legacy-main-java-residual","repository","DROP","6ce7e774891661058cb6f74d3e636048ce7fd1eb27f753bdaf4d9a0a365a8444","1","19","19"
"0df22ddaf02c64bf73a7df12cd5fea6b52632c73","legacy-product-residual","src/main/java/com/tuoman/ai_task_orchestrator/repository/UploadBatchRepository.java","legacy-main-java-residual","repository","DROP","b1179795e5e9442152576923d592a2f2c8e7bc0c10dc47d56b326900c5ec5fb9","1","11","11"
"0df22ddaf02c64bf73a7df12cd5fea6b52632c73","legacy-product-residual","src/main/java/com/tuoman/ai_task_orchestrator/repository/VectorAuditIssueRepository.java","legacy-main-java-residual","repository","DROP","358c654bf3500e0998722af8d975c4285a14b925707bba56ec91d2bfce160552","1","11","11"
"0df22ddaf02c64bf73a7df12cd5fea6b52632c73","legacy-product-residual","src/main/java/com/tuoman/ai_task_orchestrator/repository/VectorAuditRunRepository.java","legacy-main-java-residual","repository","DROP","bb51940c9d0849af893b0fde21e21100fbb4c38c3a3edac5a0446ce365ccc504","1","11","11"
"0df22ddaf02c64bf73a7df12cd5fea6b52632c73","legacy-product-residual","src/main/java/com/tuoman/ai_task_orchestrator/repository/VectorIndexGenerationRepository.java","legacy-main-java-residual","repository","DROP","27d665a98630dc8b3f285f9d3e152f7849e63e35e8984deca8e9237143c71737","1","35","35"
"0df22ddaf02c64bf73a7df12cd5fea6b52632c73","legacy-product-residual","src/main/java/com/tuoman/ai_task_orchestrator/rerank/LexicalOverlapReranker.java","legacy-main-java-residual","rerank","DROP","76e9d7417a10fff8a807b195c3d92fca21d2bd324ab32b5eecd5e6498d242797","1","99","99"
"0df22ddaf02c64bf73a7df12cd5fea6b52632c73","legacy-product-residual","src/main/java/com/tuoman/ai_task_orchestrator/rerank/NoopReranker.java","legacy-main-java-residual","rerank","DROP","16dfb41462276e3d079fe3777febef295b8245944834f1c7b103b359eeff4382","1","44","44"
"0df22ddaf02c64bf73a7df12cd5fea6b52632c73","legacy-product-residual","src/main/java/com/tuoman/ai_task_orchestrator/rerank/RagRerankProperties.java","legacy-main-java-residual","rerank","DROP","f57b3bdf5fca9152f3b1b4aa6cccb34545b0902a3ceae1117b06794601210f6b","1","19","19"
"0df22ddaf02c64bf73a7df12cd5fea6b52632c73","legacy-product-residual","src/main/java/com/tuoman/ai_task_orchestrator/rerank/RagTwoStageRetrievalService.java","legacy-main-java-residual","rerank","DROP","7a11721444b22c80af8ede4bb68d9cbb214195d861517b3233d95f55e96c5473","1","579","579"
"0df22ddaf02c64bf73a7df12cd5fea6b52632c73","legacy-product-residual","src/main/java/com/tuoman/ai_task_orchestrator/rerank/RerankCandidate.java","legacy-main-java-residual","rerank","DROP","150e219f3562fd787b139f0657adc9a15c323f8e544e3ad4be73a2aa383fc455","1","11","11"
"0df22ddaf02c64bf73a7df12cd5fea6b52632c73","legacy-product-residual","src/main/java/com/tuoman/ai_task_orchestrator/rerank/RerankedItem.java","legacy-main-java-residual","rerank","DROP","44e534a1d9615d3f190c98a24ad6236d96e244ddfb168f41c32b29b7472d5532","1","13","13"
"0df22ddaf02c64bf73a7df12cd5fea6b52632c73","legacy-product-residual","src/main/java/com/tuoman/ai_task_orchestrator/rerank/Reranker.java","legacy-main-java-residual","rerank","DROP","c3f18431c55e67fe5949d789ff62bd2f3323fda7959866b76ff94687672faf6a","1","14","14"
"0df22ddaf02c64bf73a7df12cd5fea6b52632c73","legacy-product-residual","src/main/java/com/tuoman/ai_task_orchestrator/rerank/RerankerConfiguration.java","legacy-main-java-residual","rerank","DROP","bf35b56f65b82f0e57aa5bac22013a84915cb94c1005964591db8477abd374fc","1","37","37"
"0df22ddaf02c64bf73a7df12cd5fea6b52632c73","legacy-product-residual","src/main/java/com/tuoman/ai_task_orchestrator/rerank/RerankRequest.java","legacy-main-java-residual","rerank","DROP","c72c311b9b1cedf1f6eec8955e5d8efddd54286fadc670c15b0388a403440859","1","10","10"
"0df22ddaf02c64bf73a7df12cd5fea6b52632c73","legacy-product-residual","src/main/java/com/tuoman/ai_task_orchestrator/rerank/RerankResponse.java","legacy-main-java-residual","rerank","DROP","f74995243383407a05f2ebdfb271293a86f76a5ef83a9bbda3efd46c4840d216","1","10","10"
"0df22ddaf02c64bf73a7df12cd5fea6b52632c73","legacy-product-residual","src/main/java/com/tuoman/ai_task_orchestrator/rerank/SimpleHeuristicReranker.java","legacy-main-java-residual","rerank","DROP","c6b3ae3d7801130b4e99fd8b639dace3f9d4912e3be2ba1bd9ba9a88872e7d38","1","85","85"
"0df22ddaf02c64bf73a7df12cd5fea6b52632c73","legacy-product-residual","src/main/java/com/tuoman/ai_task_orchestrator/retrieval/CollectionAskEmptyReason.java","legacy-main-java-residual","retrieval","DROP","28962a08db5e1658352fe9553eb2ce242ea2f4c9713de8a8eb9b098517cbec7e","1","9","9"
"0df22ddaf02c64bf73a7df12cd5fea6b52632c73","legacy-product-residual","src/main/java/com/tuoman/ai_task_orchestrator/retrieval/CollectionAskScope.java","legacy-main-java-residual","retrieval","DROP","e20ac93c820eb9e9a52f8494e54b566a0f5401e34330777255651b5bae21da2f","1","21","21"
"0df22ddaf02c64bf73a7df12cd5fea6b52632c73","legacy-product-residual","src/main/java/com/tuoman/ai_task_orchestrator/retrieval/ContextExpansionService.java","legacy-main-java-residual","retrieval","DROP","65981d20d1b959cbd221670a434c9c70850ae4d63758fe15d31ba42574745e3f","1","127","127"
"0df22ddaf02c64bf73a7df12cd5fea6b52632c73","legacy-product-residual","src/main/java/com/tuoman/ai_task_orchestrator/retrieval/HybridRetrievalService.java","legacy-main-java-residual","retrieval","DROP","1797e37cb7e8b3e9f334a73b56f8b966f9ac2ff68e1c5448d2583a9ab32b675f","1","457","457"
"0df22ddaf02c64bf73a7df12cd5fea6b52632c73","legacy-product-residual","src/main/java/com/tuoman/ai_task_orchestrator/retrieval/KeywordRetriever.java","legacy-main-java-residual","retrieval","DROP","20504ad158f74c5dcad79a735a5f904e2e90305b370d9259e21f090bdd3b775f","1","32","32"
"0df22ddaf02c64bf73a7df12cd5fea6b52632c73","legacy-product-residual","src/main/java/com/tuoman/ai_task_orchestrator/retrieval/RetrievalDiagnostics.java","legacy-main-java-residual","retrieval","DROP","6934d4417f5f9689177b2981724500a558f8ec182660df0d64a624cd056bb753","1","69","69"
"0df22ddaf02c64bf73a7df12cd5fea6b52632c73","legacy-product-residual","src/main/java/com/tuoman/ai_task_orchestrator/retrieval/RetrievalFilter.java","legacy-main-java-residual","retrieval","DROP","2448776f834f1429a48422625075babde765687a43c2012af56941a66acf4ae3","1","43","43"
"0df22ddaf02c64bf73a7df12cd5fea6b52632c73","legacy-product-residual","src/main/java/com/tuoman/ai_task_orchestrator/retrieval/RetrievalFilterService.java","legacy-main-java-residual","retrieval","DROP","79dd128fe3990f15bc57a0cb7f0ee853e7c33d603fca4476f20809069cf6be76","1","128","128"
"0df22ddaf02c64bf73a7df12cd5fea6b52632c73","legacy-product-residual","src/main/java/com/tuoman/ai_task_orchestrator/retrieval/RetrievalScope.java","legacy-main-java-residual","retrieval","DROP","b8e11a7f2ebda73ce6c9d4a31c3ff5f552567e504143c9630ccf5c3eccf28af0","1","35","35"
"0df22ddaf02c64bf73a7df12cd5fea6b52632c73","legacy-product-residual","src/main/java/com/tuoman/ai_task_orchestrator/retrieval/RrfFusionService.java","legacy-main-java-residual","retrieval","DROP","aea292df365e5007ad7219c4f67804b963f4e992c5ee663996ee4879600eba04","1","97","97"
"0df22ddaf02c64bf73a7df12cd5fea6b52632c73","legacy-product-residual","src/main/java/com/tuoman/ai_task_orchestrator/retrieval/SimpleKeywordRetriever.java","legacy-main-java-residual","retrieval","DROP","6faab1e8904376f8bc36c5c9a13363ec6b2f88df9cc5cdb265913d77156082d3","1","151","151"
"0df22ddaf02c64bf73a7df12cd5fea6b52632c73","legacy-product-residual","src/main/java/com/tuoman/ai_task_orchestrator/scheduler/TaskOutboxDispatcherScheduler.java","legacy-main-java-residual","scheduler","DROP","f3491014d1f5190513eeca78fc81615409cc81998f61d7a99bfa3c40495e186f","1","81","81"
"0df22ddaf02c64bf73a7df12cd5fea6b52632c73","legacy-product-residual","src/main/java/com/tuoman/ai_task_orchestrator/scheduler/TaskRetryScheduler.java","legacy-main-java-residual","scheduler","DROP","aa73ded84e21f25ce067fc6b1bf60051776caa5979271701899e3a353e0c06c8","1","71","71"
"0df22ddaf02c64bf73a7df12cd5fea6b52632c73","legacy-product-residual","src/main/java/com/tuoman/ai_task_orchestrator/scheduler/TaskTimeoutScheduler.java","legacy-main-java-residual","scheduler","DROP","cf2dac0c57c162b1b62a7ac70d161034908217078ee987e44c40a60b269ba45a","1","48","48"
"0df22ddaf02c64bf73a7df12cd5fea6b52632c73","legacy-product-residual","src/main/java/com/tuoman/ai_task_orchestrator/scheduler/TrashCleanupScheduler.java","legacy-main-java-residual","scheduler","DROP","049285a5f19fb6dc96eef5d9fb9845fb6cab256b3d27b8cb18b73bd641216f9d","1","28","28"
"0df22ddaf02c64bf73a7df12cd5fea6b52632c73","legacy-product-residual","src/main/java/com/tuoman/ai_task_orchestrator/security/ApiKeySecretService.java","legacy-main-java-residual","security","DROP","65e90cf4fbffb4f84af0194f4dc82cf19a5085e4502e4a62b1bf5c1732bb076b","1","109","109"
"0df22ddaf02c64bf73a7df12cd5fea6b52632c73","legacy-product-residual","src/main/java/com/tuoman/ai_task_orchestrator/service/AgentProfileService.java","legacy-main-java-residual","service","DROP","10496e1d58a91ecc382531111a381c8e708e895cd6421cbabb3812ee234867e1","1","154","154"
"0df22ddaf02c64bf73a7df12cd5fea6b52632c73","legacy-product-residual","src/main/java/com/tuoman/ai_task_orchestrator/service/AgentTaskExecutor.java","legacy-main-java-residual","service","DROP","e1fce10e8c8b6a45dde0c3dc4b46176d23eb537bad7576b758fe65e278ccc12b","1","94","94"
"0df22ddaf02c64bf73a7df12cd5fea6b52632c73","legacy-product-residual","src/main/java/com/tuoman/ai_task_orchestrator/service/AgentTaskQueryService.java","legacy-main-java-residual","service","DROP","71d5d54b7c3d974ddeef54a19c99e27f33855c4c42fd9d84ef7cafbde92c826c","1","196","196"
"0df22ddaf02c64bf73a7df12cd5fea6b52632c73","legacy-product-residual","src/main/java/com/tuoman/ai_task_orchestrator/service/AgentTaskService.java","legacy-main-java-residual","service","DROP","beffe7587ba1d78ac13c501cd1f63455775c1c166d4de01da9f0700378885dbe","1","151","151"
"0df22ddaf02c64bf73a7df12cd5fea6b52632c73","legacy-product-residual","src/main/java/com/tuoman/ai_task_orchestrator/service/AgentTaskStepService.java","legacy-main-java-residual","service","DROP","a70c7f543db3ca12418359c7188be350bda1f7db14a678b02d60946c62c0582a","1","121","121"
"0df22ddaf02c64bf73a7df12cd5fea6b52632c73","legacy-product-residual","src/main/java/com/tuoman/ai_task_orchestrator/service/AgentTaskWorkflowService.java","legacy-main-java-residual","service","DROP","e5bb9ce94ce421136c930b6e0bddd07ef69c0fba30e5782c7a944483171c4412","1","461","461"
"0df22ddaf02c64bf73a7df12cd5fea6b52632c73","legacy-product-residual","src/main/java/com/tuoman/ai_task_orchestrator/service/AgentToolQueryService.java","legacy-main-java-residual","service","DROP","037126e64d7c66208891f65fdd48ef1a2161480a57404cdae9ca4067d6cd7989","1","36","36"
"0df22ddaf02c64bf73a7df12cd5fea6b52632c73","legacy-product-residual","src/main/java/com/tuoman/ai_task_orchestrator/service/AppRetrievalService.java","legacy-main-java-residual","service","DROP","4ca8c3c8d2f5388de1655839acc43b0a4458336cc13fc3ef1a9e7dc4565a76dc","1","182","182"
"0df22ddaf02c64bf73a7df12cd5fea6b52632c73","legacy-product-residual","src/main/java/com/tuoman/ai_task_orchestrator/service/BatchItemIngestionRunner.java","legacy-main-java-residual","service","DROP","1bd7a621f4a906b660533fce4182fb114a81311a752261924e23865e3e7e20e4","1","72","72"
"0df22ddaf02c64bf73a7df12cd5fea6b52632c73","legacy-product-residual","src/main/java/com/tuoman/ai_task_orchestrator/service/ChunkMetadataService.java","legacy-main-java-residual","service","DROP","bede4e50334cc9a62181d7c9153f45931b51f8ed381d13541757c9257edeb06e","1","134","134"
"0df22ddaf02c64bf73a7df12cd5fea6b52632c73","legacy-product-residual","src/main/java/com/tuoman/ai_task_orchestrator/service/CollectionScopeService.java","legacy-main-java-residual","service","DROP","fa8043d1b5a88290083c552f9ec7e4cbb07849febeb409d6670bb0ed7b743f45","1","130","130"
"0df22ddaf02c64bf73a7df12cd5fea6b52632c73","legacy-product-residual","src/main/java/com/tuoman/ai_task_orchestrator/service/CollectionService.java","legacy-main-java-residual","service","DROP","aa42a69a4116acb1a58b2db914316cce879ce7d160d0e4891380851f7e60e50f","1","190","190"
"0df22ddaf02c64bf73a7df12cd5fea6b52632c73","legacy-product-residual","src/main/java/com/tuoman/ai_task_orchestrator/service/DocumentEmbeddingService.java","legacy-main-java-residual","service","DROP","9aa8fb511b2e01c5fa98b388a23d96a86cfdabaf31a87a4bddb8c5ba75863ed6","1","263","263"
"0df22ddaf02c64bf73a7df12cd5fea6b52632c73","legacy-product-residual","src/main/java/com/tuoman/ai_task_orchestrator/service/DocumentIngestionEventService.java","legacy-main-java-residual","service","DROP","1eafa6cfead394b101f5170a0a583552cfb8d66e197202d9bd6d7fdb02041ef7","1","59","59"
"0df22ddaf02c64bf73a7df12cd5fea6b52632c73","legacy-product-residual","src/main/java/com/tuoman/ai_task_orchestrator/service/DocumentIngestionService.java","legacy-main-java-residual","service","DROP","1cdb397066c10d21806edc76b66c67475b0b83049942b956261eb6fd7bc51bd1","1","179","179"
"0df22ddaf02c64bf73a7df12cd5fea6b52632c73","legacy-product-residual","src/main/java/com/tuoman/ai_task_orchestrator/service/DocumentIngestionTaskHandler.java","legacy-main-java-residual","service","DROP","c4d05e9869cc31f1f2ee136c364552e7228b7f3bc479de436ff4d5866f80ab24","1","366","366"
"0df22ddaf02c64bf73a7df12cd5fea6b52632c73","legacy-product-residual","src/main/java/com/tuoman/ai_task_orchestrator/service/DocumentIngestionTaskProgressService.java","legacy-main-java-residual","service","DROP","0ceb086cfef958d89e48e18bef438b253a4dff79dbedec2658ddb6cc60c5bc12","1","34","34"
"0df22ddaf02c64bf73a7df12cd5fea6b52632c73","legacy-product-residual","src/main/java/com/tuoman/ai_task_orchestrator/service/DocumentIngestionTaskService.java","legacy-main-java-residual","service","DROP","e9f2c3ae48e76d5e3419c41f66a549b3c808b042d0d02d44e2c8c1651933dc0e","1","278","278"
"0df22ddaf02c64bf73a7df12cd5fea6b52632c73","legacy-product-residual","src/main/java/com/tuoman/ai_task_orchestrator/service/DocumentLifecycleFilterService.java","legacy-main-java-residual","service","DROP","1804003d5b41c36cfa623ed9738b1cc9b4b1e760314e85230803bacaceb69079","1","164","164"
"0df22ddaf02c64bf73a7df12cd5fea6b52632c73","legacy-product-residual","src/main/java/com/tuoman/ai_task_orchestrator/service/DocumentReindexService.java","legacy-main-java-residual","service","DROP","c155fbe66fbc49bae7da698cfb607c5a64050fe8c2188e31b12c8da37ac27632","1","129","129"
"0df22ddaf02c64bf73a7df12cd5fea6b52632c73","legacy-product-residual","src/main/java/com/tuoman/ai_task_orchestrator/service/DocumentService.java","legacy-main-java-residual","service","DROP","467b863425b202f7bece915510efbd8df912e7f9586afdfd63f5461a0b487569","1","339","339"
"0df22ddaf02c64bf73a7df12cd5fea6b52632c73","legacy-product-residual","src/main/java/com/tuoman/ai_task_orchestrator/service/DocumentTrashService.java","legacy-main-java-residual","service","DROP","3e0cf8c6165d262f29cd7654de75c01cdddf4decf46d3657d02878c8a56cbc79","1","229","229"
"0df22ddaf02c64bf73a7df12cd5fea6b52632c73","legacy-product-residual","src/main/java/com/tuoman/ai_task_orchestrator/service/IngestionAnalyticsService.java","legacy-main-java-residual","service","DROP","bdbf59535b434aef2f6ab53a9a360eb54887b322a1ac247a0533332dcd89b837","1","287","287"
"0df22ddaf02c64bf73a7df12cd5fea6b52632c73","legacy-product-residual","src/main/java/com/tuoman/ai_task_orchestrator/service/kbhealth/RagEvaluationDatasetService.java","legacy-main-java-residual","service","DROP","bf06e84420482e1ed98161b0008ec6cc2f2f771a69cf4975fa569e31a8f219f1","1","361","361"
"0df22ddaf02c64bf73a7df12cd5fea6b52632c73","legacy-product-residual","src/main/java/com/tuoman/ai_task_orchestrator/service/kbhealth/RagEvaluationRunService.java","legacy-main-java-residual","service","DROP","6f91bcf09c3de88fea0806313eb7f0cd5133f7c48584ca2677f02ef1918b5fe5","1","635","635"
"0df22ddaf02c64bf73a7df12cd5fea6b52632c73","legacy-product-residual","src/main/java/com/tuoman/ai_task_orchestrator/service/MemoryDiagnosticsService.java","legacy-main-java-residual","service","DROP","04a3c0f9021ba23006a92114764a39317faa4064e0f873e48fb4d5062c0dc4aa","1","213","213"
"0df22ddaf02c64bf73a7df12cd5fea6b52632c73","legacy-product-residual","src/main/java/com/tuoman/ai_task_orchestrator/service/MemoryService.java","legacy-main-java-residual","service","DROP","8940c22750d37efa8f76547c96a47c773e2a9c89faeb6a9b1594fbb858be5dcb","1","460","460"
"0df22ddaf02c64bf73a7df12cd5fea6b52632c73","legacy-product-residual","src/main/java/com/tuoman/ai_task_orchestrator/service/MetricsRecorder.java","legacy-main-java-residual","service","DROP","61d9d67f7c5f1f156c71728eac983960788284539551c7e3dd92e14e3019229a","1","32","32"
"0df22ddaf02c64bf73a7df12cd5fea6b52632c73","legacy-product-residual","src/main/java/com/tuoman/ai_task_orchestrator/service/ModelProviderConfigService.java","legacy-main-java-residual","service","DROP","10bc9c317b0e54762ee92c6366b28bfeb7f55933539eb50d4f803de270900a0b","1","285","285"
"0df22ddaf02c64bf73a7df12cd5fea6b52632c73","legacy-product-residual","src/main/java/com/tuoman/ai_task_orchestrator/service/ModelProviderSelectionService.java","legacy-main-java-residual","service","DROP","c941f6642605d9926e18584698822c3bb6bfccf34d11826e32922ffead49ae69","1","155","155"
"0df22ddaf02c64bf73a7df12cd5fea6b52632c73","legacy-product-residual","src/main/java/com/tuoman/ai_task_orchestrator/service/ModelProviderTestService.java","legacy-main-java-residual","service","DROP","6692b5d418aec2d3f13cca0911e6e85a46b57def490d3a8080af202863befbb8","1","147","147"
"0df22ddaf02c64bf73a7df12cd5fea6b52632c73","legacy-product-residual","src/main/java/com/tuoman/ai_task_orchestrator/service/NotificationService.java","legacy-main-java-residual","service","DROP","476860270ef890c1955bafd280e9651bd54353153bd47b96e81afdc8df3375dc","1","142","142"
"0df22ddaf02c64bf73a7df12cd5fea6b52632c73","legacy-product-residual","src/main/java/com/tuoman/ai_task_orchestrator/service/RagAnswerService.java","legacy-main-java-residual","service","DROP","4594a773109d1c696c388f176e9912e6d867356e007b300c9bdbb5b9e14c953e","1","772","772"
"0df22ddaf02c64bf73a7df12cd5fea6b52632c73","legacy-product-residual","src/main/java/com/tuoman/ai_task_orchestrator/service/RagPromptBuilder.java","legacy-main-java-residual","service","DROP","7c4164d15d3d5c59f73c9159e2a3e95e9a4a1e27d5d84eb7f09960c28772babe","1","57","57"
"0df22ddaf02c64bf73a7df12cd5fea6b52632c73","legacy-product-residual","src/main/java/com/tuoman/ai_task_orchestrator/service/RetrievalEvaluationService.java","legacy-main-java-residual","service","DROP","714ea2caaebd01de792b32c8e971cdb59e79474fec7bb88cebb3c1adff924b3f","1","222","222"
"0df22ddaf02c64bf73a7df12cd5fea6b52632c73","legacy-product-residual","src/main/java/com/tuoman/ai_task_orchestrator/service/RetrievalMetricsCalculator.java","legacy-main-java-residual","service","DROP","b5bb710ac1be7a3b851f9810661e7c38a3a402ef2a2dfc0b36f1f2f9590bd432","1","108","108"
"0df22ddaf02c64bf73a7df12cd5fea6b52632c73","legacy-product-residual","src/main/java/com/tuoman/ai_task_orchestrator/service/RetrievalReindexService.java","legacy-main-java-residual","service","DROP","abe160c44f0ee3a997a6f4468aa824038d1aafdc0afe92de42e572f64a515e14","1","93","93"
"0df22ddaf02c64bf73a7df12cd5fea6b52632c73","legacy-product-residual","src/main/java/com/tuoman/ai_task_orchestrator/service/RuntimeStatusService.java","legacy-main-java-residual","service","DROP","c862c25cce55f742b077fdc28fe61ea4e08c995a3bd8269580ac438c8e13bf71","1","166","166"
"0df22ddaf02c64bf73a7df12cd5fea6b52632c73","legacy-product-residual","src/main/java/com/tuoman/ai_task_orchestrator/service/RuntimeTestService.java","legacy-main-java-residual","service","DROP","1b0122d254de2fdc6e9b3e2b8174fbe2879fa3a854d6f74cab3f8c8265a406ef","1","99","99"
"0df22ddaf02c64bf73a7df12cd5fea6b52632c73","legacy-product-residual","src/main/java/com/tuoman/ai_task_orchestrator/service/TaskAttemptService.java","legacy-main-java-residual","service","DROP","41cfbaf093278f5f30a4d7ce92b3d592bdfb33dab4688b42d67a15c8dbeae261","1","206","206"
"0df22ddaf02c64bf73a7df12cd5fea6b52632c73","legacy-product-residual","src/main/java/com/tuoman/ai_task_orchestrator/service/TaskExecutionService.java","legacy-main-java-residual","service","DROP","4e07246dd5c478eecfc1ce2dccccbd803e19268d22611a34e7899060aafe5e51","1","261","261"
"0df22ddaf02c64bf73a7df12cd5fea6b52632c73","legacy-product-residual","src/main/java/com/tuoman/ai_task_orchestrator/service/TaskOutboxDispatchService.java","legacy-main-java-residual","service","DROP","fb497244f3ef90d53c0ebac04beee1f549b1ffa8ceb2e6e2b639a975f01f40e5","1","121","121"
"0df22ddaf02c64bf73a7df12cd5fea6b52632c73","legacy-product-residual","src/main/java/com/tuoman/ai_task_orchestrator/service/TaskOutboxService.java","legacy-main-java-residual","service","DROP","19c379e523deabe9ec57cb57ff3ab6cd2e738d81025739298721fd589aa029a1","1","38","38"
"0df22ddaf02c64bf73a7df12cd5fea6b52632c73","legacy-product-residual","src/main/java/com/tuoman/ai_task_orchestrator/service/TaskOutputChunkService.java","legacy-main-java-residual","service","DROP","1b4cd5cbe3475fbc79826ca9027a4b9c04989c01f63137bd051b0206cd1bd288","1","68","68"
"0df22ddaf02c64bf73a7df12cd5fea6b52632c73","legacy-product-residual","src/main/java/com/tuoman/ai_task_orchestrator/service/TaskService.java","legacy-main-java-residual","service","DROP","a9d1eae71a534b8b9e739ace0471e37efd9720dfdb97c0f2b1d968bd8c314f2d","1","419","419"
"0df22ddaf02c64bf73a7df12cd5fea6b52632c73","legacy-product-residual","src/main/java/com/tuoman/ai_task_orchestrator/service/TrashCleanupService.java","legacy-main-java-residual","service","DROP","e1c8f2b0c5ba94bac456da116130b3841fd632b50d0c2e8cd32e1a0f6e68c7be","1","54","54"
"0df22ddaf02c64bf73a7df12cd5fea6b52632c73","legacy-product-residual","src/main/java/com/tuoman/ai_task_orchestrator/service/UploadBatchService.java","legacy-main-java-residual","service","DROP","a31dbe948b036a5bfecda7d035c6c96faeb7d9d26134f22eba3a2f422a0c6073","1","540","540"
"0df22ddaf02c64bf73a7df12cd5fea6b52632c73","legacy-product-residual","src/main/java/com/tuoman/ai_task_orchestrator/state/TaskStateMachine.java","legacy-main-java-residual","state","DROP","4cc4f2ce83e4497cde154c8d6b0ddd8a8ef2fc39e1e13cc4e9f4e3a94484b14d","1","41","41"
"0df22ddaf02c64bf73a7df12cd5fea6b52632c73","legacy-product-residual","src/main/java/com/tuoman/ai_task_orchestrator/storage/CacheManagementService.java","legacy-main-java-residual","storage","DROP","6bac6cb686746a2e979d14c36800a6d3ba07b7dfc4b1f44c53532349a97ba5e3","1","54","54"
"0df22ddaf02c64bf73a7df12cd5fea6b52632c73","legacy-product-residual","src/main/java/com/tuoman/ai_task_orchestrator/storage/StorageCleanupService.java","legacy-main-java-residual","storage","DROP","130b8cef7bd343036fa1ddfab5c6793914dd1701c10476c56e573c2e1c0b27fb","1","111","111"
"0df22ddaf02c64bf73a7df12cd5fea6b52632c73","legacy-product-residual","src/main/java/com/tuoman/ai_task_orchestrator/storage/StorageSummaryService.java","legacy-main-java-residual","storage","DROP","88d856112a5f918d5ce2fb99cf80b14a60291eb7a511e8d1267f2dcb71811072","1","64","64"
"0df22ddaf02c64bf73a7df12cd5fea6b52632c73","legacy-product-residual","src/main/java/com/tuoman/ai_task_orchestrator/vectorindex/CollectionPollutionAuditService.java","legacy-main-java-residual","vectorindex","DROP","c689c4049ab328712246c793b89cf465d97652442b3a599c87c13b639d6f7775","1","155","155"
"0df22ddaf02c64bf73a7df12cd5fea6b52632c73","legacy-product-residual","src/main/java/com/tuoman/ai_task_orchestrator/vectorindex/IdempotentVectorUpsertService.java","legacy-main-java-residual","vectorindex","DROP","10d7b68a7b35eae23d7a5ea8f15e145913119491ca2f8bdb550291b310540a55","1","175","175"
"0df22ddaf02c64bf73a7df12cd5fea6b52632c73","legacy-product-residual","src/main/java/com/tuoman/ai_task_orchestrator/vectorindex/VectorCleanupService.java","legacy-main-java-residual","vectorindex","DROP","4a87d7f17ec07ad1b2fc27255e29e2ace3008fa97343e92ca89e0788ba8eac23","1","210","210"
"0df22ddaf02c64bf73a7df12cd5fea6b52632c73","legacy-product-residual","src/main/java/com/tuoman/ai_task_orchestrator/vectorindex/VectorConsistencyAuditService.java","legacy-main-java-residual","vectorindex","DROP","50550846ab496410c73a16a24732b0b0ba19eeb50200ffde59c3ee20ec6623f0","1","411","411"
"0df22ddaf02c64bf73a7df12cd5fea6b52632c73","legacy-product-residual","src/main/java/com/tuoman/ai_task_orchestrator/vectorindex/VectorGenerationService.java","legacy-main-java-residual","vectorindex","DROP","0ca256fdbf91f14492ed4a1fa7f9abe59f790f172b379b10e11cf44803e11a0a","1","173","173"
"0df22ddaf02c64bf73a7df12cd5fea6b52632c73","legacy-product-residual","src/main/java/com/tuoman/ai_task_orchestrator/vectorindex/VectorIdentity.java","legacy-main-java-residual","vectorindex","DROP","d325467e88232507eece8d7aadd483601657b7bb881f79fb59c67b82a3c8adc3","1","31","31"
"0df22ddaf02c64bf73a7df12cd5fea6b52632c73","legacy-product-residual","src/main/java/com/tuoman/ai_task_orchestrator/vectorindex/VectorIdentityService.java","legacy-main-java-residual","vectorindex","DROP","3bb85c8e7d332d2fb77eb6174a68fdeb0479813ec3b14a318840336c77a0d00f","1","116","116"
"0df22ddaf02c64bf73a7df12cd5fea6b52632c73","legacy-product-residual","src/main/java/com/tuoman/ai_task_orchestrator/vectorindex/VectorIndexSummaryService.java","legacy-main-java-residual","vectorindex","DROP","00251a3e807df443d41a42ecea1092379bb7fe2d2c26f21f200593dc9e39328b","1","48","48"
"0df22ddaf02c64bf73a7df12cd5fea6b52632c73","legacy-product-residual","src/main/java/com/tuoman/ai_task_orchestrator/vectorindex/VectorLifecycleSyncService.java","legacy-main-java-residual","vectorindex","DROP","8052818618d9a57af21ecf856b5b1d6c08661d48ec7f875b6dbe9f1b1b1d6ce3","1","44","44"
"0df22ddaf02c64bf73a7df12cd5fea6b52632c73","legacy-product-residual","src/main/java/com/tuoman/ai_task_orchestrator/vectorindex/VectorNamespaceGuard.java","legacy-main-java-residual","vectorindex","DROP","17630bb232645aab970a64152b18ef292c95232910de467e8257cf5982de4f8d","1","91","91"
"0df22ddaf02c64bf73a7df12cd5fea6b52632c73","legacy-product-residual","src/main/java/com/tuoman/ai_task_orchestrator/vectorindex/VectorPayloadBuilder.java","legacy-main-java-residual","vectorindex","DROP","c344625ca5de579a646c9e1d762dd47a405e4bc6e1fe71cab612d1a15d611033","1","117","117"
"0df22ddaf02c64bf73a7df12cd5fea6b52632c73","legacy-product-residual","src/main/java/com/tuoman/ai_task_orchestrator/vectorindex/VectorReindexIntegrationService.java","legacy-main-java-residual","vectorindex","DROP","9477086ba368941df59676e345f8388b4ee3ac3bc987d9a670b90a0a2b0aa805","1","75","75"
"0df22ddaf02c64bf73a7df12cd5fea6b52632c73","legacy-product-residual","src/main/java/com/tuoman/ai_task_orchestrator/vectorindex/VectorUpsertRequest.java","legacy-main-java-residual","vectorindex","DROP","b8b968e04aa288214e95380cd23cfd17eb945414f06fead401d4eb6f8580d10f","1","41","41"
"0df22ddaf02c64bf73a7df12cd5fea6b52632c73","legacy-product-residual","src/main/java/com/tuoman/ai_task_orchestrator/vectorindex/VectorUpsertResult.java","legacy-main-java-residual","vectorindex","DROP","eb015a2a576d8561a157f8d103a74428cf63aa6340a9a0fbbeb0ffda56721f7e","1","34","34"
"0df22ddaf02c64bf73a7df12cd5fea6b52632c73","legacy-product-residual","src/main/java/com/tuoman/ai_task_orchestrator/vectorstore/ExactCosineVectorStore.java","legacy-main-java-residual","vectorstore","DROP","2f4d75eaa9b4746d6c4c62b4430ddd4f98eb46fc77b6e16ea4403fbc7809c8bc","1","533","533"
"0df22ddaf02c64bf73a7df12cd5fea6b52632c73","legacy-product-residual","src/main/java/com/tuoman/ai_task_orchestrator/vectorstore/qdrant/QdrantCondition.java","legacy-main-java-residual","vectorstore","DROP","a601aa8f5060d3e16923bafdf31389bce0f45e98fa8784e7fdb6980c086af972","1","7","7"
"0df22ddaf02c64bf73a7df12cd5fea6b52632c73","legacy-product-residual","src/main/java/com/tuoman/ai_task_orchestrator/vectorstore/qdrant/QdrantCreateCollectionRequest.java","legacy-main-java-residual","vectorstore","DROP","1e248e93e55af105847624b369e1d6eca6bfcc61fdb02a9a8b03941daeb3129d","1","16","16"
"0df22ddaf02c64bf73a7df12cd5fea6b52632c73","legacy-product-residual","src/main/java/com/tuoman/ai_task_orchestrator/vectorstore/qdrant/QdrantDeletePointsRequest.java","legacy-main-java-residual","vectorstore","DROP","35d731f8c3370a999f4eb6a9d27314edaac327c7d3b33b3a0604a7fc2408879b","1","6","6"
"0df22ddaf02c64bf73a7df12cd5fea6b52632c73","legacy-product-residual","src/main/java/com/tuoman/ai_task_orchestrator/vectorstore/qdrant/QdrantFilter.java","legacy-main-java-residual","vectorstore","DROP","0e93c6369efba5c29db002056ea530174f34f02d6626eef231d5717f9715ec35","1","8","8"
"0df22ddaf02c64bf73a7df12cd5fea6b52632c73","legacy-product-residual","src/main/java/com/tuoman/ai_task_orchestrator/vectorstore/qdrant/QdrantMatch.java","legacy-main-java-residual","vectorstore","DROP","fa8589900108b01e2116c46df2a1e3976441597e67456b7ff90aa103ea7fd5a0","1","20","20"
"0df22ddaf02c64bf73a7df12cd5fea6b52632c73","legacy-product-residual","src/main/java/com/tuoman/ai_task_orchestrator/vectorstore/qdrant/QdrantPayloadMapper.java","legacy-main-java-residual","vectorstore","DROP","76eea6a8f057835ae0655e193a8684c7572080ecd4e39946f20edcaf88970786","1","249","249"
"0df22ddaf02c64bf73a7df12cd5fea6b52632c73","legacy-product-residual","src/main/java/com/tuoman/ai_task_orchestrator/vectorstore/qdrant/QdrantPoint.java","legacy-main-java-residual","vectorstore","DROP","ec1d83b073b57c58c9f72ed4ce9da1d53d796a05d7f5080d76c8218dd0407c58","1","11","11"
"0df22ddaf02c64bf73a7df12cd5fea6b52632c73","legacy-product-residual","src/main/java/com/tuoman/ai_task_orchestrator/vectorstore/qdrant/QdrantScoredPoint.java","legacy-main-java-residual","vectorstore","DROP","dfd8e97ba20a75db40d3f2fec7f0bb151e047a845fee2445acd1e4107ff1d471","1","10","10"
"0df22ddaf02c64bf73a7df12cd5fea6b52632c73","legacy-product-residual","src/main/java/com/tuoman/ai_task_orchestrator/vectorstore/qdrant/QdrantSearchRequest.java","legacy-main-java-residual","vectorstore","DROP","d34cf9a31aa93b7de9179171333a6f8d9661b1f8d3a57aaca3076030503343c7","1","14","14"
"0df22ddaf02c64bf73a7df12cd5fea6b52632c73","legacy-product-residual","src/main/java/com/tuoman/ai_task_orchestrator/vectorstore/qdrant/QdrantSearchResponse.java","legacy-main-java-residual","vectorstore","DROP","04c6e9b78a184447db033139fca331fb2ffe2c882d23abfbd4d76a99aa5ecb71","1","8","8"
"0df22ddaf02c64bf73a7df12cd5fea6b52632c73","legacy-product-residual","src/main/java/com/tuoman/ai_task_orchestrator/vectorstore/qdrant/QdrantUpsertPointsRequest.java","legacy-main-java-residual","vectorstore","DROP","71f5570f1972988d8f1f2b29293966f8b5ce3739b4eba4b0ec71e3606dad3cd1","1","8","8"
"0df22ddaf02c64bf73a7df12cd5fea6b52632c73","legacy-product-residual","src/main/java/com/tuoman/ai_task_orchestrator/vectorstore/qdrant/QdrantVectorStore.java","legacy-main-java-residual","vectorstore","DROP","7091b40af65d5e49317d240540acd25e14193388b970de32604872c089d4faf4","1","163","163"
"0df22ddaf02c64bf73a7df12cd5fea6b52632c73","legacy-product-residual","src/main/java/com/tuoman/ai_task_orchestrator/vectorstore/qdrant/QdrantVectorStoreClient.java","legacy-main-java-residual","vectorstore","DROP","1bf5489768b3b021750f6462b88d58720e0a68d8e2ab9d2131dc062c3c49841b","1","26","26"
"0df22ddaf02c64bf73a7df12cd5fea6b52632c73","legacy-product-residual","src/main/java/com/tuoman/ai_task_orchestrator/vectorstore/qdrant/QdrantVectorStoreException.java","legacy-main-java-residual","vectorstore","DROP","eec25ab337d6a502fe12dab000d94b309da3b57e046fbd6081d31aedd4fed70b","1","12","12"
"0df22ddaf02c64bf73a7df12cd5fea6b52632c73","legacy-product-residual","src/main/java/com/tuoman/ai_task_orchestrator/vectorstore/qdrant/RestClientQdrantVectorStoreClient.java","legacy-main-java-residual","vectorstore","DROP","9130b9510be676593174774ff56880b5742ddf5a266a16662f524a7c783a8e5a","1","107","107"
"0df22ddaf02c64bf73a7df12cd5fea6b52632c73","legacy-product-residual","src/main/java/com/tuoman/ai_task_orchestrator/vectorstore/VectorCountFilter.java","legacy-main-java-residual","vectorstore","DROP","a052ccf601f9019c2f0bd33a6c75007ae1151ca65048d2464fe8c472ad66338a","1","21","21"
"0df22ddaf02c64bf73a7df12cd5fea6b52632c73","legacy-product-residual","src/main/java/com/tuoman/ai_task_orchestrator/vectorstore/VectorDeleteFilter.java","legacy-main-java-residual","vectorstore","DROP","db7aab39e388a4180ceb18b6459e7b18f967925235ab77e3c35bb5fe00377cc6","1","23","23"
"0df22ddaf02c64bf73a7df12cd5fea6b52632c73","legacy-product-residual","src/main/java/com/tuoman/ai_task_orchestrator/vectorstore/VectorScanFilter.java","legacy-main-java-residual","vectorstore","DROP","db128e0ec829b4679808ff728a11073d6332272f963aa09e986c599682e98d6b","1","23","23"
"0df22ddaf02c64bf73a7df12cd5fea6b52632c73","legacy-product-residual","src/main/java/com/tuoman/ai_task_orchestrator/vectorstore/VectorSearchFilter.java","legacy-main-java-residual","vectorstore","DROP","7d4726d1f44d95d6b02a3401c88a2c3f7f67a714feb7d6a35b43638b99382e37","1","14","14"
"0df22ddaf02c64bf73a7df12cd5fea6b52632c73","legacy-product-residual","src/main/java/com/tuoman/ai_task_orchestrator/vectorstore/VectorSearchRequest.java","legacy-main-java-residual","vectorstore","DROP","0e12ab1fb612f20c6e1e59f6757f9711eece323ea3cda6822de4c64db050603f","1","13","13"
"0df22ddaf02c64bf73a7df12cd5fea6b52632c73","legacy-product-residual","src/main/java/com/tuoman/ai_task_orchestrator/vectorstore/VectorSearchResult.java","legacy-main-java-residual","vectorstore","DROP","e1289bea222b86497de1da56b18a3621a2ea239f8eaeca58a96677101cbe054d","1","23","23"
"0df22ddaf02c64bf73a7df12cd5fea6b52632c73","legacy-product-residual","src/main/java/com/tuoman/ai_task_orchestrator/vectorstore/VectorStore.java","legacy-main-java-residual","vectorstore","DROP","237667a03c239142a5ac7d417b1f3e35db01e70b2c62f356ea5c54afa6422eef","1","70","70"
"0df22ddaf02c64bf73a7df12cd5fea6b52632c73","legacy-product-residual","src/main/java/com/tuoman/ai_task_orchestrator/vectorstore/VectorStoreConfiguration.java","legacy-main-java-residual","vectorstore","DROP","8593af692e2ba38ace23b5f44974f6b957dd87b4c8c00b63e6c499b588e887d3","1","56","56"
"0df22ddaf02c64bf73a7df12cd5fea6b52632c73","legacy-product-residual","src/main/java/com/tuoman/ai_task_orchestrator/vectorstore/VectorStoreDocument.java","legacy-main-java-residual","vectorstore","DROP","96503eec54c65868c27ef963059742d44daca0097bd5199baf934e01ac0da8be","1","74","74"
"0df22ddaf02c64bf73a7df12cd5fea6b52632c73","legacy-product-residual","src/main/java/com/tuoman/ai_task_orchestrator/vectorstore/VectorStoreOperationResult.java","legacy-main-java-residual","vectorstore","DROP","4d78495e64932f5bc803b7ea7fae3777e6b1b2232156850e838d6eb31480c9e3","1","16","16"
"0df22ddaf02c64bf73a7df12cd5fea6b52632c73","legacy-product-residual","src/main/java/com/tuoman/ai_task_orchestrator/vectorstore/VectorStoreProperties.java","legacy-main-java-residual","vectorstore","DROP","583a105152bbe925edf7227c046ace32bf9833991c0582d3832cd01d8225d075","1","30","30"
"0df22ddaf02c64bf73a7df12cd5fea6b52632c73","legacy-product-residual","src/main/resources/application-docker.properties","legacy-resource-residual","runtime-config","DROP","d4cc8b37599b5169efa91c4f4de98fafac51a528b588d4a5fea68b7d13a30a31","1","17","17"
"0df22ddaf02c64bf73a7df12cd5fea6b52632c73","legacy-product-residual","src/main/resources/application-local-ai.properties","legacy-resource-residual","runtime-config","DROP","e5ca53156640f7c15b4918067e5b0bec861857df9f44eb5060726bb3a6964e8c","1","24","24"
"0df22ddaf02c64bf73a7df12cd5fea6b52632c73","legacy-product-residual","src/main/resources/application-qdrant.properties","legacy-resource-residual","runtime-config","DROP","f6135d95e34580ff2caa825b244b3bdad990ba4d89aa5c280299e500d9a8c865","1","12","12"
"0df22ddaf02c64bf73a7df12cd5fea6b52632c73","legacy-product-residual","src/main/resources/application.properties","legacy-resource-residual","runtime-config","DROP","d5b9aa44a69ae7f76f9bef2274cf8bcf4d449ee0eaa04f8d7629039ab7ef3c0f","1","129","129"
"0df22ddaf02c64bf73a7df12cd5fea6b52632c73","legacy-product-residual","src/main/resources/db/migration/V1__create_task_table.sql","legacy-resource-residual","mysql-migration","DROP","c9685a7778b8e0aa7cd6d5f8bd904e40bb72eceb57dbb2d7936ea90c2e73f402","1","8","8"
"0df22ddaf02c64bf73a7df12cd5fea6b52632c73","legacy-product-residual","src/main/resources/db/migration/V10__add_requested_model_to_task.sql","legacy-resource-residual","mysql-migration","DROP","78a3910b6f928e6e71af2baed7f47a26b46d3fb1dbc6357233229b9bc77aaa04","1","2","2"
"0df22ddaf02c64bf73a7df12cd5fea6b52632c73","legacy-product-residual","src/main/resources/db/migration/V11__create_task_output_chunk_table.sql","legacy-resource-residual","mysql-migration","DROP","2cc1df2062adf01b7083c0be64e338dd2a3631e4bb50267adf0d5f7a8b6db0ef","1","8","8"
"0df22ddaf02c64bf73a7df12cd5fea6b52632c73","legacy-product-residual","src/main/resources/db/migration/V12__create_document_tables.sql","legacy-resource-residual","mysql-migration","DROP","6309db43f9e1f5d11c71c545d4778c06b3764434b9f445b6fdb137977b3544c4","1","21","21"
"0df22ddaf02c64bf73a7df12cd5fea6b52632c73","legacy-product-residual","src/main/resources/db/migration/V13__add_chunk_metadata_fields.sql","legacy-resource-residual","mysql-migration","DROP","24497a272e7e9c2643ba96fa6fc3fe1be65ea8b3d97faf3e96f37f2a82bbe333","1","5","5"
"0df22ddaf02c64bf73a7df12cd5fea6b52632c73","legacy-product-residual","src/main/resources/db/migration/V14__create_document_chunk_embedding_table.sql","legacy-resource-residual","mysql-migration","DROP","3858212be06b37cefd41cd17f4d171d58921a753e6d233c8627000eb9bcdd983","1","13","13"
"0df22ddaf02c64bf73a7df12cd5fea6b52632c73","legacy-product-residual","src/main/resources/db/migration/V15__create_task_outbox_table.sql","legacy-resource-residual","mysql-migration","DROP","e3bd997d538494bc43d3bbfc7d69f29e943aaa95bd94d0bf98161c892cb3cd0f","1","18","18"
"0df22ddaf02c64bf73a7df12cd5fea6b52632c73","legacy-product-residual","src/main/resources/db/migration/V16__create_task_attempt_table.sql","legacy-resource-residual","mysql-migration","DROP","e4218abd96e52cc640fc851a959ddafe60cdc701dec75ce6b05143f27b44682b","1","24","24"
"0df22ddaf02c64bf73a7df12cd5fea6b52632c73","legacy-product-residual","src/main/resources/db/migration/V17__create_embedding_cache_table.sql","legacy-resource-residual","mysql-migration","DROP","e4071bf37b2c8cae4b55353787a1e5e24bbee721efe4a93aaa9e6b5108a57842","1","11","11"
"0df22ddaf02c64bf73a7df12cd5fea6b52632c73","legacy-product-residual","src/main/resources/db/migration/V18__create_embedding_cache_metric_table.sql","legacy-resource-residual","mysql-migration","DROP","09af3abf6b02544104a38ce76324b7733cd5af464b0266a3d92c63dbfe93bbcb","1","15","15"
"0df22ddaf02c64bf73a7df12cd5fea6b52632c73","legacy-product-residual","src/main/resources/db/migration/V19__create_document_ingestion_task.sql","legacy-resource-residual","mysql-migration","DROP","5cd97299518fec818f2deb7dcbe1cb3baefdae8efaf7445e95000e0cca7c2281","1","23","23"
"0df22ddaf02c64bf73a7df12cd5fea6b52632c73","legacy-product-residual","src/main/resources/db/migration/V2__create_task_event_table.sql","legacy-resource-residual","mysql-migration","DROP","4de15805feadad3a63441b5965ac630e7d259f1a2b4d5da35b6039872cf3766c","1","12","12"
"0df22ddaf02c64bf73a7df12cd5fea6b52632c73","legacy-product-residual","src/main/resources/db/migration/V20__create_document_ingestion_event.sql","legacy-resource-residual","mysql-migration","DROP","d1f9f44a4c20e974c11051a95222ea5fd81f7b055ca514142c06d59e0a476799","1","17","17"
"0df22ddaf02c64bf73a7df12cd5fea6b52632c73","legacy-product-residual","src/main/resources/db/migration/V21__add_document_lifecycle_status.sql","legacy-resource-residual","mysql-migration","DROP","3c31efdd5ae6ca956cbfc8733aecfdd9307cec177ed16093b6a226f5af6bd806","1","5","5"
"0df22ddaf02c64bf73a7df12cd5fea6b52632c73","legacy-product-residual","src/main/resources/db/migration/V22__add_document_reindex_and_chunk_generation.sql","legacy-resource-residual","mysql-migration","DROP","af54e3e83a75b0c45f726b9e32349402a3ee5268ecf0db902346c3d7fa8bcb7c","1","15","15"
"0df22ddaf02c64bf73a7df12cd5fea6b52632c73","legacy-product-residual","src/main/resources/db/migration/V23__add_knowledge_collection.sql","legacy-resource-residual","mysql-migration","DROP","e6b54665deef7d423652be5d423dd07c6bf7251076b6de4a6826313c1ec5d7c0","1","21","21"
"0df22ddaf02c64bf73a7df12cd5fea6b52632c73","legacy-product-residual","src/main/resources/db/migration/V24__add_agent_task.sql","legacy-resource-residual","mysql-migration","DROP","dd77f45c8f32ede972d819437decceba37ab1cc3ccbb10e3d39dac693abbe083","1","63","63"
"0df22ddaf02c64bf73a7df12cd5fea6b52632c73","legacy-product-residual","src/main/resources/db/migration/V25__add_agent_task_step.sql","legacy-resource-residual","mysql-migration","DROP","c38056f0077dcd74ce3724ae23b18a2ce7e65d3b17f2c2266bc05607935a90f1","1","30","30"
"0df22ddaf02c64bf73a7df12cd5fea6b52632c73","legacy-product-residual","src/main/resources/db/migration/V26__create_model_provider_config.sql","legacy-resource-residual","mysql-migration","DROP","a9acb6507998e12e33aaab0b0a9b7d0b3b01e3dece463c589fea61c1af76cac1","1","25","25"
"0df22ddaf02c64bf73a7df12cd5fea6b52632c73","legacy-product-residual","src/main/resources/db/migration/V27__document_trash_and_purge.sql","legacy-resource-residual","mysql-migration","DROP","bd4dc7773c3d4a2cd62e7515aba892944446603782eef8bd54693773b5681706","1","13","13"
"0df22ddaf02c64bf73a7df12cd5fea6b52632c73","legacy-product-residual","src/main/resources/db/migration/V28__batch_ingestion_and_notification.sql","legacy-resource-residual","mysql-migration","DROP","e8c88fe256625c6f31c038e9f9140a41481c267478e847ab9b98f17a07a55f0d","1","77","77"
"0df22ddaf02c64bf73a7df12cd5fea6b52632c73","legacy-product-residual","src/main/resources/db/migration/V29__rag_evaluation_health.sql","legacy-resource-residual","mysql-migration","DROP","748587bd9a32722262f02c18ddfb27dfd7861fb83dbea5d082985ed1f3de5a59","1","89","89"
"0df22ddaf02c64bf73a7df12cd5fea6b52632c73","legacy-product-residual","src/main/resources/db/migration/V3__add_error_message_to_task.sql","legacy-resource-residual","mysql-migration","DROP","71b727fb2f3040fe6f93948d7f612cfe470be219b1e3e12193965c91087eb859","1","2","2"
"0df22ddaf02c64bf73a7df12cd5fea6b52632c73","legacy-product-residual","src/main/resources/db/migration/V30__structured_chunk_and_retrieval_metadata.sql","legacy-resource-residual","mysql-migration","DROP","eab4b772935e93206f2e10dd3c72d443bf917555ec22cb4aa2aea9268b4f6aef","1","45","45"
"0df22ddaf02c64bf73a7df12cd5fea6b52632c73","legacy-product-residual","src/main/resources/db/migration/V31__vector_index_isolation_and_audit.sql","legacy-resource-residual","mysql-migration","DROP","527818acda128ee7fff8237c4b64848d4e0cb74e7b9ef813fe426f81b843a572","1","67","67"
"0df22ddaf02c64bf73a7df12cd5fea6b52632c73","legacy-product-residual","src/main/resources/db/migration/V32__grounded_answer_trace.sql","legacy-resource-residual","mysql-migration","DROP","e75782c093c5fa56b3bab3540a7dbfbb20c1e1783595585e2416ebc9b5484de6","1","6","6"
"0df22ddaf02c64bf73a7df12cd5fea6b52632c73","legacy-product-residual","src/main/resources/db/migration/V33__memory_foundation_and_agent_profiles.sql","legacy-resource-residual","mysql-migration","DROP","81bda7c0316145c5183693f1cd4e2cae3c5527e6dc4e63562b62eb9bdadc0023","1","74","74"
"0df22ddaf02c64bf73a7df12cd5fea6b52632c73","legacy-product-residual","src/main/resources/db/migration/V4__add_retry_fields_to_task.sql","legacy-resource-residual","mysql-migration","DROP","89273b8ff97f6c6ae2fd14c5bc12c4279b1240e85cf17a9fcb045f3718a74a9e","1","4","4"
"0df22ddaf02c64bf73a7df12cd5fea6b52632c73","legacy-product-residual","src/main/resources/db/migration/V5__add_timeout_fields_to_task.sql","legacy-resource-residual","mysql-migration","DROP","3a233410527114bb119ea5a24ad994dec33ac2a07cbc1cd5c52d2033fa71c9f1","1","3","3"
"0df22ddaf02c64bf73a7df12cd5fea6b52632c73","legacy-product-residual","src/main/resources/db/migration/V6__add_llm_result_fields_to_task.sql","legacy-resource-residual","mysql-migration","DROP","5d1f8644ed62f7d0e49f980bef5a957412f81aa5cd61bf0681333d7375a139bc","1","3","3"
"0df22ddaf02c64bf73a7df12cd5fea6b52632c73","legacy-product-residual","src/main/resources/db/migration/V7__create_prompt_template_table.sql","legacy-resource-residual","mysql-migration","DROP","c567770f25e80873137745733f60c2f6d2f8c71d1459e370a4693d8dcc51dc7b","1","21","21"
"0df22ddaf02c64bf73a7df12cd5fea6b52632c73","legacy-product-residual","src/main/resources/db/migration/V8__add_prompt_render_fields_to_task.sql","legacy-resource-residual","mysql-migration","DROP","04aec851e30571f377c76e90063745bbc351151cd99f510cfe30c97b7785528d","1","3","3"
"0df22ddaf02c64bf73a7df12cd5fea6b52632c73","legacy-product-residual","src/main/resources/db/migration/V9__add_llm_usage_fields_to_task.sql","legacy-resource-residual","mysql-migration","DROP","c32df40df41b276740f0e98ebae6b3bc058aa10090e54dd702e238384881eb57","1","6","6"
"0df22ddaf02c64bf73a7df12cd5fea6b52632c73","legacy-product-residual","src/test/java/com/tuoman/ai_task_orchestrator/AiTaskOrchestratorApplicationTests.java","legacy-test-java-residual","AiTaskOrchestratorApplicationTests.java","DROP","e8aecc64bd9a5755693f8b46955942dc0e58370cde7445cab03fedc11cfaac7c","1","13","13"
"0df22ddaf02c64bf73a7df12cd5fea6b52632c73","legacy-product-residual","src/test/java/com/tuoman/ai_task_orchestrator/common/error/GlobalExceptionHandlerTest.java","legacy-test-java-residual","common","DROP","907ddf47431956141333fcb42008f3b8c13b1250754d75b44c0da3b4b72f4af3","1","204","204"
"0df22ddaf02c64bf73a7df12cd5fea6b52632c73","legacy-product-residual","src/test/java/com/tuoman/ai_task_orchestrator/controller/AgentTaskControllerTest.java","legacy-test-java-residual","controller","DROP","a5179bf7b4fe2cd58e7fac5ec04d17613d86a64ed03529cc77bb89fff286c4e2","1","141","141"
"0df22ddaf02c64bf73a7df12cd5fea6b52632c73","legacy-product-residual","src/test/java/com/tuoman/ai_task_orchestrator/controller/AgentToolControllerTest.java","legacy-test-java-residual","controller","DROP","fe1b6e22867e0dee6b79ec3ba95c8cd734d6427f4725bb5476748c50c7cbf1b3","1","59","59"
"0df22ddaf02c64bf73a7df12cd5fea6b52632c73","legacy-product-residual","src/test/java/com/tuoman/ai_task_orchestrator/controller/ApiErrorResponseControllerTest.java","legacy-test-java-residual","controller","DROP","652dbb732841ee65804abcc0359ec5382ce8f0cfcd5b32a08949fa8f0ca802df","1","116","116"
"0df22ddaf02c64bf73a7df12cd5fea6b52632c73","legacy-product-residual","src/test/java/com/tuoman/ai_task_orchestrator/controller/BatchUploadControllerTest.java","legacy-test-java-residual","controller","DROP","c1707ded6bcc64f48482f46cda2acd9a4a23f2b39cf10fadae04d099bb232fbb","1","121","121"
"0df22ddaf02c64bf73a7df12cd5fea6b52632c73","legacy-product-residual","src/test/java/com/tuoman/ai_task_orchestrator/controller/CollectionControllerTest.java","legacy-test-java-residual","controller","DROP","b95f024c69e0e67bc47c07a69d2b6310aed1333f98862f7867b41c5e5649ea4a","1","125","125"
"0df22ddaf02c64bf73a7df12cd5fea6b52632c73","legacy-product-residual","src/test/java/com/tuoman/ai_task_orchestrator/controller/DocumentIngestionApiTest.java","legacy-test-java-residual","controller","DROP","1da3c68524df1d46666029bdedf00f814a79dad967a9446aeab83f09062e0714","1","204","204"
"0df22ddaf02c64bf73a7df12cd5fea6b52632c73","legacy-product-residual","src/test/java/com/tuoman/ai_task_orchestrator/controller/DocumentReadApiTest.java","legacy-test-java-residual","controller","DROP","1da95db88692315a649372ee9ccd83ba930a1f3f7a6c2b2f9527b43347abe705","1","187","187"
"0df22ddaf02c64bf73a7df12cd5fea6b52632c73","legacy-product-residual","src/test/java/com/tuoman/ai_task_orchestrator/controller/DocumentUploadApiTest.java","legacy-test-java-residual","controller","DROP","e36f31870ed2299f2649779ad7177747fd1537cef668f26d276f97abc1f818b9","1","83","83"
"0df22ddaf02c64bf73a7df12cd5fea6b52632c73","legacy-product-residual","src/test/java/com/tuoman/ai_task_orchestrator/controller/EmbeddingCacheMetricsControllerTest.java","legacy-test-java-residual","controller","DROP","1e7b40833c2fc392bc509046f674c74c078f95206d02566913ed160f3031481a","1","83","83"
"0df22ddaf02c64bf73a7df12cd5fea6b52632c73","legacy-product-residual","src/test/java/com/tuoman/ai_task_orchestrator/controller/EvaluationRunControllerTest.java","legacy-test-java-residual","controller","DROP","08af30cc04b0dcdbdf837fd02997d50f2d1c4684b31a29c1507738aaa2b356fe","1","127","127"
"0df22ddaf02c64bf73a7df12cd5fea6b52632c73","legacy-product-residual","src/test/java/com/tuoman/ai_task_orchestrator/controller/ModelProviderControllerTest.java","legacy-test-java-residual","controller","DROP","73865675751ab1c2eb4dd3c7e711b12c2bd561bf19cf1e4c21b8c390670a124d","1","142","142"
"0df22ddaf02c64bf73a7df12cd5fea6b52632c73","legacy-product-residual","src/test/java/com/tuoman/ai_task_orchestrator/controller/RagAnswerControllerQualityTest.java","legacy-test-java-residual","controller","DROP","17a75fcafecdca1aa83e05cfc5b418a1267bee31dc1cde1409405c6e3f6270f3","1","81","81"
"0df22ddaf02c64bf73a7df12cd5fea6b52632c73","legacy-product-residual","src/test/java/com/tuoman/ai_task_orchestrator/controller/RagAnswerControllerTest.java","legacy-test-java-residual","controller","DROP","cef3008ec021d0874c7f0cf4c1b89535c4fe9b8c500564eb7360eaf7ceb2f37b","1","143","143"
"0df22ddaf02c64bf73a7df12cd5fea6b52632c73","legacy-product-residual","src/test/java/com/tuoman/ai_task_orchestrator/controller/RuntimeStatusControllerTest.java","legacy-test-java-residual","controller","DROP","968a4c0f4c15f7138f0d6b0a65b28457e1c2797c3cd99a804419aa29f3318c9f","1","48","48"
"0df22ddaf02c64bf73a7df12cd5fea6b52632c73","legacy-product-residual","src/test/java/com/tuoman/ai_task_orchestrator/controller/TaskControllerMappingTest.java","legacy-test-java-residual","controller","DROP","c6c682309c345f5fdb55c8ac2961b6423c47a70d939ca3ee14a8a1fd66d0c8c3","1","52","52"
"0df22ddaf02c64bf73a7df12cd5fea6b52632c73","legacy-product-residual","src/test/java/com/tuoman/ai_task_orchestrator/controller/VectorIndexHealthControllerTest.java","legacy-test-java-residual","controller","DROP","a7cf7280c5139ab00dd044da754aac32cbaa7e98b48dd2a22dde762e1708cfb8","1","135","135"
"0df22ddaf02c64bf73a7df12cd5fea6b52632c73","legacy-product-residual","src/test/java/com/tuoman/ai_task_orchestrator/document/DocumentChunkerTest.java","legacy-test-java-residual","document","DROP","d09d734e62364e8c91c04ddaf3d79bef84a32e1ba92c2c823d8e8c83f66548f6","1","115","115"
"0df22ddaf02c64bf73a7df12cd5fea6b52632c73","legacy-product-residual","src/test/java/com/tuoman/ai_task_orchestrator/document/extract/DocumentTextExtractorTest.java","legacy-test-java-residual","document","DROP","5b91bd8ba2371b480f75f54e99ea757cb75c9051cc1903db99d62d20f0da51cc","1","51","51"
"0df22ddaf02c64bf73a7df12cd5fea6b52632c73","legacy-product-residual","src/test/java/com/tuoman/ai_task_orchestrator/document/extract/TestDocumentFiles.java","legacy-test-java-residual","document","DROP","e1bb85bee57dfb2de4b3e1e43b2c7f8c82f8c29321f3bbf121cfbcfdcc394576","1","67","67"
"0df22ddaf02c64bf73a7df12cd5fea6b52632c73","legacy-product-residual","src/test/java/com/tuoman/ai_task_orchestrator/document/ingestion/DocumentFileValidatorTest.java","legacy-test-java-residual","document","DROP","e351bb204ae00719e7d8285de9eb159ec0475b5682aaf84eefae8c4d478a1e1c","1","57","57"
"0df22ddaf02c64bf73a7df12cd5fea6b52632c73","legacy-product-residual","src/test/java/com/tuoman/ai_task_orchestrator/document/ingestion/DocumentIngestionEventRecorderTest.java","legacy-test-java-residual","document","DROP","5294dcc694cc4fb2b722f35d0bfe804d5c1e9ee8cb98c20c7c79a108b5a1f4c6","1","97","97"
"0df22ddaf02c64bf73a7df12cd5fea6b52632c73","legacy-product-residual","src/test/java/com/tuoman/ai_task_orchestrator/document/ingestion/IngestionAnalyticsDisplayTextsTest.java","legacy-test-java-residual","document","DROP","2fb9ca5e5180c70f9d95a82d565ee865620903158ad263658e691a96ea599386","1","19","19"
"0df22ddaf02c64bf73a7df12cd5fea6b52632c73","legacy-product-residual","src/test/java/com/tuoman/ai_task_orchestrator/document/ingestion/IngestionAnalyticsWindowTest.java","legacy-test-java-residual","document","DROP","d8214bd7bda3b0a832086bc26a78dc09911ac6cc313bc7c497c11098de4f2e8b","1","27","27"
"0df22ddaf02c64bf73a7df12cd5fea6b52632c73","legacy-product-residual","src/test/java/com/tuoman/ai_task_orchestrator/document/ingestion/IngestionDisplayTextsTest.java","legacy-test-java-residual","document","DROP","cb070db132a8f8e250d2a72847b4a942c734ea3d3c52b120c047f687c486e958","1","21","21"
"0df22ddaf02c64bf73a7df12cd5fea6b52632c73","legacy-product-residual","src/test/java/com/tuoman/ai_task_orchestrator/document/ingestion/IngestionEventDisplayTextsTest.java","legacy-test-java-residual","document","DROP","ca82132563df37efe90b60f146d34f02a213209d15fd4565d9ce07475ad8e281","1","19","19"
"0df22ddaf02c64bf73a7df12cd5fea6b52632c73","legacy-product-residual","src/test/java/com/tuoman/ai_task_orchestrator/document/lifecycle/DocumentLifecycleDisplayTextsTest.java","legacy-test-java-residual","document","DROP","f1f2ee2f4421c8f86a0a9f1647b1f115851ccf787ef8d05d6e4000281d91f1b0","1","28","28"
"0df22ddaf02c64bf73a7df12cd5fea6b52632c73","legacy-product-residual","src/test/java/com/tuoman/ai_task_orchestrator/document/StructuredChunkingServiceTest.java","legacy-test-java-residual","document","DROP","2cf368c2d4d81b8fae1b0a048eef64b93eeaf09427e9cdfa8f21c1be741e0d6e","1","60","60"
"0df22ddaf02c64bf73a7df12cd5fea6b52632c73","legacy-product-residual","src/test/java/com/tuoman/ai_task_orchestrator/documentation/KnowledgeHealthUiDocumentationTest.java","legacy-test-java-residual","documentation","DROP","9c1f6359e8af58bc260cbe6b56b60fb6f375dd53519e59b19fc498ea382118ad","1","50","50"
"0df22ddaf02c64bf73a7df12cd5fea6b52632c73","legacy-product-residual","src/test/java/com/tuoman/ai_task_orchestrator/documentation/QueryUnderstandingUiDocumentationTest.java","legacy-test-java-residual","documentation","DROP","a871c903fb2e5ded1e24f499ad45bac59a153a5dd6434f812c1e7f2ef8b9e087","1","29","29"
"0df22ddaf02c64bf73a7df12cd5fea6b52632c73","legacy-product-residual","src/test/java/com/tuoman/ai_task_orchestrator/documentation/RagDemoDocumentationTest.java","legacy-test-java-residual","documentation","DROP","58595e51463b98ab2f750afe9b0096d4aa4bf1aaea410312d1b0e8996713bee8","1","69","69"
"0df22ddaf02c64bf73a7df12cd5fea6b52632c73","legacy-product-residual","src/test/java/com/tuoman/ai_task_orchestrator/documentation/RetrievalSettingsUiDocumentationTest.java","legacy-test-java-residual","documentation","DROP","fefc6339aa66029255a24909b2a621f9cc57e9bfdac0663a29a27889b6893dbf","1","33","33"
"0df22ddaf02c64bf73a7df12cd5fea6b52632c73","legacy-product-residual","src/test/java/com/tuoman/ai_task_orchestrator/documentation/VectorIndexHealthUiDocumentationTest.java","legacy-test-java-residual","documentation","DROP","f885725b90848d6b31311af9f8a8e967dbeebbdf6444130782204920b56a3fae","1","47","47"
"0df22ddaf02c64bf73a7df12cd5fea6b52632c73","legacy-product-residual","src/test/java/com/tuoman/ai_task_orchestrator/embedding/ChunkHashServiceTest.java","legacy-test-java-residual","embedding","DROP","45cb2e3bc3d6130ed295fd21941edacba7ab7c7cf4bea8e72950a086a2ee86fd","1","62","62"
"0df22ddaf02c64bf73a7df12cd5fea6b52632c73","legacy-product-residual","src/test/java/com/tuoman/ai_task_orchestrator/embedding/EmbeddingCacheMetricsServiceIntegrationTest.java","legacy-test-java-residual","embedding","DROP","08c15cd00a95f498dbdf2bc8750d6d0b2336d09f4b9bf8a9eddeacf6bc950853","1","135","135"
"0df22ddaf02c64bf73a7df12cd5fea6b52632c73","legacy-product-residual","src/test/java/com/tuoman/ai_task_orchestrator/embedding/EmbeddingCacheMetricsServiceTest.java","legacy-test-java-residual","embedding","DROP","ff76b130f444b040ec7f94929b7657a222e7e683e0c8cc0e4612925c5598ccd4","1","52","52"
"0df22ddaf02c64bf73a7df12cd5fea6b52632c73","legacy-product-residual","src/test/java/com/tuoman/ai_task_orchestrator/embedding/EmbeddingCacheServiceIntegrationTest.java","legacy-test-java-residual","embedding","DROP","39dac83eeccea2c046e86a2847269c40ef94e7ec9edc6dacd9adb52ebf6b8c15","1","262","262"
"0df22ddaf02c64bf73a7df12cd5fea6b52632c73","legacy-product-residual","src/test/java/com/tuoman/ai_task_orchestrator/embedding/EmbeddingCacheServiceMetricsIntegrationTest.java","legacy-test-java-residual","embedding","DROP","09012113c2937a2e4b6cdf09b2d5c5b1bafecafb43d2b0dba60d3824a57ef68e","1","108","108"
"0df22ddaf02c64bf73a7df12cd5fea6b52632c73","legacy-product-residual","src/test/java/com/tuoman/ai_task_orchestrator/embedding/EmbeddingCacheServiceTest.java","legacy-test-java-residual","embedding","DROP","0f99f46f0320c3935c79817a4257b8cc49da264104c2dd970bcb063e65037b34","1","222","222"
"0df22ddaf02c64bf73a7df12cd5fea6b52632c73","legacy-product-residual","src/test/java/com/tuoman/ai_task_orchestrator/embedding/EmbeddingProviderConfigurationTest.java","legacy-test-java-residual","embedding","DROP","906beb6ee98bdd6eae6113f36ca2dcd41c318231b1a30f2a3d6805feb281373c","1","90","90"
"0df22ddaf02c64bf73a7df12cd5fea6b52632c73","legacy-product-residual","src/test/java/com/tuoman/ai_task_orchestrator/embedding/EmbeddingVectorUtilsTest.java","legacy-test-java-residual","embedding","DROP","093d9adacd1dbbe1b08f75a43d3524cba9507bf580a8a37ede141bcf3ac9d6c7","1","63","63"
"0df22ddaf02c64bf73a7df12cd5fea6b52632c73","legacy-product-residual","src/test/java/com/tuoman/ai_task_orchestrator/embedding/LocalEmbeddingWorkerProviderTest.java","legacy-test-java-residual","embedding","DROP","9dd7a3efcc8ca5bb2a4dcb55086eac4ed3f6ce7bf3a10c38da46295cccfdb079","1","274","274"
"0df22ddaf02c64bf73a7df12cd5fea6b52632c73","legacy-product-residual","src/test/java/com/tuoman/ai_task_orchestrator/embedding/MockEmbeddingClientTest.java","legacy-test-java-residual","embedding","DROP","15f322e59b37ffa853ef62ea731f34c47a010018102b98175f3e0eed493a8f16","1","86","86"
"0df22ddaf02c64bf73a7df12cd5fea6b52632c73","legacy-product-residual","src/test/java/com/tuoman/ai_task_orchestrator/embedding/OpenAiCompatibleEmbeddingProviderTest.java","legacy-test-java-residual","embedding","DROP","ada3396b6b0dab1048fc99c0425ff03b0255269d489b170a50b44c8026eab90d","1","201","201"
"0df22ddaf02c64bf73a7df12cd5fea6b52632c73","legacy-product-residual","src/test/java/com/tuoman/ai_task_orchestrator/hybrid/LexicalTokenUtilsTest.java","legacy-test-java-residual","hybrid","DROP","85ee5e2902f8a40ea40fdda9d963e26fc77a3e00aeb684571ba58fb43095072b","1","22","22"
"0df22ddaf02c64bf73a7df12cd5fea6b52632c73","legacy-product-residual","src/test/java/com/tuoman/ai_task_orchestrator/hybrid/RrfFusionRankerTest.java","legacy-test-java-residual","hybrid","DROP","c2ac1485cebe513e0ae754011c30b1c53fd02bcd8f3d340bcd84e69d0864f4b4","1","51","51"
"0df22ddaf02c64bf73a7df12cd5fea6b52632c73","legacy-product-residual","src/test/java/com/tuoman/ai_task_orchestrator/hybrid/SimpleLexicalRetrieverTest.java","legacy-test-java-residual","hybrid","DROP","ddc609ee876359d6e1cc84b15c82d51f71229cf0da1075f6c178239c4dd22e10","1","97","97"
"0df22ddaf02c64bf73a7df12cd5fea6b52632c73","legacy-product-residual","src/test/java/com/tuoman/ai_task_orchestrator/lifecycle/FrontendProductizationRegressionTest.java","legacy-test-java-residual","lifecycle","DROP","007a6f5f42f5938c27fc9694bf65153ea3a9f00aebf89c30436949c3277efc82","1","136","136"
"0df22ddaf02c64bf73a7df12cd5fea6b52632c73","legacy-product-residual","src/test/java/com/tuoman/ai_task_orchestrator/lifecycle/KnowledgeBaseAgentTaskRegressionTest.java","legacy-test-java-residual","lifecycle","DROP","c308866d248c76d4a951c3b0ff9ba3c05d31c6689cc5d0b56473dbb194208faf","1","123","123"
"0df22ddaf02c64bf73a7df12cd5fea6b52632c73","legacy-product-residual","src/test/java/com/tuoman/ai_task_orchestrator/lifecycle/KnowledgeBaseLifecycleRegressionTest.java","legacy-test-java-residual","lifecycle","DROP","510b932c1dbfc42231df2028035dadad6c8c1aeccf0594341a93743dc4abd454","1","109","109"
"0df22ddaf02c64bf73a7df12cd5fea6b52632c73","legacy-product-residual","src/test/java/com/tuoman/ai_task_orchestrator/lifecycle/KnowledgeBaseScopedRetrievalRegressionTest.java","legacy-test-java-residual","lifecycle","DROP","98634ea8d8820c26cbbf50daa6472e5c5c0da2ccd827ca6d4254f22ea0c29f71","1","106","106"
"0df22ddaf02c64bf73a7df12cd5fea6b52632c73","legacy-product-residual","src/test/java/com/tuoman/ai_task_orchestrator/lifecycle/V10ModelProviderRegressionTest.java","legacy-test-java-residual","lifecycle","DROP","83fde78465b5bc0b0ca99f85965ef6921b678894f7a17ba8d32c552f287de743","1","66","66"
"0df22ddaf02c64bf73a7df12cd5fea6b52632c73","legacy-product-residual","src/test/java/com/tuoman/ai_task_orchestrator/lifecycle/V11RagQualityRegressionTest.java","legacy-test-java-residual","lifecycle","DROP","82c06c8410f174ad5d51a79f388a32b45f842e86d727b652ad091699217bc7d9","1","67","67"
"0df22ddaf02c64bf73a7df12cd5fea6b52632c73","legacy-product-residual","src/test/java/com/tuoman/ai_task_orchestrator/lifecycle/V12TrashRegressionTest.java","legacy-test-java-residual","lifecycle","DROP","9b52982f387254e2697b8e99921aa2b0bfe886a6ed5d506781bcdae0d6092577","1","72","72"
"0df22ddaf02c64bf73a7df12cd5fea6b52632c73","legacy-product-residual","src/test/java/com/tuoman/ai_task_orchestrator/lifecycle/V13BatchIngestionDocumentationTest.java","legacy-test-java-residual","lifecycle","DROP","093eea0b2c7409541b07286552baa68d9a9fe8ebec09e1b51f8c49780a4f320f","1","73","73"
"0df22ddaf02c64bf73a7df12cd5fea6b52632c73","legacy-product-residual","src/test/java/com/tuoman/ai_task_orchestrator/lifecycle/V9PersonalWorkspaceRegressionTest.java","legacy-test-java-residual","lifecycle","DROP","f6250c382edc06d9b35fa2c4a958cec1a5566c5b170322bfe5a37b5536de977d","1","125","125"
"0df22ddaf02c64bf73a7df12cd5fea6b52632c73","legacy-product-residual","src/test/java/com/tuoman/ai_task_orchestrator/prompt/PromptTemplateRendererTest.java","legacy-test-java-residual","prompt","DROP","dfdeb76498a09fc05b25bc77e90f45e6d06213998f4c018b253c93c3d1388970","1","85","85"
"0df22ddaf02c64bf73a7df12cd5fea6b52632c73","legacy-product-residual","src/test/java/com/tuoman/ai_task_orchestrator/queryunderstanding/QueryClarificationGuardTest.java","legacy-test-java-residual","queryunderstanding","DROP","13c6478846491e9f801d26ad1e2cd2e4c15fa77df796e4b71ce17c01a5b74592","1","48","48"
"0df22ddaf02c64bf73a7df12cd5fea6b52632c73","legacy-product-residual","src/test/java/com/tuoman/ai_task_orchestrator/queryunderstanding/QueryMetadataExtractorTest.java","legacy-test-java-residual","queryunderstanding","DROP","8788e11b9c6d1bd1655f91666eeff20d9de51e58c760ec5b88e158cab8a65f28","1","37","37"
"0df22ddaf02c64bf73a7df12cd5fea6b52632c73","legacy-product-residual","src/test/java/com/tuoman/ai_task_orchestrator/queryunderstanding/QueryRewriteServiceTest.java","legacy-test-java-residual","queryunderstanding","DROP","bddf0933bbdc0821b92d4b7ba81e6612dbe283ea0d52f1d607396ec3659b5bfe","1","31","31"
"0df22ddaf02c64bf73a7df12cd5fea6b52632c73","legacy-product-residual","src/test/java/com/tuoman/ai_task_orchestrator/queryunderstanding/QueryUnderstandingServiceTest.java","legacy-test-java-residual","queryunderstanding","DROP","7d4a2b2fa3afddfd5468ea2f8b6f7f806a13258b5405a0731ed59b60ab988abc","1","32","32"
"0df22ddaf02c64bf73a7df12cd5fea6b52632c73","legacy-product-residual","src/test/java/com/tuoman/ai_task_orchestrator/queryunderstanding/RetrievalRoutingPolicyServiceTest.java","legacy-test-java-residual","queryunderstanding","DROP","179459ad44b45aa80308731153f2e4ed04520760a5f47ca69329ae908aff5349","1","57","57"
"0df22ddaf02c64bf73a7df12cd5fea6b52632c73","legacy-product-residual","src/test/java/com/tuoman/ai_task_orchestrator/queryunderstanding/V14QueryUnderstandingEvaluationTest.java","legacy-test-java-residual","queryunderstanding","DROP","ea5f84b91c29c2cb86fa2d6ed253fbd79ff2e9355827dc510f9c15fb91268c30","1","56","56"
"0df22ddaf02c64bf73a7df12cd5fea6b52632c73","legacy-product-residual","src/test/java/com/tuoman/ai_task_orchestrator/repository/DocumentRepositoryLifecycleQueryTest.java","legacy-test-java-residual","repository","DROP","4d5d3d5b0298ea6e65df2c5d5a9f72ac35ce4c9ccc83e71dd6c7e509e2e2ab64","1","45","45"
"0df22ddaf02c64bf73a7df12cd5fea6b52632c73","legacy-product-residual","src/test/java/com/tuoman/ai_task_orchestrator/repository/EmbeddingCacheMetricRepositoryTest.java","legacy-test-java-residual","repository","DROP","da27d8cf12946230f3fcc46f3282bf726795b846e31d926dce32f9f1b8ab1617","1","162","162"
"0df22ddaf02c64bf73a7df12cd5fea6b52632c73","legacy-product-residual","src/test/java/com/tuoman/ai_task_orchestrator/repository/EmbeddingCacheRepositoryTest.java","legacy-test-java-residual","repository","DROP","3a09eb46d8f6d5f51bbc406fac8ae59c44c24b73f15361ab596175531677ccee","1","137","137"
"0df22ddaf02c64bf73a7df12cd5fea6b52632c73","legacy-product-residual","src/test/java/com/tuoman/ai_task_orchestrator/repository/TaskOutboxRepositoryTest.java","legacy-test-java-residual","repository","DROP","d2a6d376633b361b825a3392f3fb948be022d828de920c2f6065af070d4070ba","1","243","243"
"0df22ddaf02c64bf73a7df12cd5fea6b52632c73","legacy-product-residual","src/test/java/com/tuoman/ai_task_orchestrator/repository/TaskRepositoryFinalizationTest.java","legacy-test-java-residual","repository","DROP","16de9f9fe937f0a5fe58cd949a35137f4ffdb34aa510a6daaea10cf2190c0dbf","1","204","204"
"0df22ddaf02c64bf73a7df12cd5fea6b52632c73","legacy-product-residual","src/test/java/com/tuoman/ai_task_orchestrator/rerank/LexicalOverlapRerankerTest.java","legacy-test-java-residual","rerank","DROP","2993f64c3e849a5595e09276a331037b997a06ae3ad76dc4474124af520d2711","1","61","61"
"0df22ddaf02c64bf73a7df12cd5fea6b52632c73","legacy-product-residual","src/test/java/com/tuoman/ai_task_orchestrator/rerank/RagTwoStageRetrievalServiceTest.java","legacy-test-java-residual","rerank","DROP","04f42a1a7634c0bf6efa028e06957fcb8417127a8cdaabe10fa09c687259716d","1","389","389"
"0df22ddaf02c64bf73a7df12cd5fea6b52632c73","legacy-product-residual","src/test/java/com/tuoman/ai_task_orchestrator/rerank/SimpleHeuristicRerankerTest.java","legacy-test-java-residual","rerank","DROP","538c9f0cbd2af1867b74c8c305eef042de265c73be352433ac795c3ba0f31155","1","45","45"
"0df22ddaf02c64bf73a7df12cd5fea6b52632c73","legacy-product-residual","src/test/java/com/tuoman/ai_task_orchestrator/retrieval/ContextExpansionServiceTest.java","legacy-test-java-residual","retrieval","DROP","ad6c34fbb3b91ed53d4caeb1082676ba3d85ddef106c40e74e5cfa56ad191087","1","76","76"
"0df22ddaf02c64bf73a7df12cd5fea6b52632c73","legacy-product-residual","src/test/java/com/tuoman/ai_task_orchestrator/retrieval/HybridRetrievalServiceTest.java","legacy-test-java-residual","retrieval","DROP","cc2346fe4d9a153e81cad6318d8df7b46a46b3790279e8a732b7b730f1596204","1","111","111"
"0df22ddaf02c64bf73a7df12cd5fea6b52632c73","legacy-product-residual","src/test/java/com/tuoman/ai_task_orchestrator/retrieval/KeywordRetrieverTest.java","legacy-test-java-residual","retrieval","DROP","8e11a7446305d897e9103acc1b46804dc5fab52aa36f4e02acd051f459aa82ce","1","57","57"
"0df22ddaf02c64bf73a7df12cd5fea6b52632c73","legacy-product-residual","src/test/java/com/tuoman/ai_task_orchestrator/retrieval/RetrievalDiagnosticsTest.java","legacy-test-java-residual","retrieval","DROP","07d708e29da86c6aacc9e8bef8d323940af0bc0da9911655366e2bf89ead9287","1","31","31"
"0df22ddaf02c64bf73a7df12cd5fea6b52632c73","legacy-product-residual","src/test/java/com/tuoman/ai_task_orchestrator/retrieval/RetrievalFilterServiceTest.java","legacy-test-java-residual","retrieval","DROP","14f7286066a111e0a966b0a4618fd71a1049b7d651308c4ccb257fdcd4a1debc","1","86","86"
"0df22ddaf02c64bf73a7df12cd5fea6b52632c73","legacy-product-residual","src/test/java/com/tuoman/ai_task_orchestrator/retrieval/RrfFusionServiceTest.java","legacy-test-java-residual","retrieval","DROP","b71fbc916242e30cfff37de441a34fdaeac8fc587a09faf158b05077415db1e6","1","32","32"
"0df22ddaf02c64bf73a7df12cd5fea6b52632c73","legacy-product-residual","src/test/java/com/tuoman/ai_task_orchestrator/scheduler/TaskOutboxDispatcherSchedulerTest.java","legacy-test-java-residual","scheduler","DROP","65eb8c03e6a22aee8b02433d8c555f0b877aeacd707fb4b37c365f5c6bc415e1","1","95","95"
"0df22ddaf02c64bf73a7df12cd5fea6b52632c73","legacy-product-residual","src/test/java/com/tuoman/ai_task_orchestrator/scheduler/TaskRetrySchedulerTest.java","legacy-test-java-residual","scheduler","DROP","5c5ce9e2c4f250171f79642d980bd5bcdb771bbed4b5d824e206490e0477ab8b","1","74","74"
"0df22ddaf02c64bf73a7df12cd5fea6b52632c73","legacy-product-residual","src/test/java/com/tuoman/ai_task_orchestrator/security/ApiKeySecretServiceTest.java","legacy-test-java-residual","security","DROP","ae9b9ab1522e5c6e267e192e19235cb1424d6f5882d13040470ed83e04e27160","1","41","41"
"0df22ddaf02c64bf73a7df12cd5fea6b52632c73","legacy-product-residual","src/test/java/com/tuoman/ai_task_orchestrator/service/AgentMemoryIsolationTest.java","legacy-test-java-residual","service","DROP","205f2bfe5eeb59578e93ad4be1238c99143a2fc1e1170420b1c9a83b4b4cb9e1","1","105","105"
"0df22ddaf02c64bf73a7df12cd5fea6b52632c73","legacy-product-residual","src/test/java/com/tuoman/ai_task_orchestrator/service/AgentProfileServiceTest.java","legacy-test-java-residual","service","DROP","08dc8385ab2e433fe7cb8f050a06cd93502372a359cbfdcc5e6275904b276d7a","1","24","24"
"0df22ddaf02c64bf73a7df12cd5fea6b52632c73","legacy-product-residual","src/test/java/com/tuoman/ai_task_orchestrator/service/AgentTaskExecutorTest.java","legacy-test-java-residual","service","DROP","7efa28cb30cfa729c61b0245e83d236f4eb1f15945d8243295d55b82c4db6161","1","92","92"
"0df22ddaf02c64bf73a7df12cd5fea6b52632c73","legacy-product-residual","src/test/java/com/tuoman/ai_task_orchestrator/service/AgentTaskMemoryIntegrationTest.java","legacy-test-java-residual","service","DROP","d8ec69f94027f11af004c905b579b9bbec715e7565d163477b4ba12551b0766d","1","89","89"
"0df22ddaf02c64bf73a7df12cd5fea6b52632c73","legacy-product-residual","src/test/java/com/tuoman/ai_task_orchestrator/service/AgentTaskServiceTest.java","legacy-test-java-residual","service","DROP","52940d8d642858f8161bb39a0f51a05f084ca457e6064868e84b86e3aa2134b2","1","99","99"
"0df22ddaf02c64bf73a7df12cd5fea6b52632c73","legacy-product-residual","src/test/java/com/tuoman/ai_task_orchestrator/service/AgentTaskStepServiceTest.java","legacy-test-java-residual","service","DROP","e1e2379dc056806ba456742b3637bd622f59901678990546c2860118cb9dafee","1","68","68"
"0df22ddaf02c64bf73a7df12cd5fea6b52632c73","legacy-product-residual","src/test/java/com/tuoman/ai_task_orchestrator/service/AgentTaskWorkflowServiceTest.java","legacy-test-java-residual","service","DROP","4e8eed30dd27a63855960e19f51d0b794ca6852f2b7465006e559179842ec04e","1","218","218"
"0df22ddaf02c64bf73a7df12cd5fea6b52632c73","legacy-product-residual","src/test/java/com/tuoman/ai_task_orchestrator/service/AskMemoryIntegrationTest.java","legacy-test-java-residual","service","DROP","6ce1bf1731223f0028a35a10dde636c2c9c4de11d28ea1525174b3d7099a8a29","1","52","52"
"0df22ddaf02c64bf73a7df12cd5fea6b52632c73","legacy-product-residual","src/test/java/com/tuoman/ai_task_orchestrator/service/BatchIngestionIntegrationTest.java","legacy-test-java-residual","service","DROP","d6a5ccff3737fc3e41cb2a65c76cc02a2c951671dee6dcabb1d5e711c34eff4d","1","66","66"
"0df22ddaf02c64bf73a7df12cd5fea6b52632c73","legacy-product-residual","src/test/java/com/tuoman/ai_task_orchestrator/service/ChunkMetadataServiceTest.java","legacy-test-java-residual","service","DROP","c15e48e28d36886fbc6b9ebb5a872a37a00d4c299a3763fdbe9a02d5af68db07","1","59","59"
"0df22ddaf02c64bf73a7df12cd5fea6b52632c73","legacy-product-residual","src/test/java/com/tuoman/ai_task_orchestrator/service/CollectionServiceTest.java","legacy-test-java-residual","service","DROP","63d4bdbdeaf93d4dc108e7ef82560ca9142dff047833c5b2d831c33b76e51964","1","207","207"
"0df22ddaf02c64bf73a7df12cd5fea6b52632c73","legacy-product-residual","src/test/java/com/tuoman/ai_task_orchestrator/service/DocumentEmbeddingServiceCacheIntegrationTest.java","legacy-test-java-residual","service","DROP","298e3a65b7bce7111b5dcf9dc241ad28cc6828e278f4c94efed4924f31e60aae","1","164","164"
"0df22ddaf02c64bf73a7df12cd5fea6b52632c73","legacy-product-residual","src/test/java/com/tuoman/ai_task_orchestrator/service/DocumentEmbeddingServiceProviderTest.java","legacy-test-java-residual","service","DROP","4e767c722d955f3da29f7d2ace2f3b21fc785e24d682d8b85005d2c6a98ae10b","1","89","89"
"0df22ddaf02c64bf73a7df12cd5fea6b52632c73","legacy-product-residual","src/test/java/com/tuoman/ai_task_orchestrator/service/DocumentIngestionEventServiceTest.java","legacy-test-java-residual","service","DROP","1bf90fdc48b77ec790040c9d18970d0833c9831e1cc145f3b700b86df9031cf5","1","93","93"
"0df22ddaf02c64bf73a7df12cd5fea6b52632c73","legacy-product-residual","src/test/java/com/tuoman/ai_task_orchestrator/service/DocumentIngestionServiceTest.java","legacy-test-java-residual","service","DROP","2340a08964ff7404ac4ad4a6efbb6762bfabdebe396b28fdef2d3d346ee2b9b5","1","125","125"
"0df22ddaf02c64bf73a7df12cd5fea6b52632c73","legacy-product-residual","src/test/java/com/tuoman/ai_task_orchestrator/service/DocumentIngestionTaskHandlerTest.java","legacy-test-java-residual","service","DROP","931ef1bf087f109fe7de0b7b87f001cd5adcf8def1f6e97ae210c297d46a5d42","1","223","223"
"0df22ddaf02c64bf73a7df12cd5fea6b52632c73","legacy-product-residual","src/test/java/com/tuoman/ai_task_orchestrator/service/DocumentIngestionTaskServiceTest.java","legacy-test-java-residual","service","DROP","4652019db989335c5ab25e5314595fecc252ddc5b8a2ae40207736ef76016f1b","1","153","153"
"0df22ddaf02c64bf73a7df12cd5fea6b52632c73","legacy-product-residual","src/test/java/com/tuoman/ai_task_orchestrator/service/DocumentLifecycleFilterServiceTest.java","legacy-test-java-residual","service","DROP","84f1c7afce8af7ef6e59f79a66630a9ba76df8eac44bc229a50f740a3e90ec18","1","95","95"
"0df22ddaf02c64bf73a7df12cd5fea6b52632c73","legacy-product-residual","src/test/java/com/tuoman/ai_task_orchestrator/service/DocumentReindexServiceTest.java","legacy-test-java-residual","service","DROP","2634dfb4f870b91c2fb8f7cef7a50a1808da2f482c7ab5e635f349fb6ecf9904","1","149","149"
"0df22ddaf02c64bf73a7df12cd5fea6b52632c73","legacy-product-residual","src/test/java/com/tuoman/ai_task_orchestrator/service/DocumentServiceSoftDeleteTest.java","legacy-test-java-residual","service","DROP","c14a2faf9a839325ab99acc5dbfbd6ebbe32b1aa40ff839f15e061276940ce99","1","78","78"
"0df22ddaf02c64bf73a7df12cd5fea6b52632c73","legacy-product-residual","src/test/java/com/tuoman/ai_task_orchestrator/service/DocumentTrashServiceTest.java","legacy-test-java-residual","service","DROP","b0cfbeb4783cbb5e34c6c5159e3266d1c14165c6c9ba13e5e0a13fcaf9a7d265","1","175","175"
"0df22ddaf02c64bf73a7df12cd5fea6b52632c73","legacy-product-residual","src/test/java/com/tuoman/ai_task_orchestrator/service/IngestionAnalyticsServiceTest.java","legacy-test-java-residual","service","DROP","ea671376a0e9c1d8e960a3d1e8686dcd78af0ec17cf147fe4978d7b37a25d4f1","1","193","193"
"0df22ddaf02c64bf73a7df12cd5fea6b52632c73","legacy-product-residual","src/test/java/com/tuoman/ai_task_orchestrator/service/kbhealth/RagEvaluationDatasetServiceTest.java","legacy-test-java-residual","service","DROP","cc3aa34f9c959db8a6f6c522704a9abdd81878993ae6ccf5aaad15c35be265b6","1","114","114"
"0df22ddaf02c64bf73a7df12cd5fea6b52632c73","legacy-product-residual","src/test/java/com/tuoman/ai_task_orchestrator/service/MemoryDiagnosticsServiceTest.java","legacy-test-java-residual","service","DROP","37a90f51e7ddb04a1cbd75b2436415e42c4d50a97ed3a3eacef116df6eb2bba0","1","66","66"
"0df22ddaf02c64bf73a7df12cd5fea6b52632c73","legacy-product-residual","src/test/java/com/tuoman/ai_task_orchestrator/service/MemoryScopeTest.java","legacy-test-java-residual","service","DROP","4d1659bd5955126efc8b86f3e81a43b2d991faad6b5bc0e1699b1c1d8f77bf5c","1","54","54"
"0df22ddaf02c64bf73a7df12cd5fea6b52632c73","legacy-product-residual","src/test/java/com/tuoman/ai_task_orchestrator/service/MemoryServiceTest.java","legacy-test-java-residual","service","DROP","d2a529f30b3d149e11020db80178849e99bdd4f119c688e53e1bac593e5654a6","1","179","179"
"0df22ddaf02c64bf73a7df12cd5fea6b52632c73","legacy-product-residual","src/test/java/com/tuoman/ai_task_orchestrator/service/MemoryTypeTest.java","legacy-test-java-residual","service","DROP","05e2b1d7921cef8fb00bd7c5904b6fbe2072c0a480ba610c4dfeba3df6301b4c","1","46","46"
"0df22ddaf02c64bf73a7df12cd5fea6b52632c73","legacy-product-residual","src/test/java/com/tuoman/ai_task_orchestrator/service/MetricsRecorderTest.java","legacy-test-java-residual","service","DROP","2288b00faf7dd6355ac0651891489863773f6a877fcf7f9b75c21a38b71c2594","1","26","26"
"0df22ddaf02c64bf73a7df12cd5fea6b52632c73","legacy-product-residual","src/test/java/com/tuoman/ai_task_orchestrator/service/ModelProviderConfigServiceTest.java","legacy-test-java-residual","service","DROP","ac6159f79202c78ec10cd2515b56e7237554b1085e9609d1dabf80f890498f9f","1","173","173"
"0df22ddaf02c64bf73a7df12cd5fea6b52632c73","legacy-product-residual","src/test/java/com/tuoman/ai_task_orchestrator/service/ModelProviderSelectionServiceTest.java","legacy-test-java-residual","service","DROP","0f67270560d9c410a168cea0a9b049281a5a3c358057248b1ab61246f5ba43a2","1","35","35"
"0df22ddaf02c64bf73a7df12cd5fea6b52632c73","legacy-product-residual","src/test/java/com/tuoman/ai_task_orchestrator/service/NotificationServiceTest.java","legacy-test-java-residual","service","DROP","4e0ab6c98d2645681e3dd47e7ba4b8b490e8f8fa118b48854911ef87110a6a58","1","87","87"
"0df22ddaf02c64bf73a7df12cd5fea6b52632c73","legacy-product-residual","src/test/java/com/tuoman/ai_task_orchestrator/service/RagAllDocumentsAskRetrievalIntegrationTest.java","legacy-test-java-residual","service","DROP","47f22d35f650b3d8ed5f300c7f4fd332b4c6cd5260ea141e89d6f8a9d77c1675","1","67","67"
"0df22ddaf02c64bf73a7df12cd5fea6b52632c73","legacy-product-residual","src/test/java/com/tuoman/ai_task_orchestrator/service/RagAnswerServiceTest.java","legacy-test-java-residual","service","DROP","1560e3da50f17dd620263f10e128d20333fd7fbed08f6cadc7a8bb6eb0bc35b6","1","669","669"
"0df22ddaf02c64bf73a7df12cd5fea6b52632c73","legacy-product-residual","src/test/java/com/tuoman/ai_task_orchestrator/service/RagPromptBuilderTest.java","legacy-test-java-residual","service","DROP","6fd1213a8b07d2936e01f38131e3e96a82f27aa3599bffabd99617acfd36dc1a","1","68","68"
"0df22ddaf02c64bf73a7df12cd5fea6b52632c73","legacy-product-residual","src/test/java/com/tuoman/ai_task_orchestrator/service/ReindexServiceTest.java","legacy-test-java-residual","service","DROP","b3cb63dc672940f25aa7267ddd919ec08e83b493eaaefbe3b65c50d835987ce0","1","62","62"
"0df22ddaf02c64bf73a7df12cd5fea6b52632c73","legacy-product-residual","src/test/java/com/tuoman/ai_task_orchestrator/service/RetrievalEvaluationServiceTest.java","legacy-test-java-residual","service","DROP","6f8567382c8eecd1f691a6b8445182cfed804778afff44ef9f495030c328de1a","1","259","259"
"0df22ddaf02c64bf73a7df12cd5fea6b52632c73","legacy-product-residual","src/test/java/com/tuoman/ai_task_orchestrator/service/RetrievalFilterRegressionTest.java","legacy-test-java-residual","service","DROP","834b34f9001ec9ce646a8b3a6fba80e9a2173c67415d6c9b72761f5cef951074","1","96","96"
"0df22ddaf02c64bf73a7df12cd5fea6b52632c73","legacy-product-residual","src/test/java/com/tuoman/ai_task_orchestrator/service/RetrievalMetricsCalculatorTest.java","legacy-test-java-residual","service","DROP","ec964fe308442f9922eaca20074b88e2522050d5cc0674e23b3122675ee0a95b","1","142","142"
"0df22ddaf02c64bf73a7df12cd5fea6b52632c73","legacy-product-residual","src/test/java/com/tuoman/ai_task_orchestrator/service/TaskAtomicClaimConcurrencyTest.java","legacy-test-java-residual","service","DROP","d1c175d374ed17b1218b6f0fad14fec6e3628e2168144bd562407fdfe94889ea","1","71","71"
"0df22ddaf02c64bf73a7df12cd5fea6b52632c73","legacy-product-residual","src/test/java/com/tuoman/ai_task_orchestrator/service/TaskAttemptServiceTest.java","legacy-test-java-residual","service","DROP","4a04bdb98e8225ba49eeefbbc8199b4db2d94d65df1029f3ba67b7882dcaac3e","1","213","213"
"0df22ddaf02c64bf73a7df12cd5fea6b52632c73","legacy-product-residual","src/test/java/com/tuoman/ai_task_orchestrator/service/TaskExecutionFinalizationIntegrationTest.java","legacy-test-java-residual","service","DROP","757ee31ce00da7ac77ade1fe3d24df0d984b86426a544329d096e8c4f8fb2b51","1","105","105"
"0df22ddaf02c64bf73a7df12cd5fea6b52632c73","legacy-product-residual","src/test/java/com/tuoman/ai_task_orchestrator/service/TaskExecutionServiceTest.java","legacy-test-java-residual","service","DROP","08bfbdb1aba5fdc52a92b578f89fda7d81972809e25852581f568dcc22abeb45","1","208","208"
"0df22ddaf02c64bf73a7df12cd5fea6b52632c73","legacy-product-residual","src/test/java/com/tuoman/ai_task_orchestrator/service/TaskOutboxDispatchServiceTest.java","legacy-test-java-residual","service","DROP","c66dd522b72f2892ae8f1e0f31388ebd2327656b1c29931c67ae83a8996378db","1","144","144"
"0df22ddaf02c64bf73a7df12cd5fea6b52632c73","legacy-product-residual","src/test/java/com/tuoman/ai_task_orchestrator/service/TaskServiceCreateTaskTest.java","legacy-test-java-residual","service","DROP","0dfa4c3898dcfc886b945fad30fc3c820e37f4ca7a239734facd73188d62d3bf","1","85","85"
"0df22ddaf02c64bf73a7df12cd5fea6b52632c73","legacy-product-residual","src/test/java/com/tuoman/ai_task_orchestrator/service/TaskServiceFinalizationTest.java","legacy-test-java-residual","service","DROP","9fbd0a5cbdb55e3a871acf8786956db0e1891bc8883e5b7d36d9974e92761d04","1","139","139"
"0df22ddaf02c64bf73a7df12cd5fea6b52632c73","legacy-product-residual","src/test/java/com/tuoman/ai_task_orchestrator/service/TrashCleanupServiceTest.java","legacy-test-java-residual","service","DROP","40dfe97a77449b65e8218f19758241c2ddd0d160ba2cbe8cdbcc5d4751b4e9b7","1","105","105"
"0df22ddaf02c64bf73a7df12cd5fea6b52632c73","legacy-product-residual","src/test/java/com/tuoman/ai_task_orchestrator/service/UploadBatchServiceTest.java","legacy-test-java-residual","service","DROP","9b7f1da2549faf55b0e96e43a6dd5bd660d067c47bfe974cb74e2672fc86baea","1","116","116"
"0df22ddaf02c64bf73a7df12cd5fea6b52632c73","legacy-product-residual","src/test/java/com/tuoman/ai_task_orchestrator/state/TaskStateMachineTest.java","legacy-test-java-residual","state","DROP","0c6f1bbec640c6c6810d76d435fcc5c53c59f9c7daf88f2f36d836775abc008a","1","49","49"
"0df22ddaf02c64bf73a7df12cd5fea6b52632c73","legacy-product-residual","src/test/java/com/tuoman/ai_task_orchestrator/staticresource/ProductMvpStaticResourceTest.java","legacy-test-java-residual","staticresource","DROP","607327d2c5727507eb3e9b05294c543ef390c8e3526ba5c8fbe48e4129e53083","1","191","191"
"0df22ddaf02c64bf73a7df12cd5fea6b52632c73","legacy-product-residual","src/test/java/com/tuoman/ai_task_orchestrator/staticresource/V19MemoryUiDocumentationTest.java","legacy-test-java-residual","staticresource","DROP","1eff618a4358f14e1287a017ba949590b210740a285b071714193bff1e90df11","1","42","42"
"0df22ddaf02c64bf73a7df12cd5fea6b52632c73","legacy-product-residual","src/test/java/com/tuoman/ai_task_orchestrator/storage/CacheManagementServiceTest.java","legacy-test-java-residual","storage","DROP","f819d27b518226fdaf56059ec4b7cf083e4421cbc530b36748c091b764b1ad0a","1","50","50"
"0df22ddaf02c64bf73a7df12cd5fea6b52632c73","legacy-product-residual","src/test/java/com/tuoman/ai_task_orchestrator/storage/StorageCleanupServiceTest.java","legacy-test-java-residual","storage","DROP","9318ef4bd6831da71e6ecc7b0a5109c5812abf79fbce7b92d076c16046c829de","1","81","81"
"0df22ddaf02c64bf73a7df12cd5fea6b52632c73","legacy-product-residual","src/test/java/com/tuoman/ai_task_orchestrator/storage/StorageSummaryServiceTest.java","legacy-test-java-residual","storage","DROP","184e69b8a8973bbe062dbed0c5edc9b7459831ded1e3cf9ae37d7d5fcfe51040","1","56","56"
"0df22ddaf02c64bf73a7df12cd5fea6b52632c73","legacy-product-residual","src/test/java/com/tuoman/ai_task_orchestrator/vectorindex/BatchRetryVectorDedupTest.java","legacy-test-java-residual","vectorindex","DROP","1ca7b18b1c39131eef0446a1eb307a947112181904825a045f365ddc7945d01b","1","120","120"
"0df22ddaf02c64bf73a7df12cd5fea6b52632c73","legacy-product-residual","src/test/java/com/tuoman/ai_task_orchestrator/vectorindex/CollectionPollutionAuditServiceTest.java","legacy-test-java-residual","vectorindex","DROP","997f4d203de89ec01e68387f10db5bf130dc238d368e2bbab1d9b03edc219acc","1","144","144"
"0df22ddaf02c64bf73a7df12cd5fea6b52632c73","legacy-product-residual","src/test/java/com/tuoman/ai_task_orchestrator/vectorindex/DocumentLifecycleVectorSyncTest.java","legacy-test-java-residual","vectorindex","DROP","bbfd6ddde17a95ca087cc5884cef589f4b5979c36117df9f44807151d2de836e","1","159","159"
"0df22ddaf02c64bf73a7df12cd5fea6b52632c73","legacy-product-residual","src/test/java/com/tuoman/ai_task_orchestrator/vectorindex/IdempotentVectorUpsertServiceTest.java","legacy-test-java-residual","vectorindex","DROP","82a673ddbe75709eadec1efa17ca6bff82e59b34e07d7df271e175fdf1669d34","1","144","144"
"0df22ddaf02c64bf73a7df12cd5fea6b52632c73","legacy-product-residual","src/test/java/com/tuoman/ai_task_orchestrator/vectorindex/VectorCleanupServiceTest.java","legacy-test-java-residual","vectorindex","DROP","a67c96d93f90f7b4ecfac81276cf7a5d5270192e3590c6336f82ba4681dfbae0","1","174","174"
"0df22ddaf02c64bf73a7df12cd5fea6b52632c73","legacy-product-residual","src/test/java/com/tuoman/ai_task_orchestrator/vectorindex/VectorConsistencyAuditServiceTest.java","legacy-test-java-residual","vectorindex","DROP","c231c1d1747832fbc491d7e301a929e9e54d7208f450cfe70aee90c191509a94","1","260","260"
"0df22ddaf02c64bf73a7df12cd5fea6b52632c73","legacy-product-residual","src/test/java/com/tuoman/ai_task_orchestrator/vectorindex/VectorGenerationServiceTest.java","legacy-test-java-residual","vectorindex","DROP","f74bd37e892019dedfe8313ded476cc7cf3d124bf2046e5023f9fb11fb4bc6bc","1","133","133"
"0df22ddaf02c64bf73a7df12cd5fea6b52632c73","legacy-product-residual","src/test/java/com/tuoman/ai_task_orchestrator/vectorindex/VectorIdentityServiceTest.java","legacy-test-java-residual","vectorindex","DROP","fa6520b93fe640ed3d8dca1065b945b046b677dd376da7f47a79e463e320ecc8","1","161","161"
"0df22ddaf02c64bf73a7df12cd5fea6b52632c73","legacy-product-residual","src/test/java/com/tuoman/ai_task_orchestrator/vectorindex/VectorIndexTestFixtures.java","legacy-test-java-residual","vectorindex","DROP","32339652bb1ddfb7900f00a01ab21f1f61bb36aa0c7a07cfaceb5a3efe940939","1","100","100"
"0df22ddaf02c64bf73a7df12cd5fea6b52632c73","legacy-product-residual","src/test/java/com/tuoman/ai_task_orchestrator/vectorindex/VectorNamespaceGuardTest.java","legacy-test-java-residual","vectorindex","DROP","51131191cce12edb336d3e7164b830f2381434e08061153839918c0b82c595ea","1","193","193"
"0df22ddaf02c64bf73a7df12cd5fea6b52632c73","legacy-product-residual","src/test/java/com/tuoman/ai_task_orchestrator/vectorindex/VectorPayloadBuilderTest.java","legacy-test-java-residual","vectorindex","DROP","72a3390cac6de2bb834d5e5b86f44d178cb32819408f6cb018cf1e913e92cdc2","1","134","134"
"0df22ddaf02c64bf73a7df12cd5fea6b52632c73","legacy-product-residual","src/test/java/com/tuoman/ai_task_orchestrator/vectorstore/ExactCosineVectorStoreTest.java","legacy-test-java-residual","vectorstore","DROP","3dc550f4f63cce77edbf26940da76102b9927fc00a8bf7cb0f64e33427d04ad1","1","260","260"
"0df22ddaf02c64bf73a7df12cd5fea6b52632c73","legacy-product-residual","src/test/java/com/tuoman/ai_task_orchestrator/vectorstore/qdrant/QdrantManualIntegrationTest.java","legacy-test-java-residual","vectorstore","DROP","4988a234480cd25cd3030833b4d1ab67ace2fde938fec198bb85fb84521f6589","1","94","94"
"0df22ddaf02c64bf73a7df12cd5fea6b52632c73","legacy-product-residual","src/test/java/com/tuoman/ai_task_orchestrator/vectorstore/qdrant/QdrantPayloadMapperTest.java","legacy-test-java-residual","vectorstore","DROP","6b9fddc12d2417997a48da6559ffec3fc626a601203e28344f34b4dfee28c944","1","131","131"
"0df22ddaf02c64bf73a7df12cd5fea6b52632c73","legacy-product-residual","src/test/java/com/tuoman/ai_task_orchestrator/vectorstore/qdrant/QdrantVectorStoreTest.java","legacy-test-java-residual","vectorstore","DROP","d5d26a501939f3f9f690dc672701b8005fe34f75c07c015bec401591db5e92e0","1","246","246"
"0df22ddaf02c64bf73a7df12cd5fea6b52632c73","legacy-product-residual","src/test/java/com/tuoman/ai_task_orchestrator/vectorstore/VectorStoreConfigurationTest.java","legacy-test-java-residual","vectorstore","DROP","5e3b548d4aaebee0b83c60fb856ed5ed27d6981c89fda0d1a5a699d1fccea24e","1","118","118"
"0df22ddaf02c64bf73a7df12cd5fea6b52632c73","legacy-product-residual","workers/ai-runtime-worker/__pycache__/main.cpython-314.pyc","legacy-worker-residual","ai-runtime-worker","DROP","73c23dfa95f4b76c0db9f4e79a3b130f173ca5e6fe3d8bd68885bffe0eb3a020","1","128","128"
"0df22ddaf02c64bf73a7df12cd5fea6b52632c73","legacy-product-residual","workers/ai-runtime-worker/__pycache__/ollama_client.cpython-314.pyc","legacy-worker-residual","ai-runtime-worker","DROP","e472bb0bfea33f3ff45b944d5e6229a87fa467c36b9cf98a8d40c5ad1ed1cf31","1","71","71"
"0df22ddaf02c64bf73a7df12cd5fea6b52632c73","legacy-product-residual","workers/ai-runtime-worker/__pycache__/test_worker.cpython-314-pytest-9.1.1.pyc","legacy-worker-residual","ai-runtime-worker","DROP","f4ed954710481487a25cd59175cf9c2d530ab982108de942a9f2e51cd8f28576","1","271","271"
"0df22ddaf02c64bf73a7df12cd5fea6b52632c73","legacy-product-residual","workers/ai-runtime-worker/llm-output.txt","legacy-worker-residual","ai-runtime-worker","DROP","5aff852c06c5980e6b4cc379a75a1443023dd6963fd2b53b22ea599f15b73ace","1","1","1"
"0df22ddaf02c64bf73a7df12cd5fea6b52632c73","legacy-product-residual","workers/ai-runtime-worker/llm-test-output.txt","legacy-worker-residual","ai-runtime-worker","DROP","5aff852c06c5980e6b4cc379a75a1443023dd6963fd2b53b22ea599f15b73ace","1","1","1"
"0df22ddaf02c64bf73a7df12cd5fea6b52632c73","legacy-product-residual","workers/ai-runtime-worker/main.py","legacy-worker-residual","ai-runtime-worker","DROP","5994db23afd793520d63fa9be04ca92daf57b14823ddbb1071caf64b5abaf2f8","1","583","583"
"0df22ddaf02c64bf73a7df12cd5fea6b52632c73","legacy-product-residual","workers/ai-runtime-worker/ollama_client.py","legacy-worker-residual","ai-runtime-worker","DROP","44e6b7e10ed297a726fb38375d28f48759863a9e54bbd7be31c6e4331456c5d4","1","202","202"
"0df22ddaf02c64bf73a7df12cd5fea6b52632c73","legacy-product-residual","workers/ai-runtime-worker/README.md","legacy-worker-residual","ai-runtime-worker","DROP","95fe53b96a1ffff070a9a6a988b7ff3fefa3f3081b6da2b08e0852d76e448c9c","1","71","71"
"0df22ddaf02c64bf73a7df12cd5fea6b52632c73","legacy-product-residual","workers/ai-runtime-worker/requirements.txt","legacy-worker-residual","ai-runtime-worker","DROP","8ddedb239a867bb218030e89060ba9f1454d21934ef462afb116471992d40124","1","5","5"
"0df22ddaf02c64bf73a7df12cd5fea6b52632c73","legacy-product-residual","workers/ai-runtime-worker/test_worker.py","legacy-worker-residual","ai-runtime-worker","DROP","578aefceb8ac9f3be985ce934bac98064153dd3d844e709f44894a1299d3b151","1","242","242"
"0df22ddaf02c64bf73a7df12cd5fea6b52632c73","legacy-product-residual","workers/embedding-worker/embedding-worker.http","legacy-worker-residual","embedding-worker","DROP","afe3b4a449b70b00b58cae66b31b8fe1655c9eb6d9eecca879d018aea294f722","1","31","31"
"0df22ddaf02c64bf73a7df12cd5fea6b52632c73","legacy-product-residual","workers/embedding-worker/main.py","legacy-worker-residual","embedding-worker","DROP","11e503554ac15dc6f4cf731b1e1306aaf0e410323fbec996ef41c6586073d6cb","1","91","91"
"0df22ddaf02c64bf73a7df12cd5fea6b52632c73","legacy-product-residual","workers/embedding-worker/README.md","legacy-worker-residual","embedding-worker","DROP","ca7bfbfb88aeb1031e71d439b03c996c78d67bcbe6fd65ef3e4020dd2eaac5d5","1","314","314"
"0df22ddaf02c64bf73a7df12cd5fea6b52632c73","legacy-product-residual","workers/embedding-worker/requirements.txt","legacy-worker-residual","embedding-worker","DROP","8a48a83478856851185cb1b9edc7126f7bf8de95d3fd7059cdffb948395a1434","1","3","3"
