"path","git_blob","source_sha256","bytes","physical_lines","nonblank_lines","kind","package","partition","feature_ids","review_level","review_ranges","implementation_disposition","semantic_candidates","risk_ids","evidence","reviewed_commit","reviewed_sha256","reviewer","notes"
"src/main/java/com/tuoman/ai_task_orchestrator/AiTaskOrchestratorApplication.java","a2dd1d563fce2791793d765db36a9fdf651c36f0","40df5f3d268e84536bde6249527d237abd2c932183c8dae30617fd195ea225c7","814","25","20","MAIN_JAVA","com.tuoman.ai_task_orchestrator","main-java/root","","STRUCTURAL_SCAN_ONLY","","DROP","","HUMAN_REVIEW_REQUIRED","STRUCTURAL_METADATA_ONLY","","","",""
"src/main/java/com/tuoman/ai_task_orchestrator/agent/AgentTaskDisplayTexts.java","5322f0a37af5d1691de33c2fa40da833d66f4f41","f58591e65da127b891ace2a97580271fdd225b4c898636089008fe4cde79d576","596","22","18","MAIN_JAVA","com.tuoman.ai_task_orchestrator.agent","main-java/agent","","STRUCTURAL_SCAN_ONLY","","DROP","","HUMAN_REVIEW_REQUIRED","STRUCTURAL_METADATA_ONLY","","","",""
"src/main/java/com/tuoman/ai_task_orchestrator/agent/AgentTaskEventDisplayTexts.java","87495686ddfbacde72b3cf86a8aeac356b5e4f8f","43d87629772bf282a34cb57d39a6f50d74182bba92cdbc194291c84b9c860eb6","1349","33","29","MAIN_JAVA","com.tuoman.ai_task_orchestrator.agent","main-java/agent","","STRUCTURAL_SCAN_ONLY","","DROP","","HUMAN_REVIEW_REQUIRED","STRUCTURAL_METADATA_ONLY","","","",""
"src/main/java/com/tuoman/ai_task_orchestrator/agent/AgentTaskEventRecorder.java","accc29562b9ba4ce960391b336ce25af09dbcce7","b146cdf0050d7e146761ca78c6a057763a1bedd3b876f65e60c096537ee94226","12841","385","359","MAIN_JAVA","com.tuoman.ai_task_orchestrator.agent","main-java/agent","","STRUCTURAL_SCAN_ONLY","","DROP","","HUMAN_REVIEW_REQUIRED","STRUCTURAL_METADATA_ONLY","","","",""
"src/main/java/com/tuoman/ai_task_orchestrator/agent/AgentTaskPromptBuilder.java","ca4f1d902235b9ddea34f075a3f836c951d433dc","7bec1c75baf87f71c181faf22fa289150fafd058ded9b6440009348112cf1e52","6209","150","136","MAIN_JAVA","com.tuoman.ai_task_orchestrator.agent","main-java/agent","","STRUCTURAL_SCAN_ONLY","","DROP","","HUMAN_REVIEW_REQUIRED","STRUCTURAL_METADATA_ONLY","","","",""
"src/main/java/com/tuoman/ai_task_orchestrator/agent/AgentTaskProperties.java","457a6136c3c9a4393a5f641620642d0d18d11777","8d138a35bc18625db60e52b5fa462b5488b00fdba16c49f1652e9a381d6c180b","343","15","11","MAIN_JAVA","com.tuoman.ai_task_orchestrator.agent","main-java/agent","","STRUCTURAL_SCAN_ONLY","","DROP","","HUMAN_REVIEW_REQUIRED","STRUCTURAL_METADATA_ONLY","","","",""
"src/main/java/com/tuoman/ai_task_orchestrator/agent/AgentTaskStepDisplayTexts.java","8130cfca8a968b97f70f1a94af070656d8ea7d07","d28662110af64abaae2af6325a328a90cbfe7ea5d12227a8cbb6f27c799187de","611","22","18","MAIN_JAVA","com.tuoman.ai_task_orchestrator.agent","main-java/agent","","STRUCTURAL_SCAN_ONLY","","DROP","","HUMAN_REVIEW_REQUIRED","STRUCTURAL_METADATA_ONLY","","","",""
"src/main/java/com/tuoman/ai_task_orchestrator/agent/AgentWorkflowJsonCodec.java","836e4e052227db68f569b4e2aa674c2b47c60356","b0472c3b9c03969ff04bbf6ffcc60c9a66107a3f855d79b0771557d13c2704d9","1410","46","39","MAIN_JAVA","com.tuoman.ai_task_orchestrator.agent","main-java/agent","","STRUCTURAL_SCAN_ONLY","","DROP","","HUMAN_REVIEW_REQUIRED","STRUCTURAL_METADATA_ONLY","","","",""
"src/main/java/com/tuoman/ai_task_orchestrator/agent/tool/AgentTool.java","b8f7902471ddaf4d4db387d687f03797bcabcdc7","8792ecb6e85db170ef9fbec1326fde5f9d2f770cae93956677f4c14a1fe0426f","381","20","11","MAIN_JAVA","com.tuoman.ai_task_orchestrator.agent.tool","main-java/agent","","STRUCTURAL_SCAN_ONLY","","DROP","","HUMAN_REVIEW_REQUIRED","STRUCTURAL_METADATA_ONLY","","","",""
"src/main/java/com/tuoman/ai_task_orchestrator/agent/tool/AgentToolNames.java","e6bbdbffd380b85cc8324ebb0578c27b1b904c80","9d4ed8759ea081bbb614028ac355fc168dddd0adef8a187c99cb93b31a75f970","409","15","9","MAIN_JAVA","com.tuoman.ai_task_orchestrator.agent.tool","main-java/agent","","STRUCTURAL_SCAN_ONLY","","DROP","","HUMAN_REVIEW_REQUIRED","STRUCTURAL_METADATA_ONLY","","","",""
"src/main/java/com/tuoman/ai_task_orchestrator/agent/tool/AgentToolRegistry.java","881dfa9ce7ee3de0c5fd9b78937557dddfbb0655","90b328338cb51812e6b2ebfbf6e538319a2d9c993ad8bf2e99dce07cd8590abf","1553","52","44","MAIN_JAVA","com.tuoman.ai_task_orchestrator.agent.tool","main-java/agent","","STRUCTURAL_SCAN_ONLY","","DROP","","HUMAN_REVIEW_REQUIRED","STRUCTURAL_METADATA_ONLY","","","",""
"src/main/java/com/tuoman/ai_task_orchestrator/agent/tool/CollectionOverviewTool.java","c93a57bdc4adcbb1afa237c9beea2b9c5323bce0","a4ed7d58aee297b53c635b45474583de46e0e8176020a7063664692308927eeb","5865","150","129","MAIN_JAVA","com.tuoman.ai_task_orchestrator.agent.tool","main-java/agent","","STRUCTURAL_SCAN_ONLY","","DROP","","HUMAN_REVIEW_REQUIRED","STRUCTURAL_METADATA_ONLY","","","",""
"src/main/java/com/tuoman/ai_task_orchestrator/agent/tool/ContextSummaryTool.java","631e24131cbbaaae101d3a3b205039740666c91b","a5101df917489a33a8a0837558309427663cc814be11daf4a318d0dc9fd38f4d","6478","161","141","MAIN_JAVA","com.tuoman.ai_task_orchestrator.agent.tool","main-java/agent","","STRUCTURAL_SCAN_ONLY","","DROP","","HUMAN_REVIEW_REQUIRED","STRUCTURAL_METADATA_ONLY","","","",""
"src/main/java/com/tuoman/ai_task_orchestrator/agent/tool/KnowledgeSearchTool.java","f0977376b7b2e106866c14399822d6257e355587","fc9f9cf7986636ea68bc7423c1c9739a3cfed5a5b989dcae59fd5f1bbf665c98","10132","252","222","MAIN_JAVA","com.tuoman.ai_task_orchestrator.agent.tool","main-java/agent","","STRUCTURAL_SCAN_ONLY","","DROP","","HUMAN_REVIEW_REQUIRED","STRUCTURAL_METADATA_ONLY","","","",""
"src/main/java/com/tuoman/ai_task_orchestrator/agent/tool/ToolExecutionContext.java","4ee8126cbb3bef945b5ae499dd28875d3f5eaed2","dbb5a581c5d2e60ae014545566b00978135852bb5299f12b9c3484a6361433e1","279","13","11","MAIN_JAVA","com.tuoman.ai_task_orchestrator.agent.tool","main-java/agent","","STRUCTURAL_SCAN_ONLY","","DROP","","HUMAN_REVIEW_REQUIRED","STRUCTURAL_METADATA_ONLY","","","",""
"src/main/java/com/tuoman/ai_task_orchestrator/agent/tool/ToolExecutionResult.java","b835b1c14da41ca54dd100ce6ce87ebbb18dbf67","c6e861de236e7afbd8146020cb0e7fe8d3b5272ec8d67558a181793341f32b4c","867","25","20","MAIN_JAVA","com.tuoman.ai_task_orchestrator.agent.tool","main-java/agent","","STRUCTURAL_SCAN_ONLY","","DROP","","HUMAN_REVIEW_REQUIRED","STRUCTURAL_METADATA_ONLY","","","",""
"src/main/java/com/tuoman/ai_task_orchestrator/batch/BatchStagingService.java","12f170158820bf56a27657c1952e61bed2367760","c62d843f1e06478d9ded59e5a2e649a7070f6fdc12cdedefb58464d70a6d6f0b","2611","69","61","MAIN_JAVA","com.tuoman.ai_task_orchestrator.batch","main-java/batch","","STRUCTURAL_SCAN_ONLY","","DROP","","HUMAN_REVIEW_REQUIRED","STRUCTURAL_METADATA_ONLY","","","",""
"src/main/java/com/tuoman/ai_task_orchestrator/batch/DuplicateDetectionService.java","b5a98d108388b065c9824ff454e75649d57890fb","3ad5d8ce18f8ae14f15bd5e5f9abc4899df5243870c64f5d7f767e1924a750ff","4178","98","87","MAIN_JAVA","com.tuoman.ai_task_orchestrator.batch","main-java/batch","","STRUCTURAL_SCAN_ONLY","","DROP","","HUMAN_REVIEW_REQUIRED","STRUCTURAL_METADATA_ONLY","","","",""
"src/main/java/com/tuoman/ai_task_orchestrator/batch/UploadBatchDisplayTexts.java","25521c7c65b2e9aba1be64b5f3a97c4e4d0bf9a5","942f1c9eb73aa8cbed6d3c4039750e9669cb986dc60b2c3f81e9929d09e483e3","1446","43","38","MAIN_JAVA","com.tuoman.ai_task_orchestrator.batch","main-java/batch","","STRUCTURAL_SCAN_ONLY","","DROP","","HUMAN_REVIEW_REQUIRED","STRUCTURAL_METADATA_ONLY","","","",""
"src/main/java/com/tuoman/ai_task_orchestrator/common/error/ApiErrorResponse.java","71b09be1b060d55eb8cd8c51778434ac6253b468","4c1e8bbc8680a8a3cd3db252e253097eff303d434fd4b5059a9af107ea4dadf5","376","21","13","MAIN_JAVA","com.tuoman.ai_task_orchestrator.common.error","main-java/common","","STRUCTURAL_SCAN_ONLY","","DROP","","HUMAN_REVIEW_REQUIRED","STRUCTURAL_METADATA_ONLY","","","",""
"src/main/java/com/tuoman/ai_task_orchestrator/common/error/BusinessException.java","6f94a9ed20fb21a4d090e3cbba59dc4008ee7d3a","c26668fc518efcf496332127e5c057b39de1e0b16b80b1e6816a87ee7673d705","13666","326","258","MAIN_JAVA","com.tuoman.ai_task_orchestrator.common.error","main-java/common","","STRUCTURAL_SCAN_ONLY","","DROP","","HUMAN_REVIEW_REQUIRED","STRUCTURAL_METADATA_ONLY","","","",""
"src/main/java/com/tuoman/ai_task_orchestrator/common/error/ErrorCode.java","9a9e935627db14d519273fe17263813191e30435","8103e8c22cf306cbddb591d4a2e230b7254eafbe6da05fa69e6b878013779beb","2080","71","70","MAIN_JAVA","com.tuoman.ai_task_orchestrator.common.error","main-java/common","","STRUCTURAL_SCAN_ONLY","","DROP","","HUMAN_REVIEW_REQUIRED","STRUCTURAL_METADATA_ONLY","","","",""
"src/main/java/com/tuoman/ai_task_orchestrator/common/error/GlobalExceptionHandler.java","c3337c335c39464aa8b381bcca64cdf4a44bfe71","c2dc23014cfacb1a69d4c800058b3518e159487633451286f6b1a977bb71c995","8425","198","178","MAIN_JAVA","com.tuoman.ai_task_orchestrator.common.error","main-java/common","","STRUCTURAL_SCAN_ONLY","","DROP","","HUMAN_REVIEW_REQUIRED","STRUCTURAL_METADATA_ONLY","","","",""
"src/main/java/com/tuoman/ai_task_orchestrator/config/AgentTaskConfiguration.java","3f35655c377022fde36ef46fd4b3dd5284921936","e8c046be6e02e0185e2d2357b159b0b8b82b5f973429e27006f5e97821311dc7","372","10","8","MAIN_JAVA","com.tuoman.ai_task_orchestrator.config","main-java/config","","STRUCTURAL_SCAN_ONLY","","DROP","","HUMAN_REVIEW_REQUIRED","STRUCTURAL_METADATA_ONLY","","","",""
"src/main/java/com/tuoman/ai_task_orchestrator/config/BatchIngestionProperties.java","8d47fbc7403afa0ee19237fc97ea9162e5004d6c","fc50b19bdde036938d9b3dfdebcf33650b935962f8f223e69277f58fdf51c5db","606","25","17","MAIN_JAVA","com.tuoman.ai_task_orchestrator.config","main-java/config","","STRUCTURAL_SCAN_ONLY","","DROP","","HUMAN_REVIEW_REQUIRED","STRUCTURAL_METADATA_ONLY","","","",""
"src/main/java/com/tuoman/ai_task_orchestrator/config/ChunkingProperties.java","6055e6a49389354184fcf91e20cf7841d82f00ec","fc914e97fdb2afc46f5e5ec4f6cc1f2499c1b8007e3eda4ebfde7e8502521dd4","1017","34","24","MAIN_JAVA","com.tuoman.ai_task_orchestrator.config","main-java/config","","STRUCTURAL_SCAN_ONLY","","DROP","","HUMAN_REVIEW_REQUIRED","STRUCTURAL_METADATA_ONLY","","","",""
"src/main/java/com/tuoman/ai_task_orchestrator/config/ClockConfiguration.java","a708a0463f0d210fd8259bc9eaa9e0e1da3e490f","999aac69234afa2c35bb14fcb668910a69f1ff59e5c9cd99fc862a1ba7a23581","325","15","11","MAIN_JAVA","com.tuoman.ai_task_orchestrator.config","main-java/config","","STRUCTURAL_SCAN_ONLY","","DROP","","HUMAN_REVIEW_REQUIRED","STRUCTURAL_METADATA_ONLY","","","",""
"src/main/java/com/tuoman/ai_task_orchestrator/config/MemoryProperties.java","e8283a8866336d83bd6cd4220c3e2da9beccd62f","64b3d44b6201237377ab96c94c57f52a6619f0d641e7052bd52699bc3fff583f","537","23","16","MAIN_JAVA","com.tuoman.ai_task_orchestrator.config","main-java/config","","STRUCTURAL_SCAN_ONLY","","DROP","","HUMAN_REVIEW_REQUIRED","STRUCTURAL_METADATA_ONLY","","","",""
"src/main/java/com/tuoman/ai_task_orchestrator/config/ModelProviderConfiguration.java","33ae88f67ce87388803b6065a7cc9003515ccb7c","38a39a387cb5c76b23b39bd9e1d93433b66cb1cc13d91ec912395c8879399b9e","1566","36","31","MAIN_JAVA","com.tuoman.ai_task_orchestrator.config","main-java/config","","STRUCTURAL_SCAN_ONLY","","DROP","","HUMAN_REVIEW_REQUIRED","STRUCTURAL_METADATA_ONLY","","","",""
"src/main/java/com/tuoman/ai_task_orchestrator/config/ModelProviderProperties.java","5551065d61635b5f25b7ee78c559e6aa5d1bd4a6","8379fb1713c320539eb47a38d7ada22f53f408e8f72e07726390b0015dc2eb92","450","16","13","MAIN_JAVA","com.tuoman.ai_task_orchestrator.config","main-java/config","","STRUCTURAL_SCAN_ONLY","","DROP","","HUMAN_REVIEW_REQUIRED","STRUCTURAL_METADATA_ONLY","","","",""
"src/main/java/com/tuoman/ai_task_orchestrator/config/RabbitMQConfig.java","7e66b4f51f67fa7274f7f49bfd304b8e2fcda7c1","1722864a07bb774cfd2f69293e032a4ef2a5828303100bed198a2e6e47c83e98","3644","108","89","MAIN_JAVA","com.tuoman.ai_task_orchestrator.config","main-java/config","","STRUCTURAL_SCAN_ONLY","","DROP","","HUMAN_REVIEW_REQUIRED","STRUCTURAL_METADATA_ONLY","","","",""
"src/main/java/com/tuoman/ai_task_orchestrator/config/RetrievalPipelineProperties.java","50341f8c5fccae6e3107766ec93fbfd41fd5bef4","86b8ab70e65c138ab7127ce4cd884d4839ef37349f9c7a563e9d862b6d748e18","1003","37","24","MAIN_JAVA","com.tuoman.ai_task_orchestrator.config","main-java/config","","STRUCTURAL_SCAN_ONLY","","DROP","","HUMAN_REVIEW_REQUIRED","STRUCTURAL_METADATA_ONLY","","","",""
"src/main/java/com/tuoman/ai_task_orchestrator/config/SecurityProperties.java","b8332e57356382f00ebef32e17e177f9742f7319","31be7c4524796ce8155d31a3b4f3a9956e50e1adf61ad1c4875105d60bc1dbd1","441","16","13","MAIN_JAVA","com.tuoman.ai_task_orchestrator.config","main-java/config","","STRUCTURAL_SCAN_ONLY","","DROP","","HUMAN_REVIEW_REQUIRED","STRUCTURAL_METADATA_ONLY","","","",""
"src/main/java/com/tuoman/ai_task_orchestrator/config/TrashProperties.java","e78aab8723eae5c886257aa86ac9088e214bccf8","1869ef235dbb0364dad1a249d9f2f463d3df0b4fb133796afa439e6c1cbdc729","455","19","14","MAIN_JAVA","com.tuoman.ai_task_orchestrator.config","main-java/config","","STRUCTURAL_SCAN_ONLY","","DROP","","HUMAN_REVIEW_REQUIRED","STRUCTURAL_METADATA_ONLY","","","",""
"src/main/java/com/tuoman/ai_task_orchestrator/controller/AgentProfileController.java","fd66f30865918a624198d0d136d6194e7c53e6b7","fb3232ec1a872d66ee81a337b642a7b60a7d03df376335da1c3efa7fb68b71d0","3796","101","86","MAIN_JAVA","com.tuoman.ai_task_orchestrator.controller","main-java/controller","","STRUCTURAL_SCAN_ONLY","","DROP","","HUMAN_REVIEW_REQUIRED","STRUCTURAL_METADATA_ONLY","","","",""
"src/main/java/com/tuoman/ai_task_orchestrator/controller/AgentTaskController.java","cf661d0d1926c6486005c1d899b94d2baeda9332","45f2a11e59e2f676bb0522466aa35cd52780098305b299faec04f9a535eb5d08","2289","63","53","MAIN_JAVA","com.tuoman.ai_task_orchestrator.controller","main-java/controller","","STRUCTURAL_SCAN_ONLY","","DROP","","HUMAN_REVIEW_REQUIRED","STRUCTURAL_METADATA_ONLY","","","",""
"src/main/java/com/tuoman/ai_task_orchestrator/controller/AgentToolController.java","aa1a1f6862e5cf05f490ac4a9e2386889ea5f45e","fee548eb3695092c46798bb185139f04cd6314f3d2a1609be9822a1463691656","730","23","18","MAIN_JAVA","com.tuoman.ai_task_orchestrator.controller","main-java/controller","","STRUCTURAL_SCAN_ONLY","","DROP","","HUMAN_REVIEW_REQUIRED","STRUCTURAL_METADATA_ONLY","","","",""
"src/main/java/com/tuoman/ai_task_orchestrator/controller/BatchUploadController.java","71bd30bdf8e4b8f7e21d38489c185fe74909bb0e","c0cae040f55b364a7aa2feac4f5a3be9a4a802b78bf6f970db1fd72daabe1547","3576","86","74","MAIN_JAVA","com.tuoman.ai_task_orchestrator.controller","main-java/controller","","STRUCTURAL_SCAN_ONLY","","DROP","","HUMAN_REVIEW_REQUIRED","STRUCTURAL_METADATA_ONLY","","","",""
"src/main/java/com/tuoman/ai_task_orchestrator/controller/CollectionController.java","9ba7df3449cded5f0472ddd25ec32d694986d603","72145d7ba87df4015af5d6525dd338b8a31b33079beb9f09558019ffde719803","2163","59","50","MAIN_JAVA","com.tuoman.ai_task_orchestrator.controller","main-java/controller","","STRUCTURAL_SCAN_ONLY","","DROP","","HUMAN_REVIEW_REQUIRED","STRUCTURAL_METADATA_ONLY","","","",""
"src/main/java/com/tuoman/ai_task_orchestrator/controller/DevTaskController.java","6b706ef600bb9337f1509d8a9ff6149c7f1a1bc9","bc3f6a76fdcd61b65d53b5b1bf7aeacd7246e0dd23669177dffdef3656e90553","1146","30","26","MAIN_JAVA","com.tuoman.ai_task_orchestrator.controller","main-java/controller","","STRUCTURAL_SCAN_ONLY","","DROP","","HUMAN_REVIEW_REQUIRED","STRUCTURAL_METADATA_ONLY","","","",""
"src/main/java/com/tuoman/ai_task_orchestrator/controller/DevTaskDispatchController.java","a1337650aa668f11c7a99d49c41fae3d155d73cf","3217c2ccefcee84d8065a12a19f825aa43b4b98b8502cc9ee1d11a25126ab0e4","920","23","19","MAIN_JAVA","com.tuoman.ai_task_orchestrator.controller","main-java/controller","","STRUCTURAL_SCAN_ONLY","","DROP","","HUMAN_REVIEW_REQUIRED","STRUCTURAL_METADATA_ONLY","","","",""
"src/main/java/com/tuoman/ai_task_orchestrator/controller/DocumentController.java","afdb0f15ded8d2d02f572859277074f5260b6389","526ff78d9a62ab2f65529d62ae161834dab21a7fc9db734d3f30d401b4922e98","3711","92","76","MAIN_JAVA","com.tuoman.ai_task_orchestrator.controller","main-java/controller","","STRUCTURAL_SCAN_ONLY","","DROP","","HUMAN_REVIEW_REQUIRED","STRUCTURAL_METADATA_ONLY","","","",""
"src/main/java/com/tuoman/ai_task_orchestrator/controller/DocumentIngestionController.java","1987246a904a31e89fe44ba2b17fca682490d07a","a4551e181ddcc1979f00a9372fc9f4d6e6221e02fb608842eb881e1aa4272741","2601","65","54","MAIN_JAVA","com.tuoman.ai_task_orchestrator.controller","main-java/controller","","STRUCTURAL_SCAN_ONLY","","DROP","","HUMAN_REVIEW_REQUIRED","STRUCTURAL_METADATA_ONLY","","","",""
"src/main/java/com/tuoman/ai_task_orchestrator/controller/EmbeddingCacheMetricsController.java","cf1d1e7e269db59a4fb004d454bccbba917f3eca","312a3275d71d0f872f1070a4b38b3db091a5b91907a9b488a9e3afe81d713270","784","21","17","MAIN_JAVA","com.tuoman.ai_task_orchestrator.controller","main-java/controller","","STRUCTURAL_SCAN_ONLY","","DROP","","HUMAN_REVIEW_REQUIRED","STRUCTURAL_METADATA_ONLY","","","",""
"src/main/java/com/tuoman/ai_task_orchestrator/controller/MemoryController.java","ee617bd637e02f6c3baa64787bfa1b96317da8be","c3abce635e090e0bded08b0882d96de482813ed6a95ddd1cd002ef5f8789467c","5433","137","121","MAIN_JAVA","com.tuoman.ai_task_orchestrator.controller","main-java/controller","","STRUCTURAL_SCAN_ONLY","","DROP","","HUMAN_REVIEW_REQUIRED","STRUCTURAL_METADATA_ONLY","","","",""
"src/main/java/com/tuoman/ai_task_orchestrator/controller/ModelProviderController.java","c0db15dfbde178361e77012a517d6120f35a211d","aa9eb79c24cbf1f836258d7c8188cb133c79d267d5a6cc2acf08dd7fd1fac45b","3344","91","76","MAIN_JAVA","com.tuoman.ai_task_orchestrator.controller","main-java/controller","","STRUCTURAL_SCAN_ONLY","","DROP","","HUMAN_REVIEW_REQUIRED","STRUCTURAL_METADATA_ONLY","","","",""
"src/main/java/com/tuoman/ai_task_orchestrator/controller/NotificationController.java","4a98ce1e8c2d7e3e75479772807258a5feaec090","1646166b37ac522dff47c0bc420440cc702bb615ae1939ae94bebafe0a8bc1d7","1360","41","33","MAIN_JAVA","com.tuoman.ai_task_orchestrator.controller","main-java/controller","","STRUCTURAL_SCAN_ONLY","","DROP","","HUMAN_REVIEW_REQUIRED","STRUCTURAL_METADATA_ONLY","","","",""
"src/main/java/com/tuoman/ai_task_orchestrator/controller/ProductHomeController.java","d57b66f92edfe1ead6b166cae6a2190388b1cf82","ba4061837b980aa0f22eb0891a1b31216911158a2f6ee5d8dbad89d22ac08466","546","19","16","MAIN_JAVA","com.tuoman.ai_task_orchestrator.controller","main-java/controller","","STRUCTURAL_SCAN_ONLY","","DROP","","HUMAN_REVIEW_REQUIRED","STRUCTURAL_METADATA_ONLY","","","",""
"src/main/java/com/tuoman/ai_task_orchestrator/controller/RagAnswerController.java","f0bd54721552c99a9b52621acc4984d6f98ca843","66ccbb467ef43b2ec4763b393805baec618736faa1a5a1d8aa9828dd457d8fa2","1224","31","27","MAIN_JAVA","com.tuoman.ai_task_orchestrator.controller","main-java/controller","","STRUCTURAL_SCAN_ONLY","","DROP","","HUMAN_REVIEW_REQUIRED","STRUCTURAL_METADATA_ONLY","","","",""
"src/main/java/com/tuoman/ai_task_orchestrator/controller/RagEvaluationController.java","b521a69b32cefe0b56ee4ceb5481b878c7c92cfd","6520c3f132638d96cca065c01201410f776e08667a04bfb3e3c67b9349400351","4599","112","94","MAIN_JAVA","com.tuoman.ai_task_orchestrator.controller","main-java/controller","","STRUCTURAL_SCAN_ONLY","","DROP","","HUMAN_REVIEW_REQUIRED","STRUCTURAL_METADATA_ONLY","","","",""
"src/main/java/com/tuoman/ai_task_orchestrator/controller/RetrievalEvaluationController.java","43299d82aa36daeba4668ebbd989d48ee614c94f","567781fc2c6494b6cb5f94ae16e140390e58bad007b06a55269632a3ae51ae38","1218","29","25","MAIN_JAVA","com.tuoman.ai_task_orchestrator.controller","main-java/controller","","STRUCTURAL_SCAN_ONLY","","DROP","","HUMAN_REVIEW_REQUIRED","STRUCTURAL_METADATA_ONLY","","","",""
"src/main/java/com/tuoman/ai_task_orchestrator/controller/RetrievalReindexController.java","fb425097c49a9ffcfd5b2e095a17504d53e7cfcb","937aaca1fb36da2d8d3a2da900a7e53d122724788c1496e165ddddb4b41ca890","1461","36","30","MAIN_JAVA","com.tuoman.ai_task_orchestrator.controller","main-java/controller","","STRUCTURAL_SCAN_ONLY","","DROP","","HUMAN_REVIEW_REQUIRED","STRUCTURAL_METADATA_ONLY","","","",""
"src/main/java/com/tuoman/ai_task_orchestrator/controller/RetrievalSettingsController.java","c2ccc70f4e59b0ef598a5dba881ebecb7320bc9c","b06a0708004407109d20db0fd0e4311e20adc0eecb87d931b18abeeaf4f889e7","2545","52","44","MAIN_JAVA","com.tuoman.ai_task_orchestrator.controller","main-java/controller","","STRUCTURAL_SCAN_ONLY","","DROP","","HUMAN_REVIEW_REQUIRED","STRUCTURAL_METADATA_ONLY","","","",""
"src/main/java/com/tuoman/ai_task_orchestrator/controller/RuntimeStatusController.java","a59111f8818f220b154cf0b601fe57642a8bb9d5","e83263dbc2cd434b42f64bc78f6427ae436306a75e0b3f352928900a01a3ec01","1467","42","35","MAIN_JAVA","com.tuoman.ai_task_orchestrator.controller","main-java/controller","","STRUCTURAL_SCAN_ONLY","","DROP","","HUMAN_REVIEW_REQUIRED","STRUCTURAL_METADATA_ONLY","","","",""
"src/main/java/com/tuoman/ai_task_orchestrator/controller/StorageController.java","78c497707308f6384b4ed762c452873bfa62a929","24266f1121dc569bad1e59cfd8a798076f942b81bede39a0d4a6bc62e07faad1","2785","73","58","MAIN_JAVA","com.tuoman.ai_task_orchestrator.controller","main-java/controller","","STRUCTURAL_SCAN_ONLY","","DROP","","HUMAN_REVIEW_REQUIRED","STRUCTURAL_METADATA_ONLY","","","",""
"src/main/java/com/tuoman/ai_task_orchestrator/controller/TaskController.java","d573b8c45dc83d867fe95ce1df74a8a15a5fcb92","1a1cf756a3a16f5640aaa1845b0bc788366beb8e383fd1f8d47b30a2d7b46ffd","2459","64","53","MAIN_JAVA","com.tuoman.ai_task_orchestrator.controller","main-java/controller","","STRUCTURAL_SCAN_ONLY","","DROP","","HUMAN_REVIEW_REQUIRED","STRUCTURAL_METADATA_ONLY","","","",""
"src/main/java/com/tuoman/ai_task_orchestrator/controller/VectorIndexHealthController.java","5110efc3c45733efea8fd0e527a8cebf89fd9de6","1c1235d29d915653f0913c5c14efa7623e2725e3df4b4e3f461614de9e7f9528","7066","156","135","MAIN_JAVA","com.tuoman.ai_task_orchestrator.controller","main-java/controller","","STRUCTURAL_SCAN_ONLY","","DROP","","HUMAN_REVIEW_REQUIRED","STRUCTURAL_METADATA_ONLY","","","",""
"src/main/java/com/tuoman/ai_task_orchestrator/document/DocumentChunkResult.java","3700bbdc9dc6da964467cbb7833d0202dd638140","a3a8451a852780e16f35b18ab208064b3ecd309b3b36fe2181bd797ef45919cb","405","23","14","MAIN_JAVA","com.tuoman.ai_task_orchestrator.document","main-java/document","","STRUCTURAL_SCAN_ONLY","","DROP","","HUMAN_REVIEW_REQUIRED","STRUCTURAL_METADATA_ONLY","","","",""
"src/main/java/com/tuoman/ai_task_orchestrator/document/DocumentChunker.java","f7740a9ea610a2b1a8590ac23849f77b0e228709","080bbeac4b633a1df3b40c4f83e6e464a838c44a4680c8f350a1cde898023e61","8617","259","216","MAIN_JAVA","com.tuoman.ai_task_orchestrator.document","main-java/document","","STRUCTURAL_SCAN_ONLY","","DROP","","HUMAN_REVIEW_REQUIRED","STRUCTURAL_METADATA_ONLY","","","",""
"src/main/java/com/tuoman/ai_task_orchestrator/document/StructuredChunkResult.java","57171ca03b4393daa2e9f5589df15808a09a7a7c","38543852fb69e1b1c7493805004d08b054f9a5e8a65829cedc6598b9e56b34b3","2537","92","71","MAIN_JAVA","com.tuoman.ai_task_orchestrator.document","main-java/document","","STRUCTURAL_SCAN_ONLY","","DROP","","HUMAN_REVIEW_REQUIRED","STRUCTURAL_METADATA_ONLY","","","",""
"src/main/java/com/tuoman/ai_task_orchestrator/document/StructuredChunkingService.java","8e72904cc902d7e0c661637ca6f0546bce96e7c3","3c63144ca4b930d650f3fcb408ad6885af22cb29b56dbec71352d9a2ed10d42a","7060","188","167","MAIN_JAVA","com.tuoman.ai_task_orchestrator.document","main-java/document","","STRUCTURAL_SCAN_ONLY","","DROP","","HUMAN_REVIEW_REQUIRED","STRUCTURAL_METADATA_ONLY","","","",""
"src/main/java/com/tuoman/ai_task_orchestrator/document/extract/DocumentFileType.java","057a59dc700142a3409fe5d5feb6a4b1b0c72ef0","0c6bc0c6be17cd88f3d8333a780d0c4917b43ab1a419d85259099678ae63769d","117","7","6","MAIN_JAVA","com.tuoman.ai_task_orchestrator.document.extract","main-java/document","","STRUCTURAL_SCAN_ONLY","","DROP","","HUMAN_REVIEW_REQUIRED","STRUCTURAL_METADATA_ONLY","","","",""
"src/main/java/com/tuoman/ai_task_orchestrator/document/extract/DocumentTextExtractor.java","ac0eb4d22284228bab225b405751d131ba5952bf","99b3af4a6beb9cdbe526ccee4c715508cc20696ba05bd82fe97fe89c5867c630","460","16","12","MAIN_JAVA","com.tuoman.ai_task_orchestrator.document.extract","main-java/document","","STRUCTURAL_SCAN_ONLY","","DROP","","HUMAN_REVIEW_REQUIRED","STRUCTURAL_METADATA_ONLY","","","",""
"src/main/java/com/tuoman/ai_task_orchestrator/document/extract/DocumentTextExtractorRegistry.java","e793c4987da50308956e535bd437abfa7f109c55","5069d42886deb1db1cf1598e8bfa528426a25bbe5703bc1013444b329e7600a3","2765","74","65","MAIN_JAVA","com.tuoman.ai_task_orchestrator.document.extract","main-java/document","","STRUCTURAL_SCAN_ONLY","","DROP","","HUMAN_REVIEW_REQUIRED","STRUCTURAL_METADATA_ONLY","","","",""
"src/main/java/com/tuoman/ai_task_orchestrator/document/extract/InMemoryMultipartFile.java","ebbd1df4054bbdbc2815d741438668d5309c9d7e","b90c76d688e9824c9eb02250098c13ce1fc4fd004d8ff2b98ab3dd3f7f050d8d","1509","63","50","MAIN_JAVA","com.tuoman.ai_task_orchestrator.document.extract","main-java/document","","STRUCTURAL_SCAN_ONLY","","DROP","","HUMAN_REVIEW_REQUIRED","STRUCTURAL_METADATA_ONLY","","","",""
"src/main/java/com/tuoman/ai_task_orchestrator/document/extract/MarkdownTextExtractor.java","83ef6790e865f2109fd9682e453d5758d40c3258","d57caeb3f4f78e3635839b8f7b843e2c780bfe84bafa206d58a4454cec2872d9","855","30","24","MAIN_JAVA","com.tuoman.ai_task_orchestrator.document.extract","main-java/document","","STRUCTURAL_SCAN_ONLY","","DROP","","HUMAN_REVIEW_REQUIRED","STRUCTURAL_METADATA_ONLY","","","",""
"src/main/java/com/tuoman/ai_task_orchestrator/document/extract/PdfTextExtractor.java","a7579c7f3385796fee98b207724adbe2a2bad0f2","833a224057e291e9b594292b7095d2cf778ac7ad4fbabcb4c4373dad4f4a6111","1836","49","43","MAIN_JAVA","com.tuoman.ai_task_orchestrator.document.extract","main-java/document","","STRUCTURAL_SCAN_ONLY","","DROP","","HUMAN_REVIEW_REQUIRED","STRUCTURAL_METADATA_ONLY","","","",""
"src/main/java/com/tuoman/ai_task_orchestrator/document/extract/TxtTextExtractor.java","57ebc83f65f778cadc8347a2e90bd7e1972db2ed","5558723f1a484aa03806397819d42935111d49201e13991edf264517469f063c","897","30","25","MAIN_JAVA","com.tuoman.ai_task_orchestrator.document.extract","main-java/document","","STRUCTURAL_SCAN_ONLY","","DROP","","HUMAN_REVIEW_REQUIRED","STRUCTURAL_METADATA_ONLY","","","",""
"src/main/java/com/tuoman/ai_task_orchestrator/document/ingestion/DocumentFileValidator.java","000b32cbe9cd426801a5407cdf1d2b8788719156","e8ab4c2498489bd010658fcbdf4758054df89e40a1529464a85e9548ee99e603","1175","31","24","MAIN_JAVA","com.tuoman.ai_task_orchestrator.document.ingestion","main-java/document","","STRUCTURAL_SCAN_ONLY","","DROP","","HUMAN_REVIEW_REQUIRED","STRUCTURAL_METADATA_ONLY","","","",""
"src/main/java/com/tuoman/ai_task_orchestrator/document/ingestion/DocumentIngestionEventRecorder.java","02f66bb34b5d481a2c93a87ef74bb6c410bd00c3","4ac0e9f5c33b457ae9e1601ac74caefc9dcceb5315053efb430956f29580a545","20324","564","525","MAIN_JAVA","com.tuoman.ai_task_orchestrator.document.ingestion","main-java/document","","STRUCTURAL_SCAN_ONLY","","DROP","","HUMAN_REVIEW_REQUIRED","STRUCTURAL_METADATA_ONLY","","","",""
"src/main/java/com/tuoman/ai_task_orchestrator/document/ingestion/DocumentIngestionProperties.java","edd7fbc87104335aaaf92c7be8c9325dec4c40e1","94e90e12c9bbe4aee76807ccbafc96a4ae607a9337fac1d77767454af5cba695","492","19","14","MAIN_JAVA","com.tuoman.ai_task_orchestrator.document.ingestion","main-java/document","","STRUCTURAL_SCAN_ONLY","","DROP","","HUMAN_REVIEW_REQUIRED","STRUCTURAL_METADATA_ONLY","","","",""
"src/main/java/com/tuoman/ai_task_orchestrator/document/ingestion/FileHashService.java","22130a31594eae2b653985da8e78a92656e26db3","6f43df66cb144107262a1897decd3e7d64fa33b4b2871eb64813ee8a7954dd84","997","33","27","MAIN_JAVA","com.tuoman.ai_task_orchestrator.document.ingestion","main-java/document","","STRUCTURAL_SCAN_ONLY","","DROP","","HUMAN_REVIEW_REQUIRED","STRUCTURAL_METADATA_ONLY","","","",""
"src/main/java/com/tuoman/ai_task_orchestrator/document/ingestion/IngestionAnalyticsDisplayTexts.java","bd44cc6228fc3400780c1a921295211bf86b2304","293b6aab41a3e43144b31fe2b1a65912e1141161dfee3a49b8532ea8408a88c7","2036","52","45","MAIN_JAVA","com.tuoman.ai_task_orchestrator.document.ingestion","main-java/document","","STRUCTURAL_SCAN_ONLY","","DROP","","HUMAN_REVIEW_REQUIRED","STRUCTURAL_METADATA_ONLY","","","",""
"src/main/java/com/tuoman/ai_task_orchestrator/document/ingestion/IngestionAnalyticsWindow.java","c86fc223f2e7005f9db97c0019cb41fa2a5c9a0f","3e03de6845e869f4605e2394f02d92a59529d493fdb3ea4bc758a9b26330635b","1452","53","41","MAIN_JAVA","com.tuoman.ai_task_orchestrator.document.ingestion","main-java/document","","STRUCTURAL_SCAN_ONLY","","DROP","","HUMAN_REVIEW_REQUIRED","STRUCTURAL_METADATA_ONLY","","","",""
"src/main/java/com/tuoman/ai_task_orchestrator/document/ingestion/IngestionDisplayTexts.java","a24c16833afc8b41348b0018bd0ccc1e63714476","a0858dd01754e43dfade0574d082704e042819ffa5c13addacc6b172b87c0675","3726","92","83","MAIN_JAVA","com.tuoman.ai_task_orchestrator.document.ingestion","main-java/document","","STRUCTURAL_SCAN_ONLY","","DROP","","HUMAN_REVIEW_REQUIRED","STRUCTURAL_METADATA_ONLY","","","",""
"src/main/java/com/tuoman/ai_task_orchestrator/document/ingestion/IngestionEventDisplayTexts.java","385db234410ac63f78046d477f63b2cc82e9c55d","52fefd509422321b134e9de3d76fcd4633620111788748e9bf06d37cd50843b5","2504","48","44","MAIN_JAVA","com.tuoman.ai_task_orchestrator.document.ingestion","main-java/document","","STRUCTURAL_SCAN_ONLY","","DROP","","HUMAN_REVIEW_REQUIRED","STRUCTURAL_METADATA_ONLY","","","",""
"src/main/java/com/tuoman/ai_task_orchestrator/document/lifecycle/DocumentLifecycleDisplayTexts.java","06c66a2ec96fb07edc4adc3d48158fd6cf5ae5be","d606eb012567a623180f3919ce48e7f4311e4846dc6c151343b5592249e8e051","2832","82","71","MAIN_JAVA","com.tuoman.ai_task_orchestrator.document.lifecycle","main-java/document","","STRUCTURAL_SCAN_ONLY","","DROP","","HUMAN_REVIEW_REQUIRED","STRUCTURAL_METADATA_ONLY","","","",""
"src/main/java/com/tuoman/ai_task_orchestrator/dto/AgentProfileRequest.java","8377595da0d67c2dfa4bf83a95cb89dc38667be1","eff6e5d874c9c78cc13f2af3b221e001ff742e25fc21c4a1ee708b8b39f129cb","791","39","29","MAIN_JAVA","com.tuoman.ai_task_orchestrator.dto","main-java/dto","","STRUCTURAL_SCAN_ONLY","","DROP","","HUMAN_REVIEW_REQUIRED","STRUCTURAL_METADATA_ONLY","","","",""
"src/main/java/com/tuoman/ai_task_orchestrator/dto/AgentProfileResponse.java","b44747e123f13a69ce2548fba3fad744f4fa5e1f","9e68666ca5e6a9c6a852b67e41647fbd82edba3e5af8dbf59c38910cf85e5ce4","673","26","22","MAIN_JAVA","com.tuoman.ai_task_orchestrator.dto","main-java/dto","","STRUCTURAL_SCAN_ONLY","","DROP","","HUMAN_REVIEW_REQUIRED","STRUCTURAL_METADATA_ONLY","","","",""
"src/main/java/com/tuoman/ai_task_orchestrator/dto/AgentTaskCitationResponse.java","a41d239b5c67af88967d3f47ab37d4ec4ae6db77","9c92cb8b8eb8b45db9fac2049600b529749637cfac64bbd78d2a56ee13a98608","395","23","14","MAIN_JAVA","com.tuoman.ai_task_orchestrator.dto","main-java/dto","","STRUCTURAL_SCAN_ONLY","","DROP","","HUMAN_REVIEW_REQUIRED","STRUCTURAL_METADATA_ONLY","","","",""
"src/main/java/com/tuoman/ai_task_orchestrator/dto/AgentTaskDetailResponse.java","b774f96989da8579acb2adf028b4c05c7b1b3e78","3f12d0a99e7a15b10f02201d7a5750beee9fd786ac5ecad143b6b39380d2f102","1027","56","31","MAIN_JAVA","com.tuoman.ai_task_orchestrator.dto","main-java/dto","","STRUCTURAL_SCAN_ONLY","","DROP","","HUMAN_REVIEW_REQUIRED","STRUCTURAL_METADATA_ONLY","","","",""
"src/main/java/com/tuoman/ai_task_orchestrator/dto/AgentTaskEventResponse.java","783f72a978e5b8a0899144f7bd2f4ed744c07714","fb635eed5258bc61c460e1350b23005a4ebe0eb5ed5a18dc3d17237007e0ba17","616","37","21","MAIN_JAVA","com.tuoman.ai_task_orchestrator.dto","main-java/dto","","STRUCTURAL_SCAN_ONLY","","DROP","","HUMAN_REVIEW_REQUIRED","STRUCTURAL_METADATA_ONLY","","","",""
"src/main/java/com/tuoman/ai_task_orchestrator/dto/AgentTaskModelMetadataResponse.java","a84a1fb860f1f653b3bb1afdf51cf1d052ac24e8","86f0b8c1ee7ab63b2976b35ad4af2c5a811f4dfcf08059d9925daf7832c9e31a","459","25","15","MAIN_JAVA","com.tuoman.ai_task_orchestrator.dto","main-java/dto","","STRUCTURAL_SCAN_ONLY","","DROP","","HUMAN_REVIEW_REQUIRED","STRUCTURAL_METADATA_ONLY","","","",""
"src/main/java/com/tuoman/ai_task_orchestrator/dto/AgentTaskStepResponse.java","9a699d244b974652a87b76fee9cd8640fc9e62f4","c2b5a4d47b3d17ac488e2a6e274acb132f60a758c53b88ca923aed276e6a49f2","750","44","25","MAIN_JAVA","com.tuoman.ai_task_orchestrator.dto","main-java/dto","","STRUCTURAL_SCAN_ONLY","","DROP","","HUMAN_REVIEW_REQUIRED","STRUCTURAL_METADATA_ONLY","","","",""
"src/main/java/com/tuoman/ai_task_orchestrator/dto/AgentTaskSummaryResponse.java","e1dd446801ccfd596a7a5fae9250713a98fbee54","0c3a1e3b027a6d056aaaefad64b481ec6b60880ec68605a6f69e44eb7d19d81a","504","29","17","MAIN_JAVA","com.tuoman.ai_task_orchestrator.dto","main-java/dto","","STRUCTURAL_SCAN_ONLY","","DROP","","HUMAN_REVIEW_REQUIRED","STRUCTURAL_METADATA_ONLY","","","",""
"src/main/java/com/tuoman/ai_task_orchestrator/dto/AgentToolResponse.java","b1327d84ba5a021eedc1b7e15b4ebc0e3c4c73df","13b3bc98f8b4df6b93c79e605b0d1fa652af6ec34147dda7c665f9dbbb98bff0","408","23","14","MAIN_JAVA","com.tuoman.ai_task_orchestrator.dto","main-java/dto","","STRUCTURAL_SCAN_ONLY","","DROP","","HUMAN_REVIEW_REQUIRED","STRUCTURAL_METADATA_ONLY","","","",""
"src/main/java/com/tuoman/ai_task_orchestrator/dto/BatchIngestionConfigResponse.java","84c948c3780c158f7dabcea42bf453f56473de41","d1197b2212beb4100bcdeae75b936f59b3060b270a557fab9780af80d38e588d","388","21","13","MAIN_JAVA","com.tuoman.ai_task_orchestrator.dto","main-java/dto","","STRUCTURAL_SCAN_ONLY","","DROP","","HUMAN_REVIEW_REQUIRED","STRUCTURAL_METADATA_ONLY","","","",""
"src/main/java/com/tuoman/ai_task_orchestrator/dto/BatchUploadResponse.java","6f94248bfea3aab18ebd8f91e7c6ae18c05ade7e","84d35895a833cc4b0143ec31b09c7e4d85475d506974ce9c5354914d0cf636d3","410","25","15","MAIN_JAVA","com.tuoman.ai_task_orchestrator.dto","main-java/dto","","STRUCTURAL_SCAN_ONLY","","DROP","","HUMAN_REVIEW_REQUIRED","STRUCTURAL_METADATA_ONLY","","","",""
"src/main/java/com/tuoman/ai_task_orchestrator/dto/CacheClearResponse.java","55b01cc7390a7137a19735a6f5395895a2ce8c48","7a7f7748412bafb28a2d2deec7fdf736df745f36213305f9c066547185538c53","289","17","11","MAIN_JAVA","com.tuoman.ai_task_orchestrator.dto","main-java/dto","","STRUCTURAL_SCAN_ONLY","","DROP","","HUMAN_REVIEW_REQUIRED","STRUCTURAL_METADATA_ONLY","","","",""
"src/main/java/com/tuoman/ai_task_orchestrator/dto/CollectionAssignmentResponse.java","dcbda23cd760947ebe165efe80e78682ef289366","d3ba746f421b08fbe711d09f6c9ffea7b43c2202d3dd8c28c55aeffbc479a787","268","15","10","MAIN_JAVA","com.tuoman.ai_task_orchestrator.dto","main-java/dto","","STRUCTURAL_SCAN_ONLY","","DROP","","HUMAN_REVIEW_REQUIRED","STRUCTURAL_METADATA_ONLY","","","",""
"src/main/java/com/tuoman/ai_task_orchestrator/dto/CollectionDetailResponse.java","c93c3d326d17e3675c2bf8460b91d69002e60f2d","4bdf94773aa37670d1736a166070a62ea6f2fd103c3577d64bc3253081cafede","535","28","17","MAIN_JAVA","com.tuoman.ai_task_orchestrator.dto","main-java/dto","","STRUCTURAL_SCAN_ONLY","","DROP","","HUMAN_REVIEW_REQUIRED","STRUCTURAL_METADATA_ONLY","","","",""
"src/main/java/com/tuoman/ai_task_orchestrator/dto/CollectionDocumentItemResponse.java","c0c484c566d6d54d215cab9172f9af982eae09c0","22bc8ad8e1232a75940957c9fca5a275e06cbc95b381559dfb6725846d27b91b","409","23","14","MAIN_JAVA","com.tuoman.ai_task_orchestrator.dto","main-java/dto","","STRUCTURAL_SCAN_ONLY","","DROP","","HUMAN_REVIEW_REQUIRED","STRUCTURAL_METADATA_ONLY","","","",""
"src/main/java/com/tuoman/ai_task_orchestrator/dto/CollectionMembershipResponse.java","cd302dc2c0012fefdbce31b37b6bc3cd02122f5b","da5482805cb68180a81e83918ba8a1bfd47344356a090cf636755e86471152a9","235","13","9","MAIN_JAVA","com.tuoman.ai_task_orchestrator.dto","main-java/dto","","STRUCTURAL_SCAN_ONLY","","DROP","","HUMAN_REVIEW_REQUIRED","STRUCTURAL_METADATA_ONLY","","","",""
"src/main/java/com/tuoman/ai_task_orchestrator/dto/CollectionSummaryResponse.java","965dafbd75586ffc9d9dd7f222bb02477c8dd45f","8658b445a868f934c435f85129354fcaf4e03ec5b556594082360f3dd544735f","452","25","15","MAIN_JAVA","com.tuoman.ai_task_orchestrator.dto","main-java/dto","","STRUCTURAL_SCAN_ONLY","","DROP","","HUMAN_REVIEW_REQUIRED","STRUCTURAL_METADATA_ONLY","","","",""
"src/main/java/com/tuoman/ai_task_orchestrator/dto/CreateAgentTaskRequest.java","e2c4986ce9bdd9df8a214cb754f63024977c987a","dbd1ebeb1ccb6609bcc3f474a7129e5510298d9e2b7b52d13b23b2f55e02470f","615","23","17","MAIN_JAVA","com.tuoman.ai_task_orchestrator.dto","main-java/dto","","STRUCTURAL_SCAN_ONLY","","DROP","","HUMAN_REVIEW_REQUIRED","STRUCTURAL_METADATA_ONLY","","","",""
"src/main/java/com/tuoman/ai_task_orchestrator/dto/CreateAgentTaskResponse.java","3f45f7093adc91e915c91698fdb738ac4ea43e0b","2018a89da0c29c808dd2bf0d434af7b74d4d15e1f42d50226432edd2f25a75ff","297","17","11","MAIN_JAVA","com.tuoman.ai_task_orchestrator.dto","main-java/dto","","STRUCTURAL_SCAN_ONLY","","DROP","","HUMAN_REVIEW_REQUIRED","STRUCTURAL_METADATA_ONLY","","","",""
"src/main/java/com/tuoman/ai_task_orchestrator/dto/CreateCollectionRequest.java","6dc0fc359dcb256dc4f8a3761392cc79108511b1","0f8d4eb34885844bde36a645f8ad9da40f36f6b0f603d143d348ba088fb31541","499","18","14","MAIN_JAVA","com.tuoman.ai_task_orchestrator.dto","main-java/dto","","STRUCTURAL_SCAN_ONLY","","DROP","","HUMAN_REVIEW_REQUIRED","STRUCTURAL_METADATA_ONLY","","","",""
"src/main/java/com/tuoman/ai_task_orchestrator/dto/CreateTaskRequest.java","8bbe151e9ff24bcf42ed18c7e5612c8088028654","9ebbb8fbd3ce413bc7ba5e0471208a48445a9e34c3efa69003fb0229107c5aa1","292","16","11","MAIN_JAVA","com.tuoman.ai_task_orchestrator.dto","main-java/dto","","STRUCTURAL_SCAN_ONLY","","DROP","","HUMAN_REVIEW_REQUIRED","STRUCTURAL_METADATA_ONLY","","","",""
"src/main/java/com/tuoman/ai_task_orchestrator/dto/CreateTaskResponse.java","47f0027a317a61e30c57874bf761ebd2d46472c1","26c9fba8b8665286d7466d7e035b6d1a21d6983cdcb757356fe54e567fe0650c","282","15","10","MAIN_JAVA","com.tuoman.ai_task_orchestrator.dto","main-java/dto","","STRUCTURAL_SCAN_ONLY","","DROP","","HUMAN_REVIEW_REQUIRED","STRUCTURAL_METADATA_ONLY","","","",""
"src/main/java/com/tuoman/ai_task_orchestrator/dto/DevTaskDispatchResponse.java","001cd9088b2147271e89eccc0efbfe1f6c83bc75","424515847e171f3c0f873f30f7db0a42f3fa1aa6448123f8941aeca755236657","260","15","10","MAIN_JAVA","com.tuoman.ai_task_orchestrator.dto","main-java/dto","","STRUCTURAL_SCAN_ONLY","","DROP","","HUMAN_REVIEW_REQUIRED","STRUCTURAL_METADATA_ONLY","","","",""
"src/main/java/com/tuoman/ai_task_orchestrator/dto/DocumentChunkResponse.java","351bdc70e37bfa3bd0ac0902cf7a444b0e90deca","9835b01fef399e7c849fc2a2b75e6013bc4cac1b4ecdee548d9ebe5b2528af33","525","31","18","MAIN_JAVA","com.tuoman.ai_task_orchestrator.dto","main-java/dto","","STRUCTURAL_SCAN_ONLY","","DROP","","HUMAN_REVIEW_REQUIRED","STRUCTURAL_METADATA_ONLY","","","",""
"src/main/java/com/tuoman/ai_task_orchestrator/dto/DocumentDeleteResponse.java","94079b6e59b437bb80ed6318aea5f097ebb1677e","4c4ce8f1655ed7856c680caa6e60d4be336ef974644836707c6479e11119fa9d","364","21","13","MAIN_JAVA","com.tuoman.ai_task_orchestrator.dto","main-java/dto","","STRUCTURAL_SCAN_ONLY","","DROP","","HUMAN_REVIEW_REQUIRED","STRUCTURAL_METADATA_ONLY","","","",""
"src/main/java/com/tuoman/ai_task_orchestrator/dto/DocumentDetailResponse.java","06e9f0c2ae7f7e730b9a548cb9018bb938789b89","61ae3163704bde8c46a20a0a83a613585fc6ccbf0b076204915fbb1dd4e9e827","496","29","17","MAIN_JAVA","com.tuoman.ai_task_orchestrator.dto","main-java/dto","","STRUCTURAL_SCAN_ONLY","","DROP","","HUMAN_REVIEW_REQUIRED","STRUCTURAL_METADATA_ONLY","","","",""
"src/main/java/com/tuoman/ai_task_orchestrator/dto/DocumentEmbeddingResponse.java","3a554adbee7162c4721bcdb04210bd9315abce2d","8ed7e98ba2e03f9402148537cc47aa67ce76ea99d16bf2a4c9b1b48f3455e158","394","21","13","MAIN_JAVA","com.tuoman.ai_task_orchestrator.dto","main-java/dto","","STRUCTURAL_SCAN_ONLY","","DROP","","HUMAN_REVIEW_REQUIRED","STRUCTURAL_METADATA_ONLY","","","",""
"src/main/java/com/tuoman/ai_task_orchestrator/dto/DocumentIngestionEventResponse.java","80222ee2d81850d24486fccb7d325a213090f0b0","682eed3f337f514e3a945b1925b1ca700cdd6a9df00de1fbdc5653beefd1ab78","654","38","22","MAIN_JAVA","com.tuoman.ai_task_orchestrator.dto","main-java/dto","","STRUCTURAL_SCAN_ONLY","","DROP","","HUMAN_REVIEW_REQUIRED","STRUCTURAL_METADATA_ONLY","","","",""
"src/main/java/com/tuoman/ai_task_orchestrator/dto/DocumentIngestionEventTimelineResponse.java","83d8b21273dd06dfbb9a56351edef76a20e22b33","204c09e1ea57f16ed65e5804d5add57cda17ffc1decabd9069de7ec5378705a6","295","15","10","MAIN_JAVA","com.tuoman.ai_task_orchestrator.dto","main-java/dto","","STRUCTURAL_SCAN_ONLY","","DROP","","HUMAN_REVIEW_REQUIRED","STRUCTURAL_METADATA_ONLY","","","",""
"src/main/java/com/tuoman/ai_task_orchestrator/dto/DocumentIngestionResponse.java","4c1a73eafcb7cd3791f8b77969bb54ca1eb4106b","48448654c3e015069099b87c8c11db34488b40a59373fe550439d898eec6a16e","368","21","13","MAIN_JAVA","com.tuoman.ai_task_orchestrator.dto","main-java/dto","","STRUCTURAL_SCAN_ONLY","","DROP","","HUMAN_REVIEW_REQUIRED","STRUCTURAL_METADATA_ONLY","","","",""
"src/main/java/com/tuoman/ai_task_orchestrator/dto/DocumentIngestionSubmitResponse.java","90b58b0b0e0230879c8ae77e0b3b66fa40b7dbfe","6957d5b6e0bb2070321020ed2436bab2734d474ceceee41a9240d52930f46e11","365","21","13","MAIN_JAVA","com.tuoman.ai_task_orchestrator.dto","main-java/dto","","STRUCTURAL_SCAN_ONLY","","DROP","","HUMAN_REVIEW_REQUIRED","STRUCTURAL_METADATA_ONLY","","","",""
"src/main/java/com/tuoman/ai_task_orchestrator/dto/DocumentIngestionTaskResponse.java","7a4775c01f151391f2229a2b8fccc104aff72a96","05549b22f768c00c3acf573410e35414834e307dc26742a18b8f9b5c18156f62","1190","67","36","MAIN_JAVA","com.tuoman.ai_task_orchestrator.dto","main-java/dto","","STRUCTURAL_SCAN_ONLY","","DROP","","HUMAN_REVIEW_REQUIRED","STRUCTURAL_METADATA_ONLY","","","",""
"src/main/java/com/tuoman/ai_task_orchestrator/dto/DocumentPurgeResponse.java","3be867ea21ba1bcaba6fd773562b77f54551b81a","0de78a8a3ede835fc6850425e95e23d24d705615799803db96509108d1b4ced4","428","24","15","MAIN_JAVA","com.tuoman.ai_task_orchestrator.dto","main-java/dto","","STRUCTURAL_SCAN_ONLY","","DROP","","HUMAN_REVIEW_REQUIRED","STRUCTURAL_METADATA_ONLY","","","",""
"src/main/java/com/tuoman/ai_task_orchestrator/dto/DocumentReindexSubmitResponse.java","ff1194ab36d183b5d5f8a5f4bb423abfdb5dc59b","f3c5d8699921f3056b3aa7745c1fc18eae35743542eff7f1505e2eb654f22736","363","21","13","MAIN_JAVA","com.tuoman.ai_task_orchestrator.dto","main-java/dto","","STRUCTURAL_SCAN_ONLY","","DROP","","HUMAN_REVIEW_REQUIRED","STRUCTURAL_METADATA_ONLY","","","",""
"src/main/java/com/tuoman/ai_task_orchestrator/dto/DocumentRestoreResponse.java","5073be6ca0c8e2430619b653136593ba3c3c8ef7","550481e296bc7e63c1e4222bc64c10298c135c4ffcf13af42a3f086ab768b940","389","22","14","MAIN_JAVA","com.tuoman.ai_task_orchestrator.dto","main-java/dto","","STRUCTURAL_SCAN_ONLY","","DROP","","HUMAN_REVIEW_REQUIRED","STRUCTURAL_METADATA_ONLY","","","",""
"src/main/java/com/tuoman/ai_task_orchestrator/dto/DocumentSearchRequest.java","ad41c9f2c1f52da004c43123332a877aa1052e90","c996badb533c7e4efa612473eebd465cf725ba5ed86d5d521b0fc272d0b1220d","305","19","12","MAIN_JAVA","com.tuoman.ai_task_orchestrator.dto","main-java/dto","","STRUCTURAL_SCAN_ONLY","","DROP","","HUMAN_REVIEW_REQUIRED","STRUCTURAL_METADATA_ONLY","","","",""
"src/main/java/com/tuoman/ai_task_orchestrator/dto/DocumentSearchResultResponse.java","0f2c8007b9c54f02419af9e674becf30fa5600cd","4040d6e2341c763b239e3d03f529d9c898e932f4168e56c75dd56e27f3d85a0f","604","35","20","MAIN_JAVA","com.tuoman.ai_task_orchestrator.dto","main-java/dto","","STRUCTURAL_SCAN_ONLY","","DROP","","HUMAN_REVIEW_REQUIRED","STRUCTURAL_METADATA_ONLY","","","",""
"src/main/java/com/tuoman/ai_task_orchestrator/dto/DocumentSummaryResponse.java","71a004223b78bedd0f5e0e3d957bb4b34bb59d50","f9f04760ae379bc376e21e303755664a9c8ff16b61abff75025068b594b585fe","1102","58","32","MAIN_JAVA","com.tuoman.ai_task_orchestrator.dto","main-java/dto","","STRUCTURAL_SCAN_ONLY","","DROP","","HUMAN_REVIEW_REQUIRED","STRUCTURAL_METADATA_ONLY","","","",""
"src/main/java/com/tuoman/ai_task_orchestrator/dto/DocumentTrashItemResponse.java","4edb1aae122590fe218cc0e79851fcab93bf0a92","82213ce66118897374ef58b9184cf68ad8e0b69a0f933cbd8e241fe2cf7815d7","655","36","21","MAIN_JAVA","com.tuoman.ai_task_orchestrator.dto","main-java/dto","","STRUCTURAL_SCAN_ONLY","","DROP","","HUMAN_REVIEW_REQUIRED","STRUCTURAL_METADATA_ONLY","","","",""
"src/main/java/com/tuoman/ai_task_orchestrator/dto/DocumentUploadResponse.java","32ddb58b8de5932610b8b80ba5df335f837bbdf1","34bf7e560a9977f331c1639ca9272119362695c23633e5399d522b460971c76c","300","17","11","MAIN_JAVA","com.tuoman.ai_task_orchestrator.dto","main-java/dto","","STRUCTURAL_SCAN_ONLY","","DROP","","HUMAN_REVIEW_REQUIRED","STRUCTURAL_METADATA_ONLY","","","",""
"src/main/java/com/tuoman/ai_task_orchestrator/dto/EmbeddingCacheMetricItemResponse.java","9a488cdf331ee8fb02d7515921545d4147bc0b3c","175090683e18435535b67b2815a6e08611ed9e569d2b500cc4db4f3832ddfa6d","498","29","17","MAIN_JAVA","com.tuoman.ai_task_orchestrator.dto","main-java/dto","","STRUCTURAL_SCAN_ONLY","","DROP","","HUMAN_REVIEW_REQUIRED","STRUCTURAL_METADATA_ONLY","","","",""
"src/main/java/com/tuoman/ai_task_orchestrator/dto/EmbeddingCacheMetricsResponse.java","c861bed083e94b9f33cef2ba0e1e3d702877945e","a434af0dcf8d33230eaabd3f0654809dfd2238bbc674b88dcd03ebacf6a01031","261","13","9","MAIN_JAVA","com.tuoman.ai_task_orchestrator.dto","main-java/dto","","STRUCTURAL_SCAN_ONLY","","DROP","","HUMAN_REVIEW_REQUIRED","STRUCTURAL_METADATA_ONLY","","","",""
"src/main/java/com/tuoman/ai_task_orchestrator/dto/IngestionAnalyticsResponse.java","2a7bbb6a053733c7640c40d84e293d1f01cf417f","b2dfc72427ed377a1ce3ba4e74aad2311c4eb6153aa5298b4dd3702afb198b18","804","39","22","MAIN_JAVA","com.tuoman.ai_task_orchestrator.dto","main-java/dto","","STRUCTURAL_SCAN_ONLY","","DROP","","HUMAN_REVIEW_REQUIRED","STRUCTURAL_METADATA_ONLY","","","",""
"src/main/java/com/tuoman/ai_task_orchestrator/dto/IngestionFailureReasonResponse.java","ace333a0d91fa896b189c7bba08f6728223f1a6d","9049b531befaea41d31626f7dafb0ee24c047f5ae0062511d5f153a6081539a1","274","15","10","MAIN_JAVA","com.tuoman.ai_task_orchestrator.dto","main-java/dto","","STRUCTURAL_SCAN_ONLY","","DROP","","HUMAN_REVIEW_REQUIRED","STRUCTURAL_METADATA_ONLY","","","",""
"src/main/java/com/tuoman/ai_task_orchestrator/dto/IngestionRecentFailureResponse.java","af91249fa2c5fa31e0a218b96d76c42872623cd1","bb1730eb126feb2d59e560c759b385a05200b278cfd42963e21d260edfa654c7","469","27","16","MAIN_JAVA","com.tuoman.ai_task_orchestrator.dto","main-java/dto","","STRUCTURAL_SCAN_ONLY","","DROP","","HUMAN_REVIEW_REQUIRED","STRUCTURAL_METADATA_ONLY","","","",""
"src/main/java/com/tuoman/ai_task_orchestrator/dto/IngestionSlowTaskResponse.java","fe05672049d3901533277a574e607e4fe9343647","d8f8f4224be14a802b52f108d72068f3569b238f1200d23629792d7dc3ab5240","486","27","16","MAIN_JAVA","com.tuoman.ai_task_orchestrator.dto","main-java/dto","","STRUCTURAL_SCAN_ONLY","","DROP","","HUMAN_REVIEW_REQUIRED","STRUCTURAL_METADATA_ONLY","","","",""
"src/main/java/com/tuoman/ai_task_orchestrator/dto/IngestionStageDurationResponse.java","0c79bd7d28e718fdaffeba5c4c5424112ea7623b","d3cfbbade254df0e531367397b341b44e6e82ed8a9ea6a6e8942c35af642011f","310","17","11","MAIN_JAVA","com.tuoman.ai_task_orchestrator.dto","main-java/dto","","STRUCTURAL_SCAN_ONLY","","DROP","","HUMAN_REVIEW_REQUIRED","STRUCTURAL_METADATA_ONLY","","","",""
"src/main/java/com/tuoman/ai_task_orchestrator/dto/MemoryRequest.java","7e71aae24ac686298636f7fcffa1c166971a8406","0688a1dd4aee6bac81d657b334c1c0f2376ed45de25deb2aa5c38e8257fcd010","1664","70","51","MAIN_JAVA","com.tuoman.ai_task_orchestrator.dto","main-java/dto","","STRUCTURAL_SCAN_ONLY","","DROP","","HUMAN_REVIEW_REQUIRED","STRUCTURAL_METADATA_ONLY","","","",""
"src/main/java/com/tuoman/ai_task_orchestrator/dto/MemoryResponse.java","d25285f425d03d3417c5b8d5aa06ea3e64a88810","ae9701b50d00b6194872e9722c40ca6d944b15ac3925853aade49212233ca283","1191","39","35","MAIN_JAVA","com.tuoman.ai_task_orchestrator.dto","main-java/dto","","STRUCTURAL_SCAN_ONLY","","DROP","","HUMAN_REVIEW_REQUIRED","STRUCTURAL_METADATA_ONLY","","","",""
"src/main/java/com/tuoman/ai_task_orchestrator/dto/ModelProviderConfigRequest.java","bdf54caab5ccdec32b2d7122b82ca471cb8b4e93","c022e21df2f407643bc9323a8c7186d0a192510245a4f58b5a81f86c251d591f","946","42","31","MAIN_JAVA","com.tuoman.ai_task_orchestrator.dto","main-java/dto","","STRUCTURAL_SCAN_ONLY","","DROP","","HUMAN_REVIEW_REQUIRED","STRUCTURAL_METADATA_ONLY","","","",""
"src/main/java/com/tuoman/ai_task_orchestrator/dto/ModelProviderConfigResponse.java","687c59b55f30c566ab1e1841df79575a5d82be0d","17601aa41dc692034bceeb34c14e571a4b4d20418805fe5a872f81661de6a2a9","992","47","27","MAIN_JAVA","com.tuoman.ai_task_orchestrator.dto","main-java/dto","","STRUCTURAL_SCAN_ONLY","","DROP","","HUMAN_REVIEW_REQUIRED","STRUCTURAL_METADATA_ONLY","","","",""
"src/main/java/com/tuoman/ai_task_orchestrator/dto/ModelProviderCurrentStatusResponse.java","71beca9398aeea7971eeb2db2fdd494816f57513","17725b6ba4e70ff536262942843f10937bfc2e1a83aecc0b22c3999d9c0f06dd","644","31","18","MAIN_JAVA","com.tuoman.ai_task_orchestrator.dto","main-java/dto","","STRUCTURAL_SCAN_ONLY","","DROP","","HUMAN_REVIEW_REQUIRED","STRUCTURAL_METADATA_ONLY","","","",""
"src/main/java/com/tuoman/ai_task_orchestrator/dto/ModelProviderPresetResponse.java","1c5d9505c7971b1df5ed42fde989a6bc13d8b91a","d810f7fff55aef0418f25e6eb3fe2d065e2e0824c4e3cf0caa75b5654d3d0662","539","26","16","MAIN_JAVA","com.tuoman.ai_task_orchestrator.dto","main-java/dto","","STRUCTURAL_SCAN_ONLY","","DROP","","HUMAN_REVIEW_REQUIRED","STRUCTURAL_METADATA_ONLY","","","",""
"src/main/java/com/tuoman/ai_task_orchestrator/dto/ModelProviderTestResultResponse.java","af463d3c86b91edf33ec2be142f451be8a55d61c","42dc70dff45b3324da8ceb99f20334198ea8310e2cb42bca516448802639798a","548","23","15","MAIN_JAVA","com.tuoman.ai_task_orchestrator.dto","main-java/dto","","STRUCTURAL_SCAN_ONLY","","DROP","","HUMAN_REVIEW_REQUIRED","STRUCTURAL_METADATA_ONLY","","","",""
"src/main/java/com/tuoman/ai_task_orchestrator/dto/NotificationResponse.java","0b4194c07088b2ced07003e5c55a9ed01b64f69b","d7c60e031e18231e6863e1865ece5244a437389f4ac3c82cd2fc551db0d04436","498","31","18","MAIN_JAVA","com.tuoman.ai_task_orchestrator.dto","main-java/dto","","STRUCTURAL_SCAN_ONLY","","DROP","","HUMAN_REVIEW_REQUIRED","STRUCTURAL_METADATA_ONLY","","","",""
"src/main/java/com/tuoman/ai_task_orchestrator/dto/RagAnswerRequest.java","ac7dffb596ecb164c1aa4abaddb0710c8f324959","02ff991f30c62fbcfa9865d1aff17d477a5abb6283dbd2cb8654b80255a09e60","1115","41","28","MAIN_JAVA","com.tuoman.ai_task_orchestrator.dto","main-java/dto","","STRUCTURAL_SCAN_ONLY","","DROP","","HUMAN_REVIEW_REQUIRED","STRUCTURAL_METADATA_ONLY","","","",""
"src/main/java/com/tuoman/ai_task_orchestrator/dto/RagAnswerResponse.java","c1d471c2da94c6ad04da82c92b81c1a3f3b2af0f","fef2c91c941d6a5f041f6950ed53b3b2c53bff62a06d6f2aef910447daf78967","3122","92","74","MAIN_JAVA","com.tuoman.ai_task_orchestrator.dto","main-java/dto","","STRUCTURAL_SCAN_ONLY","","DROP","","HUMAN_REVIEW_REQUIRED","STRUCTURAL_METADATA_ONLY","","","",""
"src/main/java/com/tuoman/ai_task_orchestrator/dto/RagCitationResponse.java","e4e3a62e61a06415d59c18bef04d45fa7d39da58","17e3aa97f19de9f76f7afef37067b15b12c1f8c2fac61dcd2ddfdf9a314b9b56","5144","208","181","MAIN_JAVA","com.tuoman.ai_task_orchestrator.dto","main-java/dto","","STRUCTURAL_SCAN_ONLY","","DROP","","HUMAN_REVIEW_REQUIRED","STRUCTURAL_METADATA_ONLY","","","",""
"src/main/java/com/tuoman/ai_task_orchestrator/dto/RagGenerationMetadataResponse.java","0186404a1149ec9d19a74b5f18ba99c85eee4af5","8e9039caa7119ac08234c456b983e3501fe5a6c9098e1cf4831b10d42c8afa82","867","40","28","MAIN_JAVA","com.tuoman.ai_task_orchestrator.dto","main-java/dto","","STRUCTURAL_SCAN_ONLY","","DROP","","HUMAN_REVIEW_REQUIRED","STRUCTURAL_METADATA_ONLY","","","",""
"src/main/java/com/tuoman/ai_task_orchestrator/dto/RagQualityDiagnosisResponse.java","21e4e19c23bc5c421e7956b6cc8174b74f28a71b","e6337e16eca2a0a969a6902c30405d25c390982f9d2b79757ef8d08b59432b39","437","19","13","MAIN_JAVA","com.tuoman.ai_task_orchestrator.dto","main-java/dto","","STRUCTURAL_SCAN_ONLY","","DROP","","HUMAN_REVIEW_REQUIRED","STRUCTURAL_METADATA_ONLY","","","",""
"src/main/java/com/tuoman/ai_task_orchestrator/dto/RagQualityIssueResponse.java","37f295e4e4c3fb004350a55eb5fb860d0e19f0d5","214ebf61766c572ab8850dc1a2d7ac91b745873914557919acf1fa8d47cb1dc2","498","26","17","MAIN_JAVA","com.tuoman.ai_task_orchestrator.dto","main-java/dto","","STRUCTURAL_SCAN_ONLY","","DROP","","HUMAN_REVIEW_REQUIRED","STRUCTURAL_METADATA_ONLY","","","",""
"src/main/java/com/tuoman/ai_task_orchestrator/dto/RagQualityScoreResponse.java","dbb8bac1fc6d8655561d14bafc8415dd9b7a639b","bb84ed340e13aca77c9ea907f5c003294bb58489804c6141146bd9266f6eeff5","922","41","25","MAIN_JAVA","com.tuoman.ai_task_orchestrator.dto","main-java/dto","","STRUCTURAL_SCAN_ONLY","","DROP","","HUMAN_REVIEW_REQUIRED","STRUCTURAL_METADATA_ONLY","","","",""
"src/main/java/com/tuoman/ai_task_orchestrator/dto/RagQualitySuggestionResponse.java","a0dc7a99852f9e291923f79dbe70228207b04deb","c8086fce6cf212539fefd7932e4e89e0c850d49a4f99ac0d8a9b670fa9830e2c","391","19","13","MAIN_JAVA","com.tuoman.ai_task_orchestrator.dto","main-java/dto","","STRUCTURAL_SCAN_ONLY","","DROP","","HUMAN_REVIEW_REQUIRED","STRUCTURAL_METADATA_ONLY","","","",""
"src/main/java/com/tuoman/ai_task_orchestrator/dto/RagRetrievalMetadataResponse.java","0dda8d65fc7384492087391e0d1bece7aeb1711e","a176485549a827a018ecc42bc6abdfca29e516c2d9caed0fc76503d9d07d36f6","3938","166","134","MAIN_JAVA","com.tuoman.ai_task_orchestrator.dto","main-java/dto","","STRUCTURAL_SCAN_ONLY","","DROP","","HUMAN_REVIEW_REQUIRED","STRUCTURAL_METADATA_ONLY","","","",""
"src/main/java/com/tuoman/ai_task_orchestrator/dto/RetrievalBulkReindexRequest.java","d277ad8f9721c0b9395d500f805e057991b92bf9","968e42ae78d7e292923889ad822fe8d6da24ae782f6d5037e8ed423118a0a50b","383","21","13","MAIN_JAVA","com.tuoman.ai_task_orchestrator.dto","main-java/dto","","STRUCTURAL_SCAN_ONLY","","DROP","","HUMAN_REVIEW_REQUIRED","STRUCTURAL_METADATA_ONLY","","","",""
"src/main/java/com/tuoman/ai_task_orchestrator/dto/RetrievalEvaluationCaseRequest.java","2ee1a4b5109e0c14de063d26d0c3a573ab31ed3f","3fa9f4262587405534648ff3e510e0134e3d34d26b01f2347d94ccc4282f92cc","276","17","11","MAIN_JAVA","com.tuoman.ai_task_orchestrator.dto","main-java/dto","","STRUCTURAL_SCAN_ONLY","","DROP","","HUMAN_REVIEW_REQUIRED","STRUCTURAL_METADATA_ONLY","","","",""
"src/main/java/com/tuoman/ai_task_orchestrator/dto/RetrievalEvaluationCaseResultResponse.java","b4eecb38e72f5c695d1b89a44be34571b601e8d7","75d753b8a0f787e265120ace6e1aad3ad43ab4983816e8105d3ecbd591dceb57","431","21","13","MAIN_JAVA","com.tuoman.ai_task_orchestrator.dto","main-java/dto","","STRUCTURAL_SCAN_ONLY","","DROP","","HUMAN_REVIEW_REQUIRED","STRUCTURAL_METADATA_ONLY","","","",""
"src/main/java/com/tuoman/ai_task_orchestrator/dto/RetrievalEvaluationRequest.java","bc71d10ab2872d12654270f09f25e7a2025297d2","649f731da306d4b0a96fd05f74fd483b8b2e1805aee54f67ebb2a0932b06791c","301","17","11","MAIN_JAVA","com.tuoman.ai_task_orchestrator.dto","main-java/dto","","STRUCTURAL_SCAN_ONLY","","DROP","","HUMAN_REVIEW_REQUIRED","STRUCTURAL_METADATA_ONLY","","","",""
"src/main/java/com/tuoman/ai_task_orchestrator/dto/RetrievalEvaluationResponse.java","213e9fee8562a5f981e62c3b3adc8108d5258fac","c24e7d054433687d99c070a1fea966ba5551420272f25f18284fd569f115a2af","428","21","13","MAIN_JAVA","com.tuoman.ai_task_orchestrator.dto","main-java/dto","","STRUCTURAL_SCAN_ONLY","","DROP","","HUMAN_REVIEW_REQUIRED","STRUCTURAL_METADATA_ONLY","","","",""
"src/main/java/com/tuoman/ai_task_orchestrator/dto/RetrievalEvaluationSummaryResponse.java","6d28d6f6f0def7459dff12fda514e8b6432cfb77","171d189c711da7631986d24cbc8314bc0eaf6acb0fae2e42d0728df1a1044707","399","23","14","MAIN_JAVA","com.tuoman.ai_task_orchestrator.dto","main-java/dto","","STRUCTURAL_SCAN_ONLY","","DROP","","HUMAN_REVIEW_REQUIRED","STRUCTURAL_METADATA_ONLY","","","",""
"src/main/java/com/tuoman/ai_task_orchestrator/dto/RetrievalMetricAtKResponse.java","e34acf8918ea7cc9a92aa49c4fca4a42b91d12e0","635d65c2bd24e7825a06fcb0b6ce2fa0ed85cfd419f1342181027628967c5356","391","23","14","MAIN_JAVA","com.tuoman.ai_task_orchestrator.dto","main-java/dto","","STRUCTURAL_SCAN_ONLY","","DROP","","HUMAN_REVIEW_REQUIRED","STRUCTURAL_METADATA_ONLY","","","",""
"src/main/java/com/tuoman/ai_task_orchestrator/dto/RetrievalSettingsResponse.java","92cce3476b71b9631c75f515258b09d229c075a9","f3822e93bf8fdff3950b523343c0d27c4bd9d76c43a5a3cbc94b9fc206296adc","855","45","25","MAIN_JAVA","com.tuoman.ai_task_orchestrator.dto","main-java/dto","","STRUCTURAL_SCAN_ONLY","","DROP","","HUMAN_REVIEW_REQUIRED","STRUCTURAL_METADATA_ONLY","","","",""
"src/main/java/com/tuoman/ai_task_orchestrator/dto/RetrievedChunkEvaluationResponse.java","b7363e5e5a733bb6daf6627c1c48cf5521429ae1","87760fb5da5b3bf35ea9fe01adbba5aef61a2d495ff77be37329c5be14610130","392","23","14","MAIN_JAVA","com.tuoman.ai_task_orchestrator.dto","main-java/dto","","STRUCTURAL_SCAN_ONLY","","DROP","","HUMAN_REVIEW_REQUIRED","STRUCTURAL_METADATA_ONLY","","","",""
"src/main/java/com/tuoman/ai_task_orchestrator/dto/RuntimeStatusResponse.java","79db3448478a03335cbc9386567fbc3bdef7ee3f","fc275927da690c9635f258a5d5bf93b7966ea82f8ec663dccf167d603f1b5af6","714","35","21","MAIN_JAVA","com.tuoman.ai_task_orchestrator.dto","main-java/dto","","STRUCTURAL_SCAN_ONLY","","DROP","","HUMAN_REVIEW_REQUIRED","STRUCTURAL_METADATA_ONLY","","","",""
"src/main/java/com/tuoman/ai_task_orchestrator/dto/RuntimeTestResponse.java","a71090ae7c1e839dc0fb7c9d3257f61981609b30","448a20951b54bc3091919d9e213fab8d8ba2bee9782361a0234fe442bb4af55e","313","19","12","MAIN_JAVA","com.tuoman.ai_task_orchestrator.dto","main-java/dto","","STRUCTURAL_SCAN_ONLY","","DROP","","HUMAN_REVIEW_REQUIRED","STRUCTURAL_METADATA_ONLY","","","",""
"src/main/java/com/tuoman/ai_task_orchestrator/dto/SaveAgentTaskMemoryRequest.java","d935e75149227154e531a463b4bdd7cf88888f68","215cea6526edf4c57167627ec6f1e39067588ea8a6bbee42e6dc1fa209729628","607","27","21","MAIN_JAVA","com.tuoman.ai_task_orchestrator.dto","main-java/dto","","STRUCTURAL_SCAN_ONLY","","DROP","","HUMAN_REVIEW_REQUIRED","STRUCTURAL_METADATA_ONLY","","","",""
"src/main/java/com/tuoman/ai_task_orchestrator/dto/StorageSummaryResponse.java","29cb62e3c10d483bb36c9842a66c5866e3ff6939","2a30e4a82e9b710549aaa8c29cc85a8b721f76e0c25aabdf153e12d9b405a530","719","37","21","MAIN_JAVA","com.tuoman.ai_task_orchestrator.dto","main-java/dto","","STRUCTURAL_SCAN_ONLY","","DROP","","HUMAN_REVIEW_REQUIRED","STRUCTURAL_METADATA_ONLY","","","",""
"src/main/java/com/tuoman/ai_task_orchestrator/dto/TaskAttemptResponse.java","916332340d4554502b520bf68698d04df89ecf13","acb6b077377cf483fa1dab826203a4e6ee399a86e0aed4f5ee7b044d690af825","863","46","26","MAIN_JAVA","com.tuoman.ai_task_orchestrator.dto","main-java/dto","","STRUCTURAL_SCAN_ONLY","","DROP","","HUMAN_REVIEW_REQUIRED","STRUCTURAL_METADATA_ONLY","","","",""
"src/main/java/com/tuoman/ai_task_orchestrator/dto/TaskDetailResponse.java","a4ed70a3b59e7db2d0c79709f3c401e258fd6f89","8bca6ec385f7243e606ae47eedcc69ca413d30434f4dbcd026466287baa58305","986","54","30","MAIN_JAVA","com.tuoman.ai_task_orchestrator.dto","main-java/dto","","STRUCTURAL_SCAN_ONLY","","DROP","","HUMAN_REVIEW_REQUIRED","STRUCTURAL_METADATA_ONLY","","","",""
"src/main/java/com/tuoman/ai_task_orchestrator/dto/TaskOutputChunkResponse.java","57b823bb3917fcd942508b5b4fbe96b5d43de4ee","eae4e7c17d20f0b5cf5d57520dae3c08a36ce2244d62d2f6edf2bf402b0458e7","353","21","13","MAIN_JAVA","com.tuoman.ai_task_orchestrator.dto","main-java/dto","","STRUCTURAL_SCAN_ONLY","","DROP","","HUMAN_REVIEW_REQUIRED","STRUCTURAL_METADATA_ONLY","","","",""
"src/main/java/com/tuoman/ai_task_orchestrator/dto/TrashCleanupResponse.java","f551cecbde0cab8b7fbddad9265de0d68a50f665","65bd9296bb71f97d43309490be5322e5a2f7cc2078e723e5af2029435b40b08b","260","15","10","MAIN_JAVA","com.tuoman.ai_task_orchestrator.dto","main-java/dto","","STRUCTURAL_SCAN_ONLY","","DROP","","HUMAN_REVIEW_REQUIRED","STRUCTURAL_METADATA_ONLY","","","",""
"src/main/java/com/tuoman/ai_task_orchestrator/dto/UnreadNotificationCountResponse.java","ed067a86eb69f86b770620b10c60514019c52824","5a8bf9ae85b55e172d2594574c65cf44f5d6aa6e39b7b9a13d644e02252121db","211","11","8","MAIN_JAVA","com.tuoman.ai_task_orchestrator.dto","main-java/dto","","STRUCTURAL_SCAN_ONLY","","DROP","","HUMAN_REVIEW_REQUIRED","STRUCTURAL_METADATA_ONLY","","","",""
"src/main/java/com/tuoman/ai_task_orchestrator/dto/UpdateTaskStatusRequest.java","b0ecd73048f4ed4182edea3f39e0e89675c71010","264c3c969826d6eeb89632df394288b94ca354fe9334fcc8e2c56f2f4fdc0b86","359","17","12","MAIN_JAVA","com.tuoman.ai_task_orchestrator.dto","main-java/dto","","STRUCTURAL_SCAN_ONLY","","DROP","","HUMAN_REVIEW_REQUIRED","STRUCTURAL_METADATA_ONLY","","","",""
"src/main/java/com/tuoman/ai_task_orchestrator/dto/UploadBatchDetailResponse.java","7286693839b7eb018f461a692dfdbf846626fa2b","e7a29f48b97107cf8393397c9abe5078ee35a15e7db462b52ea5b911749500f4","295","15","10","MAIN_JAVA","com.tuoman.ai_task_orchestrator.dto","main-java/dto","","STRUCTURAL_SCAN_ONLY","","DROP","","HUMAN_REVIEW_REQUIRED","STRUCTURAL_METADATA_ONLY","","","",""
"src/main/java/com/tuoman/ai_task_orchestrator/dto/UploadBatchItemResponse.java","b847cd3ba8e21a7c325d0d9f993c62ba653d7b8b","da94de2ba8f2f35f3a10d02ebeb6eae17e6d526007f38b250b6abf1b28b7d8f0","761","45","25","MAIN_JAVA","com.tuoman.ai_task_orchestrator.dto","main-java/dto","","STRUCTURAL_SCAN_ONLY","","DROP","","HUMAN_REVIEW_REQUIRED","STRUCTURAL_METADATA_ONLY","","","",""
"src/main/java/com/tuoman/ai_task_orchestrator/dto/UploadBatchSummaryResponse.java","4a9786614ebd6ab34215986d3954815ea48ee4ec","4dd51ce0b5a8b5fe02039cc95efc0c3a0352ab15e16d587c7c4a0878b60c6f66","755","45","25","MAIN_JAVA","com.tuoman.ai_task_orchestrator.dto","main-java/dto","","STRUCTURAL_SCAN_ONLY","","DROP","","HUMAN_REVIEW_REQUIRED","STRUCTURAL_METADATA_ONLY","","","",""
"src/main/java/com/tuoman/ai_task_orchestrator/dto/VectorCleanupResponse.java","5c66e418f3d27998447c96a86e0abf9adfcaf86a","2362551989ee93c4ed8bbdbe4c0ef4ab16e24bc593dd5189a7aec86775944c52","397","17","14","MAIN_JAVA","com.tuoman.ai_task_orchestrator.dto","main-java/dto","","STRUCTURAL_SCAN_ONLY","","DROP","","HUMAN_REVIEW_REQUIRED","STRUCTURAL_METADATA_ONLY","","","",""
"src/main/java/com/tuoman/ai_task_orchestrator/dto/VectorIndexAuditIssueResponse.java","e4f0dd360c26a2836b69a9cc080cc3941c2e0d13","aa3238142b8ea4a4f1a7086431249f97b857a241394fc6490f6b3aaf50aaf57b","469","18","16","MAIN_JAVA","com.tuoman.ai_task_orchestrator.dto","main-java/dto","","STRUCTURAL_SCAN_ONLY","","DROP","","HUMAN_REVIEW_REQUIRED","STRUCTURAL_METADATA_ONLY","","","",""
"src/main/java/com/tuoman/ai_task_orchestrator/dto/VectorIndexAuditRequest.java","4a89daf5c8399d65d465afb53459327033bfd01e","1f9a573a91166f2dd23bf03ee014eb425ea1bd271b6bf98c126818ca1f2253b4","238","12","10","MAIN_JAVA","com.tuoman.ai_task_orchestrator.dto","main-java/dto","","STRUCTURAL_SCAN_ONLY","","DROP","","HUMAN_REVIEW_REQUIRED","STRUCTURAL_METADATA_ONLY","","","",""
"src/main/java/com/tuoman/ai_task_orchestrator/dto/VectorIndexAuditRunResponse.java","88cc825f2a7f95dd449904253a5360518d34f5e1","67c2e7e41334349c67bd0e14d7ae55b65f5799e42aa86e2c85fa069d61e4ae05","481","19","16","MAIN_JAVA","com.tuoman.ai_task_orchestrator.dto","main-java/dto","","STRUCTURAL_SCAN_ONLY","","DROP","","HUMAN_REVIEW_REQUIRED","STRUCTURAL_METADATA_ONLY","","","",""
"src/main/java/com/tuoman/ai_task_orchestrator/dto/VectorIndexSummaryResponse.java","493bc53d9a97998d04b7e03ec502b551c5301667","2783d19cf937687b7635a075c8447492a9f6632563c470a12dce62ed406ebef0","509","19","16","MAIN_JAVA","com.tuoman.ai_task_orchestrator.dto","main-java/dto","","STRUCTURAL_SCAN_ONLY","","DROP","","HUMAN_REVIEW_REQUIRED","STRUCTURAL_METADATA_ONLY","","","",""
"src/main/java/com/tuoman/ai_task_orchestrator/dto/kbhealth/CompareRagEvaluationRunsRequest.java","43438731f7cc1cd3a11c99263b66d16fd1a45015","5ed99bb98cbf49e4deee02120e8bcb1b31566ab5a259b8eab76d65065203fde0","232","13","9","MAIN_JAVA","com.tuoman.ai_task_orchestrator.dto.kbhealth","main-java/dto","","STRUCTURAL_SCAN_ONLY","","DROP","","HUMAN_REVIEW_REQUIRED","STRUCTURAL_METADATA_ONLY","","","",""
"src/main/java/com/tuoman/ai_task_orchestrator/dto/kbhealth/CompareRagEvaluationRunsResponse.java","e42f939baa076e32bc0be562a4c8bc495999772b","a60f5a0ff8746a04d3cea2cd175ae8560478347b8d7cd0dada8cc026cf0af34b","544","28","17","MAIN_JAVA","com.tuoman.ai_task_orchestrator.dto.kbhealth","main-java/dto","","STRUCTURAL_SCAN_ONLY","","DROP","","HUMAN_REVIEW_REQUIRED","STRUCTURAL_METADATA_ONLY","","","",""
"src/main/java/com/tuoman/ai_task_orchestrator/dto/kbhealth/CreateRagEvaluationDatasetRequest.java","5acbc1a66ca9c26dfc365b1e0728e3aa30de01cb","5ac9bbabb86eee2eff89dae8409711ae59b13346c65b6806060a7417d70126dd","507","21","14","MAIN_JAVA","com.tuoman.ai_task_orchestrator.dto.kbhealth","main-java/dto","","STRUCTURAL_SCAN_ONLY","","DROP","","HUMAN_REVIEW_REQUIRED","STRUCTURAL_METADATA_ONLY","","","",""
"src/main/java/com/tuoman/ai_task_orchestrator/dto/kbhealth/CreateRagEvaluationRunRequest.java","518f7d9425e886b67e411b1be8e5f83b7edb5ff5","f879990baff0bca0f2c39c51a5c075b6f093578c4f480659e112e9d52a6fbb72","765","35","21","MAIN_JAVA","com.tuoman.ai_task_orchestrator.dto.kbhealth","main-java/dto","","STRUCTURAL_SCAN_ONLY","","DROP","","HUMAN_REVIEW_REQUIRED","STRUCTURAL_METADATA_ONLY","","","",""
"src/main/java/com/tuoman/ai_task_orchestrator/dto/kbhealth/ImportRagEvaluationCasesRequest.java","9b270628d6500e8ac1304e0e40974a5a3fd884db","8da5cd5729319a15b04161d9115543b524ab3ba2ec7160162245267799f00021","222","13","9","MAIN_JAVA","com.tuoman.ai_task_orchestrator.dto.kbhealth","main-java/dto","","STRUCTURAL_SCAN_ONLY","","DROP","","HUMAN_REVIEW_REQUIRED","STRUCTURAL_METADATA_ONLY","","","",""
"src/main/java/com/tuoman/ai_task_orchestrator/dto/kbhealth/ImportRagEvaluationCasesResponse.java","9c2dec7bffaa4d06d16e82d62f8659cde51aa1ae","11d4784ec98c4bb15094141c3f2e5f6429b143e98fdb6293d3cb87891e9f43af","370","21","13","MAIN_JAVA","com.tuoman.ai_task_orchestrator.dto.kbhealth","main-java/dto","","STRUCTURAL_SCAN_ONLY","","DROP","","HUMAN_REVIEW_REQUIRED","STRUCTURAL_METADATA_ONLY","","","",""
"src/main/java/com/tuoman/ai_task_orchestrator/dto/kbhealth/RagEvaluationCaseResponse.java","dd1f40af850313d198bbde847e65f6c325b93aa8","a7a1c7fa9128d7a923b0080ea56049a305c7b306720ded157a4ef63e5258b8f5","984","50","29","MAIN_JAVA","com.tuoman.ai_task_orchestrator.dto.kbhealth","main-java/dto","","STRUCTURAL_SCAN_ONLY","","DROP","","HUMAN_REVIEW_REQUIRED","STRUCTURAL_METADATA_ONLY","","","",""
"src/main/java/com/tuoman/ai_task_orchestrator/dto/kbhealth/RagEvaluationCaseResultResponse.java","e4865578c63e90867d7bcb239499a54b8ca7bf37","2f5346e7d06a4adff535b26d32ee4b39f9654b6fc86e72f44fafafe99ce63f6a","1058","47","28","MAIN_JAVA","com.tuoman.ai_task_orchestrator.dto.kbhealth","main-java/dto","","STRUCTURAL_SCAN_ONLY","","DROP","","HUMAN_REVIEW_REQUIRED","STRUCTURAL_METADATA_ONLY","","","",""
"src/main/java/com/tuoman/ai_task_orchestrator/dto/kbhealth/RagEvaluationDatasetResponse.java","dc99abcc0ce84998b6d9d221ce27043c6cfec96e","2b6b02ac4ad660f9653a98585c628e21125b327553a89108724fa7c447cedac1","740","33","20","MAIN_JAVA","com.tuoman.ai_task_orchestrator.dto.kbhealth","main-java/dto","","STRUCTURAL_SCAN_ONLY","","DROP","","HUMAN_REVIEW_REQUIRED","STRUCTURAL_METADATA_ONLY","","","",""
"src/main/java/com/tuoman/ai_task_orchestrator/dto/kbhealth/RagEvaluationRunResponse.java","c240e087075f414db9056c51692f6bbf2659cf47","284a33f3577c57505f9249d01d5ae3d26b0423163ebe2e0a12b772ffac07d6a5","1340","61","35","MAIN_JAVA","com.tuoman.ai_task_orchestrator.dto.kbhealth","main-java/dto","","STRUCTURAL_SCAN_ONLY","","DROP","","HUMAN_REVIEW_REQUIRED","STRUCTURAL_METADATA_ONLY","","","",""
"src/main/java/com/tuoman/ai_task_orchestrator/dto/kbhealth/UpdateRagEvaluationCaseRequest.java","2542b7904f1221f58f20fc5154b859719bcd3909","3a027b83d0e67e045e2107843718575888c27eaf1999cca708954c8a39c4bd78","778","39","23","MAIN_JAVA","com.tuoman.ai_task_orchestrator.dto.kbhealth","main-java/dto","","STRUCTURAL_SCAN_ONLY","","DROP","","HUMAN_REVIEW_REQUIRED","STRUCTURAL_METADATA_ONLY","","","",""
"src/main/java/com/tuoman/ai_task_orchestrator/embedding/CachedEmbeddingResult.java","e1719d599c47a11efd4d878058ba043193f34317","158655a69e2a7fbf2bcfb2e62dbcc73aaebb3bddfc40932f48f7cfa1c383f1b4","303","14","12","MAIN_JAVA","com.tuoman.ai_task_orchestrator.embedding","main-java/embedding","","STRUCTURAL_SCAN_ONLY","","DROP","","HUMAN_REVIEW_REQUIRED","STRUCTURAL_METADATA_ONLY","","","",""
"src/main/java/com/tuoman/ai_task_orchestrator/embedding/ChunkHashService.java","91f9c6b0eadd67d308b58f7a29547a82ff45ef5f","bdd6a57158d7aff189381c427ccd3ba91d00b2cdee63604c5ebd30376a2a0293","1767","49","42","MAIN_JAVA","com.tuoman.ai_task_orchestrator.embedding","main-java/embedding","","STRUCTURAL_SCAN_ONLY","","DROP","","HUMAN_REVIEW_REQUIRED","STRUCTURAL_METADATA_ONLY","","","",""
"src/main/java/com/tuoman/ai_task_orchestrator/embedding/EmbeddingCacheJsonCodec.java","54fd70fda92bc16644c9541547299c664b3b8533","4205ebaf349aeda7a37c32ca6715c1484ba77f3333920e11d96e8332b8a7f387","1685","45","38","MAIN_JAVA","com.tuoman.ai_task_orchestrator.embedding","main-java/embedding","","STRUCTURAL_SCAN_ONLY","","DROP","","HUMAN_REVIEW_REQUIRED","STRUCTURAL_METADATA_ONLY","","","",""
"src/main/java/com/tuoman/ai_task_orchestrator/embedding/EmbeddingCacheMetricsService.java","99950325741075490b1bb3e6c097612180fc83e9","8a049c7f7b323ce1e4dd836968be4d1a5c9cb79f820a4f345e5925d23d0518fc","7759","221","200","MAIN_JAVA","com.tuoman.ai_task_orchestrator.embedding","main-java/embedding","","STRUCTURAL_SCAN_ONLY","","DROP","","HUMAN_REVIEW_REQUIRED","STRUCTURAL_METADATA_ONLY","","","",""
"src/main/java/com/tuoman/ai_task_orchestrator/embedding/EmbeddingCacheService.java","5fb4ff0d690d99281edef43ffd815c33784672e2","bd5a03371ccfcc6dcb5f379036533c6c254b7f632e21eb34745c1e29cd3faa74","7344","171","149","MAIN_JAVA","com.tuoman.ai_task_orchestrator.embedding","main-java/embedding","","STRUCTURAL_SCAN_ONLY","","DROP","","HUMAN_REVIEW_REQUIRED","STRUCTURAL_METADATA_ONLY","","","",""
"src/main/java/com/tuoman/ai_task_orchestrator/embedding/EmbeddingClient.java","a274f3452cf18ed7028a083b20b851bd05197218","9671566b1ba5d57f8b79b0cae02ec0e19c2b43e76a57f4796563e444cc154191","145","6","4","MAIN_JAVA","com.tuoman.ai_task_orchestrator.embedding","main-java/embedding","","STRUCTURAL_SCAN_ONLY","","DROP","","HUMAN_REVIEW_REQUIRED","STRUCTURAL_METADATA_ONLY","","","",""
"src/main/java/com/tuoman/ai_task_orchestrator/embedding/EmbeddingProperties.java","cd6164953db062b7a71cceb4e967918308928d13","e8bfcffcb977059718a046ba9e9805de5d868ce74883af02b2698e2f9aec564c","1021","45","29","MAIN_JAVA","com.tuoman.ai_task_orchestrator.embedding","main-java/embedding","","STRUCTURAL_SCAN_ONLY","","DROP","","HUMAN_REVIEW_REQUIRED","STRUCTURAL_METADATA_ONLY","","","",""
"src/main/java/com/tuoman/ai_task_orchestrator/embedding/EmbeddingProvider.java","ba5d12bbe7894d2dd3c9b3d1cc24c75d7726cb3c","a88520b24db9d5b527bf54b0c0ea6dcca5104232d9038110a30f85b1cd011014","969","36","28","MAIN_JAVA","com.tuoman.ai_task_orchestrator.embedding","main-java/embedding","","STRUCTURAL_SCAN_ONLY","","DROP","","HUMAN_REVIEW_REQUIRED","STRUCTURAL_METADATA_ONLY","","","",""
"src/main/java/com/tuoman/ai_task_orchestrator/embedding/EmbeddingProviderConfiguration.java","4caadb6e6c4ba7f5cdd366d1097c55d47f62e9f6","ecd175737af9efc31010d80ba2b9941be385a2c29303e8ebd095587612473f2a","1881","49","44","MAIN_JAVA","com.tuoman.ai_task_orchestrator.embedding","main-java/embedding","","STRUCTURAL_SCAN_ONLY","","DROP","","HUMAN_REVIEW_REQUIRED","STRUCTURAL_METADATA_ONLY","","","",""
"src/main/java/com/tuoman/ai_task_orchestrator/embedding/EmbeddingProviderException.java","96e91bed7c7faa3a5bce39117a914524bf59c17a","441c1216df83be93060f5871752d133469ab00f84419c891f1bd26d379ccd6e9","319","12","9","MAIN_JAVA","com.tuoman.ai_task_orchestrator.embedding","main-java/embedding","","STRUCTURAL_SCAN_ONLY","","DROP","","HUMAN_REVIEW_REQUIRED","STRUCTURAL_METADATA_ONLY","","","",""
"src/main/java/com/tuoman/ai_task_orchestrator/embedding/EmbeddingRequest.java","a211c9c1128333bacec49a8ac5ba2eb84721c640","4037d5d9efc65ba4e45dfa15cabe9c0b31dec3a691292d9d7ac3304b7ff449df","200","13","9","MAIN_JAVA","com.tuoman.ai_task_orchestrator.embedding","main-java/embedding","","STRUCTURAL_SCAN_ONLY","","DROP","","HUMAN_REVIEW_REQUIRED","STRUCTURAL_METADATA_ONLY","","","",""
"src/main/java/com/tuoman/ai_task_orchestrator/embedding/EmbeddingResponse.java","f9c9d1d148c8d3b749a0acb82fba37795b457007","4180edd55140d3158a0dec2c789039c8157cb7a43c9ef555101ad4f25bdb502e","355","21","13","MAIN_JAVA","com.tuoman.ai_task_orchestrator.embedding","main-java/embedding","","STRUCTURAL_SCAN_ONLY","","DROP","","HUMAN_REVIEW_REQUIRED","STRUCTURAL_METADATA_ONLY","","","",""
"src/main/java/com/tuoman/ai_task_orchestrator/embedding/EmbeddingVectorUtils.java","6fc6988566ea2c5c7ec11cf53b01b58eed818689","7ab3d1bea399f2b8d15b0ce23aefc3222260c749849d1d4f10b4bcad5b726255","2210","80","63","MAIN_JAVA","com.tuoman.ai_task_orchestrator.embedding","main-java/embedding","","STRUCTURAL_SCAN_ONLY","","DROP","","HUMAN_REVIEW_REQUIRED","STRUCTURAL_METADATA_ONLY","","","",""
"src/main/java/com/tuoman/ai_task_orchestrator/embedding/LocalEmbeddingWorkerClient.java","237bee85c2e41826440d4cb039f1a6bb1d018f7d","c31d5b20e71042f8fccfc756f2debbeae3245f8835cc946dd2062cee26af5dc9","263","9","7","MAIN_JAVA","com.tuoman.ai_task_orchestrator.embedding","main-java/embedding","","STRUCTURAL_SCAN_ONLY","","DROP","","HUMAN_REVIEW_REQUIRED","STRUCTURAL_METADATA_ONLY","","","",""
"src/main/java/com/tuoman/ai_task_orchestrator/embedding/LocalEmbeddingWorkerProvider.java","c76a3367d940c075dba8bee8b2eda908bb0fae59","8b49af01a2a52c59a789bf93ab6a1477643645785b8caab1aca0027fd76cd0bd","6840","170","143","MAIN_JAVA","com.tuoman.ai_task_orchestrator.embedding","main-java/embedding","","STRUCTURAL_SCAN_ONLY","","DROP","","HUMAN_REVIEW_REQUIRED","STRUCTURAL_METADATA_ONLY","","","",""
"src/main/java/com/tuoman/ai_task_orchestrator/embedding/LocalEmbeddingWorkerRequest.java","7231e64b8e9935ac39db3ca6d975bedc7e70ec35","f0b1c4ded72018ed2258efa77af35c3e842e2934a3641903e160cc777fb1ee37","266","15","10","MAIN_JAVA","com.tuoman.ai_task_orchestrator.embedding","main-java/embedding","","STRUCTURAL_SCAN_ONLY","","DROP","","HUMAN_REVIEW_REQUIRED","STRUCTURAL_METADATA_ONLY","","","",""
"src/main/java/com/tuoman/ai_task_orchestrator/embedding/LocalEmbeddingWorkerResponse.java","0ceb26f43592d1c5e3c4f261e6fc968b7ee923c0","ae8552871a18916115c700b1960b4be148b3d8ff0d31b25bbc29e5cba5f23fa2","455","28","18","MAIN_JAVA","com.tuoman.ai_task_orchestrator.embedding","main-java/embedding","","STRUCTURAL_SCAN_ONLY","","DROP","","HUMAN_REVIEW_REQUIRED","STRUCTURAL_METADATA_ONLY","","","",""
"src/main/java/com/tuoman/ai_task_orchestrator/embedding/MockEmbeddingClient.java","a3135c60da4886a9ae89c481a23ffb87e76cfc6d","5d2bf98054d2a81fbb7b181a58159a6793e05ebcb243e61f9af3025cb72b9c1f","3484","109","85","MAIN_JAVA","com.tuoman.ai_task_orchestrator.embedding","main-java/embedding","","STRUCTURAL_SCAN_ONLY","","DROP","","HUMAN_REVIEW_REQUIRED","STRUCTURAL_METADATA_ONLY","","","",""
"src/main/java/com/tuoman/ai_task_orchestrator/embedding/OpenAiCompatibleEmbeddingProvider.java","c7a19ff14888da1aa181d013173c3901af74a02f","bb73472c1020f9b44228d934a275397cac922650c7a6d096fda15383b2ebf2a2","4252","113","92","MAIN_JAVA","com.tuoman.ai_task_orchestrator.embedding","main-java/embedding","","STRUCTURAL_SCAN_ONLY","","DROP","","HUMAN_REVIEW_REQUIRED","STRUCTURAL_METADATA_ONLY","","","",""
"src/main/java/com/tuoman/ai_task_orchestrator/embedding/OpenAiEmbeddingHttpClient.java","bb719a0aea7262ecb27c5435bbae621ad12ad275","04bb00e2c766989c0467877f1f83ea6c15cd6f6593ccd5618d07ed8ff4d0ef69","247","9","7","MAIN_JAVA","com.tuoman.ai_task_orchestrator.embedding","main-java/embedding","","STRUCTURAL_SCAN_ONLY","","DROP","","HUMAN_REVIEW_REQUIRED","STRUCTURAL_METADATA_ONLY","","","",""
"src/main/java/com/tuoman/ai_task_orchestrator/embedding/OpenAiEmbeddingRequest.java","390ac36231501c0bd3eb924d9b99084ab0feae15","9dcfb8ce9b19ed2e6589eb35e917560fc9f3c6b07973c52a1026716cfa737079","261","15","10","MAIN_JAVA","com.tuoman.ai_task_orchestrator.embedding","main-java/embedding","","STRUCTURAL_SCAN_ONLY","","DROP","","HUMAN_REVIEW_REQUIRED","STRUCTURAL_METADATA_ONLY","","","",""
"src/main/java/com/tuoman/ai_task_orchestrator/embedding/OpenAiEmbeddingResponse.java","8ffc6aa7df6548986cd23a32ee0ad03b727726ac","31a16cf9b2a0c8c04d107d336b027716b46ea5e2c93378eaa1db8ef435f6dfdc","685","38","26","MAIN_JAVA","com.tuoman.ai_task_orchestrator.embedding","main-java/embedding","","STRUCTURAL_SCAN_ONLY","","DROP","","HUMAN_REVIEW_REQUIRED","STRUCTURAL_METADATA_ONLY","","","",""
"src/main/java/com/tuoman/ai_task_orchestrator/embedding/RestClientLocalEmbeddingWorkerClient.java","6f0b80f5a86fa4e52440f471e4e56d53e04f72b8","51ccfe333b6c51600db8507d37b79cd17867bf4f54dd37e5271d06b431ec2cf1","3065","72","64","MAIN_JAVA","com.tuoman.ai_task_orchestrator.embedding","main-java/embedding","","STRUCTURAL_SCAN_ONLY","","DROP","","HUMAN_REVIEW_REQUIRED","STRUCTURAL_METADATA_ONLY","","","",""
"src/main/java/com/tuoman/ai_task_orchestrator/embedding/RestClientOpenAiEmbeddingHttpClient.java","b0246f2446d98f62ca6b79d06e2d7b7dc30fad21","cada1e4973f8aa3b288f92e44863a1d61215916ef963965e7da462c157513ca0","1696","46","38","MAIN_JAVA","com.tuoman.ai_task_orchestrator.embedding","main-java/embedding","","STRUCTURAL_SCAN_ONLY","","DROP","","HUMAN_REVIEW_REQUIRED","STRUCTURAL_METADATA_ONLY","","","",""
"src/main/java/com/tuoman/ai_task_orchestrator/embedding/RoutingEmbeddingProvider.java","0127f170550744c29cf6338d153f8be1ad617cea","3711a6ea1fc29fa22a51f6e28f5cda37a172b84449c4c3b6829839e89580d74d","5064","118","101","MAIN_JAVA","com.tuoman.ai_task_orchestrator.embedding","main-java/embedding","","STRUCTURAL_SCAN_ONLY","","DROP","","HUMAN_REVIEW_REQUIRED","STRUCTURAL_METADATA_ONLY","","","",""
"src/main/java/com/tuoman/ai_task_orchestrator/embedding/RuntimeOpenAiEmbeddingService.java","a634974967524e36615a362b83682b3a9a934ad2","fc6036feb14ad6f68e48bf3cfb00b8dda77cd605cc258a97783027d9feb1da2c","4470","95","82","MAIN_JAVA","com.tuoman.ai_task_orchestrator.embedding","main-java/embedding","","STRUCTURAL_SCAN_ONLY","","DROP","","HUMAN_REVIEW_REQUIRED","STRUCTURAL_METADATA_ONLY","","","",""
"src/main/java/com/tuoman/ai_task_orchestrator/entity/AgentProfileEntity.java","d9afae33d89a69582ca33594067e52cd8285c6f7","a9505f33b6d5f3998675b3001c1d6031b89722766734264761eaaccc4634382d","2150","78","62","MAIN_JAVA","com.tuoman.ai_task_orchestrator.entity","main-java/entity","","STRUCTURAL_SCAN_ONLY","","DROP","","HUMAN_REVIEW_REQUIRED","STRUCTURAL_METADATA_ONLY","","","",""
"src/main/java/com/tuoman/ai_task_orchestrator/entity/AgentTaskCitationEntity.java","528026e8bfde5017bc0dc12aca8713816e40a67d","32b7156becea6d72bae47c48fb37ff7507c5c34726acfeb7a1a9186a64783b63","1168","51","37","MAIN_JAVA","com.tuoman.ai_task_orchestrator.entity","main-java/entity","","STRUCTURAL_SCAN_ONLY","","DROP","","HUMAN_REVIEW_REQUIRED","STRUCTURAL_METADATA_ONLY","","","",""
"src/main/java/com/tuoman/ai_task_orchestrator/entity/AgentTaskEntity.java","f74a6b24642dbf17df28880c2da2f0197df91bec","55a51e34ca005fb858ee0ff25636744ea7bf5bbff8eadf3e468031bcf649871c","2881","117","85","MAIN_JAVA","com.tuoman.ai_task_orchestrator.entity","main-java/entity","","STRUCTURAL_SCAN_ONLY","","DROP","","HUMAN_REVIEW_REQUIRED","STRUCTURAL_METADATA_ONLY","","","",""
"src/main/java/com/tuoman/ai_task_orchestrator/entity/AgentTaskEventEntity.java","bae6384f71b411617b75a2af412b8fda6c5dd5fe","b1095f607e41848674686abec4dec9581770a80c2fffb539965e92d4776875fa","1747","67","50","MAIN_JAVA","com.tuoman.ai_task_orchestrator.entity","main-java/entity","","STRUCTURAL_SCAN_ONLY","","DROP","","HUMAN_REVIEW_REQUIRED","STRUCTURAL_METADATA_ONLY","","","",""
"src/main/java/com/tuoman/ai_task_orchestrator/entity/AgentTaskStepEntity.java","818a8244d79d7319774bfba1ea63f86a08155d87","e2df7172bd62c2604ec0f14a38593977be8f9918742b26a7f6b602e5a3cf28bc","2361","92","69","MAIN_JAVA","com.tuoman.ai_task_orchestrator.entity","main-java/entity","","STRUCTURAL_SCAN_ONLY","","DROP","","HUMAN_REVIEW_REQUIRED","STRUCTURAL_METADATA_ONLY","","","",""
"src/main/java/com/tuoman/ai_task_orchestrator/entity/DocumentChunkEmbeddingEntity.java","d68c5dc4b8f5781db11ec0c805844922f7f77ffd","02eca4990ddb3e98d0f98cf79206a4dea9e90cf1372bc1b7e7c790946d403c32","2202","83","59","MAIN_JAVA","com.tuoman.ai_task_orchestrator.entity","main-java/entity","","STRUCTURAL_SCAN_ONLY","","DROP","","HUMAN_REVIEW_REQUIRED","STRUCTURAL_METADATA_ONLY","","","",""
"src/main/java/com/tuoman/ai_task_orchestrator/entity/DocumentChunkEntity.java","0a4a295c618c7a565836829bc918f98c7cca72ac","0018873c223fdd8ffea851991ea0d0234587fac359afcdb795d1621ddb17a9fc","3761","143","106","MAIN_JAVA","com.tuoman.ai_task_orchestrator.entity","main-java/entity","","STRUCTURAL_SCAN_ONLY","","DROP","","HUMAN_REVIEW_REQUIRED","STRUCTURAL_METADATA_ONLY","","","",""
"src/main/java/com/tuoman/ai_task_orchestrator/entity/DocumentCollectionEntity.java","474df347d6c1287c7809959f3d6ae16697eefd11","a53265aabf46242b5a57eb82a4d31a92da7e6aada2cfa6bcd56abd809c98ccae","736","34","26","MAIN_JAVA","com.tuoman.ai_task_orchestrator.entity","main-java/entity","","STRUCTURAL_SCAN_ONLY","","DROP","","HUMAN_REVIEW_REQUIRED","STRUCTURAL_METADATA_ONLY","","","",""
"src/main/java/com/tuoman/ai_task_orchestrator/entity/DocumentEntity.java","dfa55f0fa8fca230c727c7a6defd0fad602a69f1","c534d0e447a17c8f39ef30f65c1c743e3a2db9e12e97dc29d57e831357bac0be","3398","122","92","MAIN_JAVA","com.tuoman.ai_task_orchestrator.entity","main-java/entity","","STRUCTURAL_SCAN_ONLY","","DROP","","HUMAN_REVIEW_REQUIRED","STRUCTURAL_METADATA_ONLY","","","",""
"src/main/java/com/tuoman/ai_task_orchestrator/entity/DocumentIngestionEventEntity.java","40031700287b42cad5d76e2306e418222541ea28","aee1d125c1587faebb3ff9ff103cd1e8ca3079d18b015fb0aa211087dabd4a98","1790","67","50","MAIN_JAVA","com.tuoman.ai_task_orchestrator.entity","main-java/entity","","STRUCTURAL_SCAN_ONLY","","DROP","","HUMAN_REVIEW_REQUIRED","STRUCTURAL_METADATA_ONLY","","","",""
"src/main/java/com/tuoman/ai_task_orchestrator/entity/DocumentIngestionTaskEntity.java","c053ae264fc9d833bcdb271d85137b4cbc33a9d9","e0c293457089dadb4f3ad75af9e38c53ca697de961be73b6621b49be4b0457d7","2914","105","81","MAIN_JAVA","com.tuoman.ai_task_orchestrator.entity","main-java/entity","","STRUCTURAL_SCAN_ONLY","","DROP","","HUMAN_REVIEW_REQUIRED","STRUCTURAL_METADATA_ONLY","","","",""
"src/main/java/com/tuoman/ai_task_orchestrator/entity/EmbeddingCacheEntity.java","5e4150a46fb2426bfb5444b9875a1b1633af38ee","10e0f7c3a78a8fd58655d383a04d34d680bf36542e43873e93b7c12241489208","1396","57","44","MAIN_JAVA","com.tuoman.ai_task_orchestrator.entity","main-java/entity","","STRUCTURAL_SCAN_ONLY","","DROP","","HUMAN_REVIEW_REQUIRED","STRUCTURAL_METADATA_ONLY","","","",""
"src/main/java/com/tuoman/ai_task_orchestrator/entity/EmbeddingCacheMetricEntity.java","85d4dc6267707f01648acef8b9d50402af78600e","f51c12f550b0ec772f587667d285ee5d84c83f3cf7fe6627eefc42e7ed3b93d5","1751","69","52","MAIN_JAVA","com.tuoman.ai_task_orchestrator.entity","main-java/entity","","STRUCTURAL_SCAN_ONLY","","DROP","","HUMAN_REVIEW_REQUIRED","STRUCTURAL_METADATA_ONLY","","","",""
"src/main/java/com/tuoman/ai_task_orchestrator/entity/KnowledgeCollectionEntity.java","858aeb86ec925af15befe5944ff588373a1f93e2","517f1b26dc1262e74c8d8aaead2b75a5196c934da2c0031a81fe49ff826810d0","1254","54","43","MAIN_JAVA","com.tuoman.ai_task_orchestrator.entity","main-java/entity","","STRUCTURAL_SCAN_ONLY","","DROP","","HUMAN_REVIEW_REQUIRED","STRUCTURAL_METADATA_ONLY","","","",""
"src/main/java/com/tuoman/ai_task_orchestrator/entity/MemoryItemEntity.java","a211e48310cb3655292f10bd7323222c5057e576","badd9f6e843e29b6dedd10b83634cd3e3c0a27d343babc852d3bd891b463e865","3771","136","109","MAIN_JAVA","com.tuoman.ai_task_orchestrator.entity","main-java/entity","","STRUCTURAL_SCAN_ONLY","","DROP","","HUMAN_REVIEW_REQUIRED","STRUCTURAL_METADATA_ONLY","","","",""
"src/main/java/com/tuoman/ai_task_orchestrator/entity/ModelProviderConfigEntity.java","8c4cf152902578e5c6139f4deb92fafa994cd2b4","e5244bb4ff15aea078d5c4d8c07ee2890670a47fa2e2a40938632b1697eaea19","2735","94","71","MAIN_JAVA","com.tuoman.ai_task_orchestrator.entity","main-java/entity","","STRUCTURAL_SCAN_ONLY","","DROP","","HUMAN_REVIEW_REQUIRED","STRUCTURAL_METADATA_ONLY","","","",""
"src/main/java/com/tuoman/ai_task_orchestrator/entity/NotificationEntity.java","021354d98521b889074db7dd047bf2b4144ce4cc","de89058de8df51f0c076d6fd36563d436cfa79e308241e0630b73ccf3f0aad15","1705","66","51","MAIN_JAVA","com.tuoman.ai_task_orchestrator.entity","main-java/entity","","STRUCTURAL_SCAN_ONLY","","DROP","","HUMAN_REVIEW_REQUIRED","STRUCTURAL_METADATA_ONLY","","","",""
"src/main/java/com/tuoman/ai_task_orchestrator/entity/PromptTemplateEntity.java","03a55d52f4528a2abeb59c778e74e210520580de","9a8364239cc60e9d7ba98f9e9147d6eec02140eb629b007268d0fe837b0babd0","1445","55","43","MAIN_JAVA","com.tuoman.ai_task_orchestrator.entity","main-java/entity","","STRUCTURAL_SCAN_ONLY","","DROP","","HUMAN_REVIEW_REQUIRED","STRUCTURAL_METADATA_ONLY","","","",""
"src/main/java/com/tuoman/ai_task_orchestrator/entity/RagEvaluationCaseEntity.java","6f42193e0c1f96abc2b2bdcedba313bd3a1e0df0","126d58c3378411bb5c3a6e0bbaa32698e72f0e5842a801d0a8ef86e23c613199","2453","89","66","MAIN_JAVA","com.tuoman.ai_task_orchestrator.entity","main-java/entity","","STRUCTURAL_SCAN_ONLY","","DROP","","HUMAN_REVIEW_REQUIRED","STRUCTURAL_METADATA_ONLY","","","",""
"src/main/java/com/tuoman/ai_task_orchestrator/entity/RagEvaluationCaseResultEntity.java","ff73f3667f5cee9d5f18b822cb6b604c0309996d","b9e9e8803198d16ec62296ea8264b837f1c5b47de1b83ca26027aeb35cad0c04","2740","91","64","MAIN_JAVA","com.tuoman.ai_task_orchestrator.entity","main-java/entity","","STRUCTURAL_SCAN_ONLY","","DROP","","HUMAN_REVIEW_REQUIRED","STRUCTURAL_METADATA_ONLY","","","",""
"src/main/java/com/tuoman/ai_task_orchestrator/entity/RagEvaluationDatasetEntity.java","e890d429100a5c8ee5325e4cf58208f6642040ab","916edb59adf8a3c0a5058159e956dd670c35f9ed6fcef9b6c3f8d8b0794ff61f","1824","67","53","MAIN_JAVA","com.tuoman.ai_task_orchestrator.entity","main-java/entity","","STRUCTURAL_SCAN_ONLY","","DROP","","HUMAN_REVIEW_REQUIRED","STRUCTURAL_METADATA_ONLY","","","",""
"src/main/java/com/tuoman/ai_task_orchestrator/entity/RagEvaluationRunEntity.java","71a33e1f3f3937f842a26d206af892c54985f417","c8f60897e75d7a4ac02fa8e5b8dfbb6c5d63419b7a1f9fe5e4b0a8e43a5f52f0","3352","121","93","MAIN_JAVA","com.tuoman.ai_task_orchestrator.entity","main-java/entity","","STRUCTURAL_SCAN_ONLY","","DROP","","HUMAN_REVIEW_REQUIRED","STRUCTURAL_METADATA_ONLY","","","",""
"src/main/java/com/tuoman/ai_task_orchestrator/entity/RetrievalReindexEventEntity.java","fe3a779ecdacbe1c1e82424bb9ee89841e6034d8","be3e3ca15d0ce259527537e8fc4e580a1d72d358edd1fbf0bb32efa730743432","1057","47","34","MAIN_JAVA","com.tuoman.ai_task_orchestrator.entity","main-java/entity","","STRUCTURAL_SCAN_ONLY","","DROP","","HUMAN_REVIEW_REQUIRED","STRUCTURAL_METADATA_ONLY","","","",""
"src/main/java/com/tuoman/ai_task_orchestrator/entity/TaskAttemptEntity.java","c76a94f1d7f3ebc7ad46d0f21c1eaa17051ddc00","e33bc201da3f584f33aac31f3415370b252e0bc2a8c23abc76c90c225f958d34","2641","96","73","MAIN_JAVA","com.tuoman.ai_task_orchestrator.entity","main-java/entity","","STRUCTURAL_SCAN_ONLY","","DROP","","HUMAN_REVIEW_REQUIRED","STRUCTURAL_METADATA_ONLY","","","",""
"src/main/java/com/tuoman/ai_task_orchestrator/entity/TaskEntity.java","535ae0966de1f881947f29c97791f84b64436c92","8bd17efce11acf739ee79a11596748d6dbd2cef33bb47be4533a900c3e97411c","2359","92","66","MAIN_JAVA","com.tuoman.ai_task_orchestrator.entity","main-java/entity","","STRUCTURAL_SCAN_ONLY","","DROP","","HUMAN_REVIEW_REQUIRED","STRUCTURAL_METADATA_ONLY","","","",""
"src/main/java/com/tuoman/ai_task_orchestrator/entity/TaskEventEntity.java","cca4ea449b189f4b8878b36d89795314782544ec","a14b81238efd1a940cc5ae974dafd3daeb839a09d70fb2462101af53ac6d4841","1138","46","35","MAIN_JAVA","com.tuoman.ai_task_orchestrator.entity","main-java/entity","","STRUCTURAL_SCAN_ONLY","","DROP","","HUMAN_REVIEW_REQUIRED","STRUCTURAL_METADATA_ONLY","","","",""
"src/main/java/com/tuoman/ai_task_orchestrator/entity/TaskOutboxEntity.java","fbd8c367bf46c75ec0d815ec0f9dfeebfdbdc345","3ae170387d9d787b777b1e4e7d2aeec9ee8c96828cece71f32280d0ccbe4db45","2066","77","59","MAIN_JAVA","com.tuoman.ai_task_orchestrator.entity","main-java/entity","","STRUCTURAL_SCAN_ONLY","","DROP","","HUMAN_REVIEW_REQUIRED","STRUCTURAL_METADATA_ONLY","","","",""
"src/main/java/com/tuoman/ai_task_orchestrator/entity/TaskOutputChunkEntity.java","eddeeec148ee80ee0c8da4203d790e9968c33c73","d0279e09ffc380893f8f9ca40f19161918a2e6f2c3856a353b390992e6f31b68","1005","41","32","MAIN_JAVA","com.tuoman.ai_task_orchestrator.entity","main-java/entity","","STRUCTURAL_SCAN_ONLY","","DROP","","HUMAN_REVIEW_REQUIRED","STRUCTURAL_METADATA_ONLY","","","",""
"src/main/java/com/tuoman/ai_task_orchestrator/entity/UploadBatchEntity.java","b1ef00305f585e50ece5c9cc102d722751b86eba","5f8b662ccd85434cfe6bcdd420953c56c0375b2ece34ff1dcb2f32493f4aa24a","3285","125","100","MAIN_JAVA","com.tuoman.ai_task_orchestrator.entity","main-java/entity","","STRUCTURAL_SCAN_ONLY","","DROP","","HUMAN_REVIEW_REQUIRED","STRUCTURAL_METADATA_ONLY","","","",""
"src/main/java/com/tuoman/ai_task_orchestrator/entity/UploadBatchItemEntity.java","8b6491399927a0b65552b0408059fa0a7e663d28","4a9a0beee73bd0de4e91797ae8d02498c935ccce1d50cf2c18783bb11f7b626d","2441","95","70","MAIN_JAVA","com.tuoman.ai_task_orchestrator.entity","main-java/entity","","STRUCTURAL_SCAN_ONLY","","DROP","","HUMAN_REVIEW_REQUIRED","STRUCTURAL_METADATA_ONLY","","","",""
"src/main/java/com/tuoman/ai_task_orchestrator/entity/VectorAuditIssueEntity.java","e8fc378262d72f995891371ad804b875e922117d","ecfe0d0a803e0c75eea2c785081f7918089203a21d73583cce2be9f64f3b0cb3","1636","62","46","MAIN_JAVA","com.tuoman.ai_task_orchestrator.entity","main-java/entity","","STRUCTURAL_SCAN_ONLY","","DROP","","HUMAN_REVIEW_REQUIRED","STRUCTURAL_METADATA_ONLY","","","",""
"src/main/java/com/tuoman/ai_task_orchestrator/entity/VectorAuditRunEntity.java","385d4fee4571089b755fd30a93e04e9260c235e4","d40a2839db07627cfd552da1c31f197e545c09b835f8630eea81ef33d8f7ed8c","1477","57","44","MAIN_JAVA","com.tuoman.ai_task_orchestrator.entity","main-java/entity","","STRUCTURAL_SCAN_ONLY","","DROP","","HUMAN_REVIEW_REQUIRED","STRUCTURAL_METADATA_ONLY","","","",""
"src/main/java/com/tuoman/ai_task_orchestrator/entity/VectorIndexGenerationEntity.java","d86248db8e3e04cf01331b4f96696f1fb8afa74a","194e554ebba4241e15830ecb32754e38dbd9aeada430ab0efc1633daabdc4497","1587","63","46","MAIN_JAVA","com.tuoman.ai_task_orchestrator.entity","main-java/entity","","STRUCTURAL_SCAN_ONLY","","DROP","","HUMAN_REVIEW_REQUIRED","STRUCTURAL_METADATA_ONLY","","","",""
"src/main/java/com/tuoman/ai_task_orchestrator/enums/AgentTaskEventStatus.java","13aa5e0ee4d0d6d5da96d357df1633a62298a378","6d7df83df61126f8276ce282d3c787dbdcd96fc045b926ce83f55d7e454cd53b","124","7","6","MAIN_JAVA","com.tuoman.ai_task_orchestrator.enums","main-java/enums","","STRUCTURAL_SCAN_ONLY","","DROP","","HUMAN_REVIEW_REQUIRED","STRUCTURAL_METADATA_ONLY","","","",""
"src/main/java/com/tuoman/ai_task_orchestrator/enums/AgentTaskEventType.java","2f62b7ccd722a0253f462ff485870b6de093d461","806b768b62b03499272d7e7f4a488616f8cb98d13027c55e255b65aaa91fd2e5","443","20","19","MAIN_JAVA","com.tuoman.ai_task_orchestrator.enums","main-java/enums","","STRUCTURAL_SCAN_ONLY","","DROP","","HUMAN_REVIEW_REQUIRED","STRUCTURAL_METADATA_ONLY","","","",""
"src/main/java/com/tuoman/ai_task_orchestrator/enums/AgentTaskStatus.java","ff14b0641fd0d9d30b21e735c2fd1e689166bfa9","a944f901662dab0901d76810ec616ede446958801305f5a7a3210a74aeca8540","146","9","8","MAIN_JAVA","com.tuoman.ai_task_orchestrator.enums","main-java/enums","","STRUCTURAL_SCAN_ONLY","","DROP","","HUMAN_REVIEW_REQUIRED","STRUCTURAL_METADATA_ONLY","","","",""
"src/main/java/com/tuoman/ai_task_orchestrator/enums/AgentTaskStep.java","c93bf915247dc0b83971d51abf5c408d7b4fc215","c3543243ab9f26405e4c71d2a7a31daf09259f00dad0cd9a18cfa7c80e278fa1","155","10","9","MAIN_JAVA","com.tuoman.ai_task_orchestrator.enums","main-java/enums","","STRUCTURAL_SCAN_ONLY","","DROP","","HUMAN_REVIEW_REQUIRED","STRUCTURAL_METADATA_ONLY","","","",""
"src/main/java/com/tuoman/ai_task_orchestrator/enums/AgentTaskStepStatus.java","48a3fb3b29b2260092c048f0ec7c6a668dbd93a0","9a7e86c214367ef81f1d446a52b113c7942dce93ef6ad20d7f159f6c82a57281","149","9","8","MAIN_JAVA","com.tuoman.ai_task_orchestrator.enums","main-java/enums","","STRUCTURAL_SCAN_ONLY","","DROP","","HUMAN_REVIEW_REQUIRED","STRUCTURAL_METADATA_ONLY","","","",""
"src/main/java/com/tuoman/ai_task_orchestrator/enums/AgentTaskStepType.java","ad589ef8d71407a609c8d010e42b59679b6771a2","180e7df9d69130e5aea5dc1ef88ce911137ec726b10bb9ee869629e7ab9166cb","134","7","6","MAIN_JAVA","com.tuoman.ai_task_orchestrator.enums","main-java/enums","","STRUCTURAL_SCAN_ONLY","","DROP","","HUMAN_REVIEW_REQUIRED","STRUCTURAL_METADATA_ONLY","","","",""
"src/main/java/com/tuoman/ai_task_orchestrator/enums/ChunkMetadataStatus.java","94a7e96badfb02373592ae87536809c0b6286678","be89a40607423fbad09c19c73c3689aeffa8b326bb478d79404269cac31c9c80","147","9","8","MAIN_JAVA","com.tuoman.ai_task_orchestrator.enums","main-java/enums","","STRUCTURAL_SCAN_ONLY","","DROP","","HUMAN_REVIEW_REQUIRED","STRUCTURAL_METADATA_ONLY","","","",""
"src/main/java/com/tuoman/ai_task_orchestrator/enums/ChunkStatus.java","82695ef9b06222c934fe3d2195f2a24c5c790d7f","837e10bdb40e79d3034174804f26540ae3a46af240316f5aa1d675beb485025c","103","6","5","MAIN_JAVA","com.tuoman.ai_task_orchestrator.enums","main-java/enums","","STRUCTURAL_SCAN_ONLY","","DROP","","HUMAN_REVIEW_REQUIRED","STRUCTURAL_METADATA_ONLY","","","",""
"src/main/java/com/tuoman/ai_task_orchestrator/enums/ChunkType.java","3fa5b7bdd463328166f849cb2c9e669a43e6d763","cd89a726bc6a83eb241088ea25678b2c18e93cedb55ab78e04bffc85d055142d","190","13","12","MAIN_JAVA","com.tuoman.ai_task_orchestrator.enums","main-java/enums","","STRUCTURAL_SCAN_ONLY","","DROP","","HUMAN_REVIEW_REQUIRED","STRUCTURAL_METADATA_ONLY","","","",""
"src/main/java/com/tuoman/ai_task_orchestrator/enums/ChunkingStrategy.java","1907d145c8178ffbfd49bd33898ef1b8ba7087aa","ef86e82a6b946d54f08f072f59823d9f17a0a9312a2f1ceeb0ce274369773b10","166","8","7","MAIN_JAVA","com.tuoman.ai_task_orchestrator.enums","main-java/enums","","STRUCTURAL_SCAN_ONLY","","DROP","","HUMAN_REVIEW_REQUIRED","STRUCTURAL_METADATA_ONLY","","","",""
"src/main/java/com/tuoman/ai_task_orchestrator/enums/CollectionStatus.java","4d9a436e54dcdba397f3c79282a5eb6179af9dad","1e49880d944178cd403a2cbb5ec213e0ceac54f97970739a4d4eb6f9b6e140db","92","5","4","MAIN_JAVA","com.tuoman.ai_task_orchestrator.enums","main-java/enums","","STRUCTURAL_SCAN_ONLY","","DROP","","HUMAN_REVIEW_REQUIRED","STRUCTURAL_METADATA_ONLY","","","",""
"src/main/java/com/tuoman/ai_task_orchestrator/enums/ContextExpansionStrategy.java","cac70d82bf17fe08d48a38d190ca6b61226bcbe6","b715bb84cf5bbb836838d1b2c7ee3a02ff09a45738128a6032488a88c842963c","149","8","7","MAIN_JAVA","com.tuoman.ai_task_orchestrator.enums","main-java/enums","","STRUCTURAL_SCAN_ONLY","","DROP","","HUMAN_REVIEW_REQUIRED","STRUCTURAL_METADATA_ONLY","","","",""
"src/main/java/com/tuoman/ai_task_orchestrator/enums/DocumentDocType.java","46307ec140a28008083c87afe4e9dc56ed117449","d3b20a59dc51a4322bf319dd79f752d07f760abb5c04e0f54d2993f9169628a3","226","14","13","MAIN_JAVA","com.tuoman.ai_task_orchestrator.enums","main-java/enums","","STRUCTURAL_SCAN_ONLY","","DROP","","HUMAN_REVIEW_REQUIRED","STRUCTURAL_METADATA_ONLY","","","",""
"src/main/java/com/tuoman/ai_task_orchestrator/enums/DocumentLifecycleStatus.java","fe4f7b864a48d44f23f216d513a4b7b7abc8cd4b","3518a4affb632134f37df0a882f574609e6f00193ebb94463d35ffd436f50135","200","11","9","MAIN_JAVA","com.tuoman.ai_task_orchestrator.enums","main-java/enums","","STRUCTURAL_SCAN_ONLY","","DROP","","HUMAN_REVIEW_REQUIRED","STRUCTURAL_METADATA_ONLY","","","",""
"src/main/java/com/tuoman/ai_task_orchestrator/enums/DocumentPurgeStatus.java","aa0b39cf7f4dcb1df87057596fd77344d91605ae","4c5adba64a054632bd5d9f5e4be3f4c557a5d0190952ce44fa2488c02c7648d9","130","8","7","MAIN_JAVA","com.tuoman.ai_task_orchestrator.enums","main-java/enums","","STRUCTURAL_SCAN_ONLY","","DROP","","HUMAN_REVIEW_REQUIRED","STRUCTURAL_METADATA_ONLY","","","",""
"src/main/java/com/tuoman/ai_task_orchestrator/enums/DocumentStatus.java","d35b46e10597e544b8c13f291d1886833cdbeff0","9e683190e7a4c39463a8f6a569baf92af68a48e90ec182783cff913311bb5fd4","128","8","7","MAIN_JAVA","com.tuoman.ai_task_orchestrator.enums","main-java/enums","","STRUCTURAL_SCAN_ONLY","","DROP","","HUMAN_REVIEW_REQUIRED","STRUCTURAL_METADATA_ONLY","","","",""
"src/main/java/com/tuoman/ai_task_orchestrator/enums/DuplicatePolicy.java","8d430e01e15b0387e1e276e5ca88731059e7ebca","629fc050b02803542eebcdd5c04a8d27e104faf3ea59af67749e50d8705f3af4","126","7","6","MAIN_JAVA","com.tuoman.ai_task_orchestrator.enums","main-java/enums","","STRUCTURAL_SCAN_ONLY","","DROP","","HUMAN_REVIEW_REQUIRED","STRUCTURAL_METADATA_ONLY","","","",""
"src/main/java/com/tuoman/ai_task_orchestrator/enums/IngestionEventStatus.java","0b01eee1925b530e4fab2facba02c03d8b75e165","3b270da885d9792e59acaaf48c661c4e506c3c23beb00011e10f2bb8e6764117","124","7","6","MAIN_JAVA","com.tuoman.ai_task_orchestrator.enums","main-java/enums","","STRUCTURAL_SCAN_ONLY","","DROP","","HUMAN_REVIEW_REQUIRED","STRUCTURAL_METADATA_ONLY","","","",""
"src/main/java/com/tuoman/ai_task_orchestrator/enums/IngestionEventType.java","e6ad7c571c547e4fb0118bf3cd940e70b0205bab","70c848c8b9dd82af5ef51bdb7a2046789f87d89da0a7c0a7de47767f1ff5e073","838","35","34","MAIN_JAVA","com.tuoman.ai_task_orchestrator.enums","main-java/enums","","STRUCTURAL_SCAN_ONLY","","DROP","","HUMAN_REVIEW_REQUIRED","STRUCTURAL_METADATA_ONLY","","","",""
"src/main/java/com/tuoman/ai_task_orchestrator/enums/IngestionTaskStatus.java","56222c60f8ef0f2c5aaea4c7326c13ef04fc73dd","d23962d2c5720b73cbbdf0ab5194304d13a180c0b2dee8597356c0d5bc1cf116","139","8","7","MAIN_JAVA","com.tuoman.ai_task_orchestrator.enums","main-java/enums","","STRUCTURAL_SCAN_ONLY","","DROP","","HUMAN_REVIEW_REQUIRED","STRUCTURAL_METADATA_ONLY","","","",""
"src/main/java/com/tuoman/ai_task_orchestrator/enums/IngestionTaskStep.java","675d5d63e9354c814ef64e7c3c97691eac46e984","6b0158102536855f5a154eca2af2f26a53f38f35201291bb74959ef97c788928","191","11","10","MAIN_JAVA","com.tuoman.ai_task_orchestrator.enums","main-java/enums","","STRUCTURAL_SCAN_ONLY","","DROP","","HUMAN_REVIEW_REQUIRED","STRUCTURAL_METADATA_ONLY","","","",""
"src/main/java/com/tuoman/ai_task_orchestrator/enums/IngestionTaskType.java","7cfe7d092d0d3bc8a3a04bd0814ef8b2cab200c1","794f334352720310c6058f52c2ccb8e0b185051dec5d23534b7dc50ae9151e8d","106","6","5","MAIN_JAVA","com.tuoman.ai_task_orchestrator.enums","main-java/enums","","STRUCTURAL_SCAN_ONLY","","DROP","","HUMAN_REVIEW_REQUIRED","STRUCTURAL_METADATA_ONLY","","","",""
"src/main/java/com/tuoman/ai_task_orchestrator/enums/MemoryScope.java","80892a94487a11b6c6fb6892892cb4318af2daa7","aa8a48a19de17d0561f42265ebdb7e35ee2e48a5aff71fa94383e5af48de8ca3","131","9","8","MAIN_JAVA","com.tuoman.ai_task_orchestrator.enums","main-java/enums","","STRUCTURAL_SCAN_ONLY","","DROP","","HUMAN_REVIEW_REQUIRED","STRUCTURAL_METADATA_ONLY","","","",""
"src/main/java/com/tuoman/ai_task_orchestrator/enums/MemorySourceType.java","80988e59cbe06a916d72b30381f943a980d0fb3b","62b22d534cbeedff0c52d9dd3c1a41a755c7a3c6dac0de043aa48da00b59c3fb","186","10","9","MAIN_JAVA","com.tuoman.ai_task_orchestrator.enums","main-java/enums","","STRUCTURAL_SCAN_ONLY","","DROP","","HUMAN_REVIEW_REQUIRED","STRUCTURAL_METADATA_ONLY","","","",""
"src/main/java/com/tuoman/ai_task_orchestrator/enums/MemoryStatus.java","32120d074934318f6eb5c832cef8040c90d7421c","f8ef26b0d8ad139f24832ce8c5a59800e169574b466f2114f43de58df29bb1f3","144","9","8","MAIN_JAVA","com.tuoman.ai_task_orchestrator.enums","main-java/enums","","STRUCTURAL_SCAN_ONLY","","DROP","","HUMAN_REVIEW_REQUIRED","STRUCTURAL_METADATA_ONLY","","","",""
"src/main/java/com/tuoman/ai_task_orchestrator/enums/MemoryType.java","a15b98902b207f31d8d10a5c929c40098357c656","d49953bdeb48b04b2678d0e5159b2d87a7908a29a18020db78756f5d4292a190","231","14","13","MAIN_JAVA","com.tuoman.ai_task_orchestrator.enums","main-java/enums","","STRUCTURAL_SCAN_ONLY","","DROP","","HUMAN_REVIEW_REQUIRED","STRUCTURAL_METADATA_ONLY","","","",""
"src/main/java/com/tuoman/ai_task_orchestrator/enums/MemoryVisibility.java","6324d23d7e443bf8608df6d424f319d38539533f","ef7e48f2d613e181434b5af45f9acf22bb4ea5ba01b52c1165e553135c333518","117","7","6","MAIN_JAVA","com.tuoman.ai_task_orchestrator.enums","main-java/enums","","STRUCTURAL_SCAN_ONLY","","DROP","","HUMAN_REVIEW_REQUIRED","STRUCTURAL_METADATA_ONLY","","","",""
"src/main/java/com/tuoman/ai_task_orchestrator/enums/NotificationStatus.java","92365ccd38c022fd941dd5a90ea9c778eb00ee33","fd04e5494730a2d7a0211c4a9bb9e9a8cf6d38960c35030705f3692fa32e1c5a","104","6","5","MAIN_JAVA","com.tuoman.ai_task_orchestrator.enums","main-java/enums","","STRUCTURAL_SCAN_ONLY","","DROP","","HUMAN_REVIEW_REQUIRED","STRUCTURAL_METADATA_ONLY","","","",""
"src/main/java/com/tuoman/ai_task_orchestrator/enums/NotificationTargetType.java","a9260946eaaf9e2b89c6e77b2a94474bcc78ddf1","2050cf760e16fcbf9b7f935dd08719db032341afbf36364157099d6f727b31bb","104","5","4","MAIN_JAVA","com.tuoman.ai_task_orchestrator.enums","main-java/enums","","STRUCTURAL_SCAN_ONLY","","DROP","","HUMAN_REVIEW_REQUIRED","STRUCTURAL_METADATA_ONLY","","","",""
"src/main/java/com/tuoman/ai_task_orchestrator/enums/NotificationType.java","6ad56b14d4335a53b9f91327ed7286bd7da08b9d","0f1dc81c6641d4c0ac0c36a5f05c498f46ea31f2950263af1a5628627d88bb3f","246","11","10","MAIN_JAVA","com.tuoman.ai_task_orchestrator.enums","main-java/enums","","STRUCTURAL_SCAN_ONLY","","DROP","","HUMAN_REVIEW_REQUIRED","STRUCTURAL_METADATA_ONLY","","","",""
"src/main/java/com/tuoman/ai_task_orchestrator/enums/RetrievalFusionStrategy.java","f8dd0574c37b74d0bb962555572b3f3cedb5fc29","838a7a59b89c0012fd3bd4528a4b5d77806e591c8e645e8ba32ed8c3e8fb8f4f","151","8","7","MAIN_JAVA","com.tuoman.ai_task_orchestrator.enums","main-java/enums","","STRUCTURAL_SCAN_ONLY","","DROP","","HUMAN_REVIEW_REQUIRED","STRUCTURAL_METADATA_ONLY","","","",""
"src/main/java/com/tuoman/ai_task_orchestrator/enums/RetrievalScopeType.java","53a7023e6b2f57a7d79df83427d02eb3218eb8c0","27a431afa1a050a8973cb4e7b1ea69e219a192670ee57240ef99230c14336621","117","6","5","MAIN_JAVA","com.tuoman.ai_task_orchestrator.enums","main-java/enums","","STRUCTURAL_SCAN_ONLY","","DROP","","HUMAN_REVIEW_REQUIRED","STRUCTURAL_METADATA_ONLY","","","",""
"src/main/java/com/tuoman/ai_task_orchestrator/enums/TaskAttemptStatus.java","da6cf6d1489b5cf2262848f7d8961840fc870b5f","5e9a7a2698406a3216f725e8e2d2f99b81efd9fd98e1926cf98e207bcc2db3e1","147","9","8","MAIN_JAVA","com.tuoman.ai_task_orchestrator.enums","main-java/enums","","STRUCTURAL_SCAN_ONLY","","DROP","","HUMAN_REVIEW_REQUIRED","STRUCTURAL_METADATA_ONLY","","","",""
"src/main/java/com/tuoman/ai_task_orchestrator/enums/TaskEventType.java","d50d08b2f9f518db5e307c27a502fb969f495cd3","a0af0ba8a211601e6f453f2a476d961b8162a1b185ee61bd3f9affc886408342","117","9","5","MAIN_JAVA","com.tuoman.ai_task_orchestrator.enums","main-java/enums","","STRUCTURAL_SCAN_ONLY","","DROP","","HUMAN_REVIEW_REQUIRED","STRUCTURAL_METADATA_ONLY","","","",""
"src/main/java/com/tuoman/ai_task_orchestrator/enums/TaskOutboxStatus.java","7285325c0339cc4302b7fe54b59b1d2e17b4e8e7","47de3cde0cbc24040c0a6a09190af43dda98de4ecfb443e1354ed5950848226a","131","8","7","MAIN_JAVA","com.tuoman.ai_task_orchestrator.enums","main-java/enums","","STRUCTURAL_SCAN_ONLY","","DROP","","HUMAN_REVIEW_REQUIRED","STRUCTURAL_METADATA_ONLY","","","",""
"src/main/java/com/tuoman/ai_task_orchestrator/enums/TaskStatus.java","66119bf80487e24d32f1291f645c246ac2a568e9","388cf1bef183f81ba4cfd7faa4db129824736cf6703ddd06a3302a6685771a4d","169","16","9","MAIN_JAVA","com.tuoman.ai_task_orchestrator.enums","main-java/enums","","STRUCTURAL_SCAN_ONLY","","DROP","","HUMAN_REVIEW_REQUIRED","STRUCTURAL_METADATA_ONLY","","","",""
"src/main/java/com/tuoman/ai_task_orchestrator/enums/UploadBatchItemStatus.java","0635ffa565f40d1da2007d626d6bcede6d4a93bb","4dceb60e9aa8729d45446c0faf3378a3ffe385150b3f9ebb8f177e46ecca5760","245","13","12","MAIN_JAVA","com.tuoman.ai_task_orchestrator.enums","main-java/enums","","STRUCTURAL_SCAN_ONLY","","DROP","","HUMAN_REVIEW_REQUIRED","STRUCTURAL_METADATA_ONLY","","","",""
"src/main/java/com/tuoman/ai_task_orchestrator/enums/UploadBatchStatus.java","8d1a544e0933e10ab01e1705f9afe3e8a443c818","6644db74e3c432efb2a4e7c88150145a4b04204dd9351489dceb87bb834c830f","205","12","11","MAIN_JAVA","com.tuoman.ai_task_orchestrator.enums","main-java/enums","","STRUCTURAL_SCAN_ONLY","","DROP","","HUMAN_REVIEW_REQUIRED","STRUCTURAL_METADATA_ONLY","","","",""
"src/main/java/com/tuoman/ai_task_orchestrator/enums/VectorAuditIssueSeverity.java","a5415ff37165114a0fb61d9eaafa4ff967deff69","c96dcdc888a3e2e5b1df5b90821b3bb8798084dff53dbc18eb2fa8301ca7993a","125","7","6","MAIN_JAVA","com.tuoman.ai_task_orchestrator.enums","main-java/enums","","STRUCTURAL_SCAN_ONLY","","DROP","","HUMAN_REVIEW_REQUIRED","STRUCTURAL_METADATA_ONLY","","","",""
"src/main/java/com/tuoman/ai_task_orchestrator/enums/VectorAuditIssueType.java","cecab0a8e07f4ffa21e318c0d7fdbddb07924980","0a5413f077482f8cf5f0e42718749ffb5de76063c1b5a0a76ea852c67a399b18","324","13","12","MAIN_JAVA","com.tuoman.ai_task_orchestrator.enums","main-java/enums","","STRUCTURAL_SCAN_ONLY","","DROP","","HUMAN_REVIEW_REQUIRED","STRUCTURAL_METADATA_ONLY","","","",""
"src/main/java/com/tuoman/ai_task_orchestrator/enums/VectorAuditRunStatus.java","1d7dd8f795a969ca1392dbc64be36506c2f518c5","bdcd2816a486cfe1272730b392119ecbd0ba19453123c43b8dda971c0e940faf","124","7","6","MAIN_JAVA","com.tuoman.ai_task_orchestrator.enums","main-java/enums","","STRUCTURAL_SCAN_ONLY","","DROP","","HUMAN_REVIEW_REQUIRED","STRUCTURAL_METADATA_ONLY","","","",""
"src/main/java/com/tuoman/ai_task_orchestrator/enums/VectorAuditScopeType.java","d4c46f072de63232f40540c088543f28afc4f204","438bb6119789b9dfc0b77a2e9a258d32296dce5d87e3bbdea468a9842ef25254","123","7","6","MAIN_JAVA","com.tuoman.ai_task_orchestrator.enums","main-java/enums","","STRUCTURAL_SCAN_ONLY","","DROP","","HUMAN_REVIEW_REQUIRED","STRUCTURAL_METADATA_ONLY","","","",""
"src/main/java/com/tuoman/ai_task_orchestrator/enums/VectorGenerationStatus.java","9d9480eb776caebac3cb24366dfc0b8ba6e7eb77","9b471a1348daf0112c01aa529b766c67ce21e6301db40194a3b0078a49db0c0e","137","8","7","MAIN_JAVA","com.tuoman.ai_task_orchestrator.enums","main-java/enums","","STRUCTURAL_SCAN_ONLY","","DROP","","HUMAN_REVIEW_REQUIRED","STRUCTURAL_METADATA_ONLY","","","",""
"src/main/java/com/tuoman/ai_task_orchestrator/enums/VectorUpsertOperation.java","5290759938766da221119877f7bcda2bae1c360a","ed83e9cb6cb7dbe8f84557984851614374d2df8305dd5e4e69c29a53a98e0949","136","8","7","MAIN_JAVA","com.tuoman.ai_task_orchestrator.enums","main-java/enums","","STRUCTURAL_SCAN_ONLY","","DROP","","HUMAN_REVIEW_REQUIRED","STRUCTURAL_METADATA_ONLY","","","",""
"src/main/java/com/tuoman/ai_task_orchestrator/evaluation/BenchmarkEvidenceMapper.java","15fd3aebcbf34f385bf8bfc22e8deda2a9078169","fc700d4ce8880293dee55ddec22fc16b52eb4304a7da45865f2c45f58a08561e","3418","85","73","MAIN_JAVA","com.tuoman.ai_task_orchestrator.evaluation","main-java/evaluation","","STRUCTURAL_SCAN_ONLY","","DROP","","HUMAN_REVIEW_REQUIRED","STRUCTURAL_METADATA_ONLY","","","",""
"src/main/java/com/tuoman/ai_task_orchestrator/evaluation/LatencyMeasuringVectorStore.java","6b7660361e0bac36f540e2fbc5c1c6f6eea1f620","276ac9aec9c2a885c07d4120901397e6c93df228177dff46d9c62585278f334b","4852","146","120","MAIN_JAVA","com.tuoman.ai_task_orchestrator.evaluation","main-java/evaluation","","STRUCTURAL_SCAN_ONLY","","DROP","","HUMAN_REVIEW_REQUIRED","STRUCTURAL_METADATA_ONLY","","","",""
"src/main/java/com/tuoman/ai_task_orchestrator/evaluation/LatencyStats.java","80a66db573ec2478c28464d96a42d07ace9060ad","64929ad58236cff42a31a6acf09cf111f29613b4af5e17b419e686d6257b019c","383","16","14","MAIN_JAVA","com.tuoman.ai_task_orchestrator.evaluation","main-java/evaluation","","STRUCTURAL_SCAN_ONLY","","DROP","","HUMAN_REVIEW_REQUIRED","STRUCTURAL_METADATA_ONLY","","","",""
"src/main/java/com/tuoman/ai_task_orchestrator/evaluation/RetrievalBenchmarkCase.java","14e63a3e3721049e93494d7ca10005b6a66fcf1b","f98366fc787e3991b18bdf08f7f02709487bd728d127c17371a939083c87cc44","207","10","8","MAIN_JAVA","com.tuoman.ai_task_orchestrator.evaluation","main-java/evaluation","","STRUCTURAL_SCAN_ONLY","","DROP","","HUMAN_REVIEW_REQUIRED","STRUCTURAL_METADATA_ONLY","","","",""
"src/main/java/com/tuoman/ai_task_orchestrator/evaluation/RetrievalBenchmarkDataset.java","2e7b1851247d8e5b8a8c0a9ed79bf600a9e51a5d","ff3827fefaeb6992cb5c9c2fadc7275605339bff5ce5b22ee7f021c20d24c467","282","12","10","MAIN_JAVA","com.tuoman.ai_task_orchestrator.evaluation","main-java/evaluation","","STRUCTURAL_SCAN_ONLY","","DROP","","HUMAN_REVIEW_REQUIRED","STRUCTURAL_METADATA_ONLY","","","",""
"src/main/java/com/tuoman/ai_task_orchestrator/evaluation/RetrievalBenchmarkResourceLoader.java","52c97ab29c18f267851937a8ea62c0ccaa2c6c36","ef215b94607e1a24c5413d77bc287d49e13b46c871c5f9da3832bc2800b34dbc","1187","33","26","MAIN_JAVA","com.tuoman.ai_task_orchestrator.evaluation","main-java/evaluation","","STRUCTURAL_SCAN_ONLY","","DROP","","HUMAN_REVIEW_REQUIRED","STRUCTURAL_METADATA_ONLY","","","",""
"src/main/java/com/tuoman/ai_task_orchestrator/evaluation/VectorStoreBenchmarkReportWriter.java","679d8b9a3988ee6b0819a8895e9a923b5f3cf4f3","76fe1ffdebf2f2211c165e8a7230e481ae54d37112a1e23c2c4228aab50d4692","14704","286","252","MAIN_JAVA","com.tuoman.ai_task_orchestrator.evaluation","main-java/evaluation","","STRUCTURAL_SCAN_ONLY","","DROP","","HUMAN_REVIEW_REQUIRED","STRUCTURAL_METADATA_ONLY","","","",""
"src/main/java/com/tuoman/ai_task_orchestrator/evaluation/VectorStoreBenchmarkRequest.java","2ba7f3497b318a28860625ac1fdbf884e6371603","544ccb67709ad1f226deda35df1f6541ed38a3242f869fd986e3012325e98089","622","19","16","MAIN_JAVA","com.tuoman.ai_task_orchestrator.evaluation","main-java/evaluation","","STRUCTURAL_SCAN_ONLY","","DROP","","HUMAN_REVIEW_REQUIRED","STRUCTURAL_METADATA_ONLY","","","",""
"src/main/java/com/tuoman/ai_task_orchestrator/evaluation/VectorStoreBenchmarkResponse.java","ee273ae98d51a9b53db6d1762a1cc536be648437","e73707417adf106f7fbbaaa210faa9aa5469a71381e3435336ff85d03ce49e1e","340","12","10","MAIN_JAVA","com.tuoman.ai_task_orchestrator.evaluation","main-java/evaluation","","STRUCTURAL_SCAN_ONLY","","DROP","","HUMAN_REVIEW_REQUIRED","STRUCTURAL_METADATA_ONLY","","","",""
"src/main/java/com/tuoman/ai_task_orchestrator/evaluation/VectorStoreBenchmarkRunner.java","dde130c18437c4a70142570ee914f0afa36005d5","ab63d0347fcbc385901f71da9698a1f1091e8c2a467a6ca9a9ef7f61e7b37ba3","9574","212","190","MAIN_JAVA","com.tuoman.ai_task_orchestrator.evaluation","main-java/evaluation","","STRUCTURAL_SCAN_ONLY","","DROP","","HUMAN_REVIEW_REQUIRED","STRUCTURAL_METADATA_ONLY","","","",""
"src/main/java/com/tuoman/ai_task_orchestrator/evaluation/VectorStoreBenchmarkSideResult.java","d1720c921876a4436c408dfa585fcaf38ef0d393","e83299ac4c0229d6578082c89763f449420c475f2f8b271e68487d90dde7ffc7","589","18","15","MAIN_JAVA","com.tuoman.ai_task_orchestrator.evaluation","main-java/evaluation","","STRUCTURAL_SCAN_ONLY","","DROP","","HUMAN_REVIEW_REQUIRED","STRUCTURAL_METADATA_ONLY","","","",""
"src/main/java/com/tuoman/ai_task_orchestrator/evaluation/VectorStoreMetricDelta.java","681885e1df9d545cb532f524c73ff17087db87f1","b02ee34b017e42a1282ff4d28df214c230d5f69369cf96af818b5470664f0027","307","12","11","MAIN_JAVA","com.tuoman.ai_task_orchestrator.evaluation","main-java/evaluation","","STRUCTURAL_SCAN_ONLY","","DROP","","HUMAN_REVIEW_REQUIRED","STRUCTURAL_METADATA_ONLY","","","",""
"src/main/java/com/tuoman/ai_task_orchestrator/evaluation/rag/RagCaseMetrics.java","c5b9dd696b08a0aa44efb7aea986e55f760ae731","c8d458c2b0c260d7f9e927fc57c9e51b96dfaad601d9beefef89cb083e5c4b85","190","9","8","MAIN_JAVA","com.tuoman.ai_task_orchestrator.evaluation.rag","main-java/evaluation","","STRUCTURAL_SCAN_ONLY","","DROP","","HUMAN_REVIEW_REQUIRED","STRUCTURAL_METADATA_ONLY","","","",""
"src/main/java/com/tuoman/ai_task_orchestrator/evaluation/rag/RagEvaluationRetrievalHelper.java","731b7bf6f8f1eddf82d213fc338c77710aed0209","ab3c4c008d60b0422c2b81957fe47990f2d927f0ac47df1cbabe85d0ad85daef","11540","296","273","MAIN_JAVA","com.tuoman.ai_task_orchestrator.evaluation.rag","main-java/evaluation","","STRUCTURAL_SCAN_ONLY","","DROP","","HUMAN_REVIEW_REQUIRED","STRUCTURAL_METADATA_ONLY","","","",""
"src/main/java/com/tuoman/ai_task_orchestrator/evaluation/rag/RagHybridComparisonCaseResult.java","5183c6f2cf15c6dd1b48f67d4dfc4b5c39c4d393","a70e118add93f66fc144f11c72bc1b3dcd3b1fabfbac519adb56aa58dbc989dc","322","13","12","MAIN_JAVA","com.tuoman.ai_task_orchestrator.evaluation.rag","main-java/evaluation","","STRUCTURAL_SCAN_ONLY","","DROP","","HUMAN_REVIEW_REQUIRED","STRUCTURAL_METADATA_ONLY","","","",""
"src/main/java/com/tuoman/ai_task_orchestrator/evaluation/rag/RagHybridComparisonReport.java","661ae8bca26ea70dcf95c7c58e776d4e82d523e9","05b08fb918d50b48c047f36b782e1c49499b56fb0c29c128af002f214b98ebb9","752","26","24","MAIN_JAVA","com.tuoman.ai_task_orchestrator.evaluation.rag","main-java/evaluation","","STRUCTURAL_SCAN_ONLY","","DROP","","HUMAN_REVIEW_REQUIRED","STRUCTURAL_METADATA_ONLY","","","",""
"src/main/java/com/tuoman/ai_task_orchestrator/evaluation/rag/RagRetrievalCaseResult.java","f55ac4ef84eee168aa464b4bc8b0eb71c85b49e5","baa9c470fc623518589420536cf8207f21b780b4950e8e5d4e4438d4a83b1da9","471","18","16","MAIN_JAVA","com.tuoman.ai_task_orchestrator.evaluation.rag","main-java/evaluation","","STRUCTURAL_SCAN_ONLY","","DROP","","HUMAN_REVIEW_REQUIRED","STRUCTURAL_METADATA_ONLY","","","",""
"src/main/java/com/tuoman/ai_task_orchestrator/evaluation/rag/RagRetrievalComparisonCaseResult.java","093412eacca762c572d2197fc6d2c6795473d510","fb266903a68a6f466a1609202fd4f81bd7191cbc7be2b2e6896fa1b495d1d4d5","309","12","11","MAIN_JAVA","com.tuoman.ai_task_orchestrator.evaluation.rag","main-java/evaluation","","STRUCTURAL_SCAN_ONLY","","DROP","","HUMAN_REVIEW_REQUIRED","STRUCTURAL_METADATA_ONLY","","","",""
"src/main/java/com/tuoman/ai_task_orchestrator/evaluation/rag/RagRetrievalComparisonReport.java","5a320ef17b67b64cb8368169f7908c713e320ce5","1de0bb37fc1738d402b1ed178ff337ac20773eb3b7d95397e86f10a1597c0f61","649","22","20","MAIN_JAVA","com.tuoman.ai_task_orchestrator.evaluation.rag","main-java/evaluation","","STRUCTURAL_SCAN_ONLY","","DROP","","HUMAN_REVIEW_REQUIRED","STRUCTURAL_METADATA_ONLY","","","",""
"src/main/java/com/tuoman/ai_task_orchestrator/evaluation/rag/RagRetrievalDeltaMetrics.java","bc6c600749a3ebf9562f03729a62227bd1592b66","09078e696a57c95eeaefe5101f80e32e885db13a3c79567e87c07b1196e31ae6","298","12","11","MAIN_JAVA","com.tuoman.ai_task_orchestrator.evaluation.rag","main-java/evaluation","","STRUCTURAL_SCAN_ONLY","","DROP","","HUMAN_REVIEW_REQUIRED","STRUCTURAL_METADATA_ONLY","","","",""
"src/main/java/com/tuoman/ai_task_orchestrator/evaluation/rag/RagRetrievalEvaluationCase.java","4d2e9efef0746b9a92e704601fc13e8cfb27b05f","c4a22b433724c72f4e519814765827ba628c1ae731becbf3c9b48bc5078e87e2","249","11","9","MAIN_JAVA","com.tuoman.ai_task_orchestrator.evaluation.rag","main-java/evaluation","","STRUCTURAL_SCAN_ONLY","","DROP","","HUMAN_REVIEW_REQUIRED","STRUCTURAL_METADATA_ONLY","","","",""
"src/main/java/com/tuoman/ai_task_orchestrator/evaluation/rag/RagRetrievalEvaluationDataset.java","7430b892017f0f989af4cb970bbbac88818c6ade","f523e171a523146e1f726a6da6afe61a55d4a7768ddd25e0cf96825c0877b652","264","11","9","MAIN_JAVA","com.tuoman.ai_task_orchestrator.evaluation.rag","main-java/evaluation","","STRUCTURAL_SCAN_ONLY","","DROP","","HUMAN_REVIEW_REQUIRED","STRUCTURAL_METADATA_ONLY","","","",""
"src/main/java/com/tuoman/ai_task_orchestrator/evaluation/rag/RagRetrievalEvaluationDatasetLoader.java","744174c8b775ce6dbc9530123a0708a33332eaa6","2461eeb8335eb103a9a72226885b58021a4562d1bba1b9093743d7f36c0f47f8","4272","96","86","MAIN_JAVA","com.tuoman.ai_task_orchestrator.evaluation.rag","main-java/evaluation","","STRUCTURAL_SCAN_ONLY","","DROP","","HUMAN_REVIEW_REQUIRED","STRUCTURAL_METADATA_ONLY","","","",""
"src/main/java/com/tuoman/ai_task_orchestrator/evaluation/rag/RagRetrievalEvaluationExecutor.java","547ffcfcc2b7143dca744eb5f4950de68a2497ba","4f4dd78204f3b29a40d0d636a12629399aa7041521f9982c88c5430f608ea4f7","18513","476","428","MAIN_JAVA","com.tuoman.ai_task_orchestrator.evaluation.rag","main-java/evaluation","","STRUCTURAL_SCAN_ONLY","","DROP","","HUMAN_REVIEW_REQUIRED","STRUCTURAL_METADATA_ONLY","","","",""
"src/main/java/com/tuoman/ai_task_orchestrator/evaluation/rag/RagRetrievalEvaluationProperties.java","34bd2d899b59981c717c2e439de0ac526c5638d3","41f259811d648ef0f43b7f35fdc297077f026444a2cf68d519e87b3107498651","888","37","22","MAIN_JAVA","com.tuoman.ai_task_orchestrator.evaluation.rag","main-java/evaluation","","STRUCTURAL_SCAN_ONLY","","DROP","","HUMAN_REVIEW_REQUIRED","STRUCTURAL_METADATA_ONLY","","","",""
"src/main/java/com/tuoman/ai_task_orchestrator/evaluation/rag/RagRetrievalEvaluationReport.java","4e662995240b9a2279324aecc0459e4623b6800a","59553b2a569a041683c9eafc74aa7ca7be3f97c77b29dcee1dafa887775236d1","481","18","16","MAIN_JAVA","com.tuoman.ai_task_orchestrator.evaluation.rag","main-java/evaluation","","STRUCTURAL_SCAN_ONLY","","DROP","","HUMAN_REVIEW_REQUIRED","STRUCTURAL_METADATA_ONLY","","","",""
"src/main/java/com/tuoman/ai_task_orchestrator/evaluation/rag/RagRetrievalEvaluationReportWriter.java","8d7eef22dbec13fd300757b4f5a5fc8a4ce3c361","7ab5dbb0c5ff031d85695cfd5ff2b645ade19f87c673a5384ef1e1864aea401e","14605","267","227","MAIN_JAVA","com.tuoman.ai_task_orchestrator.evaluation.rag","main-java/evaluation","","STRUCTURAL_SCAN_ONLY","","DROP","","HUMAN_REVIEW_REQUIRED","STRUCTURAL_METADATA_ONLY","","","",""
"src/main/java/com/tuoman/ai_task_orchestrator/evaluation/rag/RagRetrievalEvaluationRunner.java","cad4a55282a5ed0a7d169f75f4ac7296f82d3f8e","a68a9a2c443f69cda1d864d7aab87374471627d69f11eeb91d12b8f142a02cb2","3897","91","78","MAIN_JAVA","com.tuoman.ai_task_orchestrator.evaluation.rag","main-java/evaluation","","STRUCTURAL_SCAN_ONLY","","DROP","","HUMAN_REVIEW_REQUIRED","STRUCTURAL_METADATA_ONLY","","","",""
"src/main/java/com/tuoman/ai_task_orchestrator/evaluation/rag/RagRetrievalExpectedItem.java","46f08332bd9a66274429a8244d584eff79a61fda","4c18c8d128e87b8fce3f98febe5d0b5eace8b82d1c14cf9243f34767bbe0fc41","244","10","9","MAIN_JAVA","com.tuoman.ai_task_orchestrator.evaluation.rag","main-java/evaluation","","STRUCTURAL_SCAN_ONLY","","DROP","","HUMAN_REVIEW_REQUIRED","STRUCTURAL_METADATA_ONLY","","","",""
"src/main/java/com/tuoman/ai_task_orchestrator/evaluation/rag/RagRetrievalMetricsCalculator.java","9658f6623f9cac4692762d71e8d30ca5640b80e4","f92c91829e643d2e4ee1d327255b52e6e528c7879e620810dd7e6b51711bf9f2","3689","93","80","MAIN_JAVA","com.tuoman.ai_task_orchestrator.evaluation.rag","main-java/evaluation","","STRUCTURAL_SCAN_ONLY","","DROP","","HUMAN_REVIEW_REQUIRED","STRUCTURAL_METADATA_ONLY","","","",""
"src/main/java/com/tuoman/ai_task_orchestrator/evaluation/rag/RagRetrievalSummaryMetrics.java","b2d6268e98e1572bd8d7c59651c72adef543f567","ad8a484f1d4e0e411294d3deddffd620b0a75ed75cd87fa99b5e3635543bf674","299","12","11","MAIN_JAVA","com.tuoman.ai_task_orchestrator.evaluation.rag","main-java/evaluation","","STRUCTURAL_SCAN_ONLY","","DROP","","HUMAN_REVIEW_REQUIRED","STRUCTURAL_METADATA_ONLY","","","",""
"src/main/java/com/tuoman/ai_task_orchestrator/evaluation/rag/RagRetrievedItem.java","1d95c0da7b6ab507def79cf3868df1974138a975","92919fb784e3928362f2acd834dd236aad6d90e73fcf66dd62d95b53221ad116","1195","50","49","MAIN_JAVA","com.tuoman.ai_task_orchestrator.evaluation.rag","main-java/evaluation","","STRUCTURAL_SCAN_ONLY","","DROP","","HUMAN_REVIEW_REQUIRED","STRUCTURAL_METADATA_ONLY","","","",""
"src/main/java/com/tuoman/ai_task_orchestrator/grounding/AnswerContractMode.java","7fa31d90c65825dd3e4de7aae7921e7cca070d2a","47e942294245d337c47d3c685b6b13ecf56daa05b244551beda2b14defca4f7a","215","11","9","MAIN_JAVA","com.tuoman.ai_task_orchestrator.grounding","main-java/grounding","","STRUCTURAL_SCAN_ONLY","","DROP","","HUMAN_REVIEW_REQUIRED","STRUCTURAL_METADATA_ONLY","","","",""
"src/main/java/com/tuoman/ai_task_orchestrator/grounding/AnswerGroundingScore.java","44b6288accf17fd3a3076d44aca66a4fb95c3cb0","9809428421d065b0ca1300ed65846e465d84ad4d51d26fb6224157b420ad743a","574","20","17","MAIN_JAVA","com.tuoman.ai_task_orchestrator.grounding","main-java/grounding","","STRUCTURAL_SCAN_ONLY","","DROP","","HUMAN_REVIEW_REQUIRED","STRUCTURAL_METADATA_ONLY","","","",""
"src/main/java/com/tuoman/ai_task_orchestrator/grounding/AnswerGroundingScoreCalculator.java","149c49f65557d4534a76d15f92d6bdf0563a8f56","5ec35bc7c68f30cfca1f3b95aba4b9ff800b19b98207000461fb71efa460819e","2836","70","65","MAIN_JAVA","com.tuoman.ai_task_orchestrator.grounding","main-java/grounding","","STRUCTURAL_SCAN_ONLY","","DROP","","HUMAN_REVIEW_REQUIRED","STRUCTURAL_METADATA_ONLY","","","",""
"src/main/java/com/tuoman/ai_task_orchestrator/grounding/Citation.java","07439489e352a44b28905c235f3971e6e8399b63","369d77f7ce49d1eda86083e53f6be0c5896e5b3e83fcf9c479a3f9e8dbe86cec","800","26","23","MAIN_JAVA","com.tuoman.ai_task_orchestrator.grounding","main-java/grounding","","STRUCTURAL_SCAN_ONLY","","DROP","","HUMAN_REVIEW_REQUIRED","STRUCTURAL_METADATA_ONLY","","","",""
"src/main/java/com/tuoman/ai_task_orchestrator/grounding/CitationVerificationResult.java","8f519c882b025e33a402e95dcc1d75031d53b088","a3945be84d49b97904ee052d7fa0fb51cba7e2fd400b5ae25900a7f5fc56c6f6","732","25","21","MAIN_JAVA","com.tuoman.ai_task_orchestrator.grounding","main-java/grounding","","STRUCTURAL_SCAN_ONLY","","DROP","","HUMAN_REVIEW_REQUIRED","STRUCTURAL_METADATA_ONLY","","","",""
"src/main/java/com/tuoman/ai_task_orchestrator/grounding/CitationVerificationService.java","f42b25b24734bacac331d43e367371d1742c42b8","947ab75f4aaa870a5de7b3d3ac389558cc85c23d197e6389ce1cf34fabb44d7b","9181","196","184","MAIN_JAVA","com.tuoman.ai_task_orchestrator.grounding","main-java/grounding","","STRUCTURAL_SCAN_ONLY","","DROP","","HUMAN_REVIEW_REQUIRED","STRUCTURAL_METADATA_ONLY","","","",""
"src/main/java/com/tuoman/ai_task_orchestrator/grounding/ClaimDetail.java","bc7ed2a4e74539c1cb900a5e5642070cf460ee41","1a611f56b42fc5ad25b9614d4b047b7d4472719d3f405f3829fe0d10e1a6f9b1","495","20","16","MAIN_JAVA","com.tuoman.ai_task_orchestrator.grounding","main-java/grounding","","STRUCTURAL_SCAN_ONLY","","DROP","","HUMAN_REVIEW_REQUIRED","STRUCTURAL_METADATA_ONLY","","","",""
"src/main/java/com/tuoman/ai_task_orchestrator/grounding/ClaimIssueType.java","be4002d2d0e8859d965febbce647a47b597a0d48","c531008ed42abf749d56fba290d12babbd994d77bd5f8e53fc5eb298ab9c5506","233","11","10","MAIN_JAVA","com.tuoman.ai_task_orchestrator.grounding","main-java/grounding","","STRUCTURAL_SCAN_ONLY","","DROP","","HUMAN_REVIEW_REQUIRED","STRUCTURAL_METADATA_ONLY","","","",""
"src/main/java/com/tuoman/ai_task_orchestrator/grounding/GroundedAnswerContract.java","5498cdf62518740c7af61d17af5594d84e36e154","7ef33ca5e77cdbd5f1628f3a364b368b3a928ee760bc09c3cf98c45ef12de722","1653","45","37","MAIN_JAVA","com.tuoman.ai_task_orchestrator.grounding","main-java/grounding","","STRUCTURAL_SCAN_ONLY","","DROP","","HUMAN_REVIEW_REQUIRED","STRUCTURAL_METADATA_ONLY","","","",""
"src/main/java/com/tuoman/ai_task_orchestrator/grounding/GroundedAnswerDiagnostics.java","a52b91a00f356f8f3e77288428abbb9c26acba7e","531b6963055ebb92c05f2c4d93095307bf000311bd80e3adde95690f93637f41","599","18","15","MAIN_JAVA","com.tuoman.ai_task_orchestrator.grounding","main-java/grounding","","STRUCTURAL_SCAN_ONLY","","DROP","","HUMAN_REVIEW_REQUIRED","STRUCTURAL_METADATA_ONLY","","","",""
"src/main/java/com/tuoman/ai_task_orchestrator/grounding/GroundedAnswerPromptBuilder.java","cefe4747872a858ef1a7b64c9ecce3a2ece2a0ba","6ea60ee0e021069341610c36ac05633d438dc76621a3495c0592eeeb70311c33","5552","105","96","MAIN_JAVA","com.tuoman.ai_task_orchestrator.grounding","main-java/grounding","","STRUCTURAL_SCAN_ONLY","","DROP","","HUMAN_REVIEW_REQUIRED","STRUCTURAL_METADATA_ONLY","","","",""
"src/main/java/com/tuoman/ai_task_orchestrator/grounding/GroundedContextAssembler.java","a95134b4ff419b16e8b2207cd5afe6c4388300e3","1913378028691b5ad98917fbb33e7d299a4cd7ea7be3e8b17e194de5c902058a","11324","254","233","MAIN_JAVA","com.tuoman.ai_task_orchestrator.grounding","main-java/grounding","","STRUCTURAL_SCAN_ONLY","","DROP","","HUMAN_REVIEW_REQUIRED","STRUCTURAL_METADATA_ONLY","","","",""
"src/main/java/com/tuoman/ai_task_orchestrator/grounding/GroundedContextBundle.java","9041b7ea24600f1a0e1492c1237ec83d1e71dbf0","b3d39cf2615b5f100a627a04503a8a5420cdc1186179f4db7b5fb9c472f3f7dc","719","27","22","MAIN_JAVA","com.tuoman.ai_task_orchestrator.grounding","main-java/grounding","","STRUCTURAL_SCAN_ONLY","","DROP","","HUMAN_REVIEW_REQUIRED","STRUCTURAL_METADATA_ONLY","","","",""
"src/main/java/com/tuoman/ai_task_orchestrator/grounding/GroundedContextChunk.java","f5f1194d094a54ab56c6a96c99497a4c3eb298bf","0f31b7a140a77f22ecb52e784997e7ef7abc8691b12e047901f2c5c8b04c6866","980","33","29","MAIN_JAVA","com.tuoman.ai_task_orchestrator.grounding","main-java/grounding","","STRUCTURAL_SCAN_ONLY","","DROP","","HUMAN_REVIEW_REQUIRED","STRUCTURAL_METADATA_ONLY","","","",""
"src/main/java/com/tuoman/ai_task_orchestrator/grounding/GroundingTextUtils.java","8d7c73e9fe9c36be95ae19a1b2ed747d48d8b1ae","b9ee8985cdfaa3b60a6ef6c462c14f5490ac024e8af46516751604be378385a5","4708","133","118","MAIN_JAVA","com.tuoman.ai_task_orchestrator.grounding","main-java/grounding","","STRUCTURAL_SCAN_ONLY","","DROP","","HUMAN_REVIEW_REQUIRED","STRUCTURAL_METADATA_ONLY","","","",""
"src/main/java/com/tuoman/ai_task_orchestrator/grounding/RefusalDecision.java","74548f6cbaeb6a5b81af7756de1ea55a612aa1e0","1865ec5aad2f229a5a16937e33cb4c2db27e12e3aea75c1c84c1102ec86a8662","745","27","22","MAIN_JAVA","com.tuoman.ai_task_orchestrator.grounding","main-java/grounding","","STRUCTURAL_SCAN_ONLY","","DROP","","HUMAN_REVIEW_REQUIRED","STRUCTURAL_METADATA_ONLY","","","",""
"src/main/java/com/tuoman/ai_task_orchestrator/grounding/RefusalPolicyService.java","42f8f8b436d51f51341deae03704cf6eeb641fe5","7ec191bb8443c83d5f7eff55954f48ae78ed512b9502359ac99b36983d758702","4688","90","83","MAIN_JAVA","com.tuoman.ai_task_orchestrator.grounding","main-java/grounding","","STRUCTURAL_SCAN_ONLY","","DROP","","HUMAN_REVIEW_REQUIRED","STRUCTURAL_METADATA_ONLY","","","",""
"src/main/java/com/tuoman/ai_task_orchestrator/grounding/RefusalReasonCode.java","1787ae64457effaf5f7db26180d3488cc503a49d","2ec4de691850e0d3fe5c21c00112424d4f5e32416ead18de155af932762d06aa","266","12","11","MAIN_JAVA","com.tuoman.ai_task_orchestrator.grounding","main-java/grounding","","STRUCTURAL_SCAN_ONLY","","DROP","","HUMAN_REVIEW_REQUIRED","STRUCTURAL_METADATA_ONLY","","","",""
"src/main/java/com/tuoman/ai_task_orchestrator/grounding/SupportLevel.java","df2956de7b4f0962a884fee723b08204e77b10d4","47e64c7adfce814bc00e6d4022d1b5189b341623c238fb26bd9076b9c2cb27e4","144","9","8","MAIN_JAVA","com.tuoman.ai_task_orchestrator.grounding","main-java/grounding","","STRUCTURAL_SCAN_ONLY","","DROP","","HUMAN_REVIEW_REQUIRED","STRUCTURAL_METADATA_ONLY","","","",""
"src/main/java/com/tuoman/ai_task_orchestrator/grounding/UnsupportedClaimDetector.java","df63b7fbb79b3af4fa5851d2c01a8bc78989fbc0","283e28d8931681764331a2234f571801892665a90f82db520d66b20f68a83a9e","4983","105","99","MAIN_JAVA","com.tuoman.ai_task_orchestrator.grounding","main-java/grounding","","STRUCTURAL_SCAN_ONLY","","DROP","","HUMAN_REVIEW_REQUIRED","STRUCTURAL_METADATA_ONLY","","","",""
"src/main/java/com/tuoman/ai_task_orchestrator/grounding/UnsupportedClaimReport.java","f65e22917fb8d02a1b816f6571f908b1b7697353","6c0967acb9d55646540741ead388a166a203e7de820f1eb23f8f0b5cdfefac54","531","20","16","MAIN_JAVA","com.tuoman.ai_task_orchestrator.grounding","main-java/grounding","","STRUCTURAL_SCAN_ONLY","","DROP","","HUMAN_REVIEW_REQUIRED","STRUCTURAL_METADATA_ONLY","","","",""
"src/main/java/com/tuoman/ai_task_orchestrator/grounding/VerificationStatus.java","78927fbdcc4fca1f26421b3fb9c92339a43b6f46","4eea7a4ab12fa04cf59c90c6b91b3c40fd027b9d5e18f990686217941bff7643","140","8","7","MAIN_JAVA","com.tuoman.ai_task_orchestrator.grounding","main-java/grounding","","STRUCTURAL_SCAN_ONLY","","DROP","","HUMAN_REVIEW_REQUIRED","STRUCTURAL_METADATA_ONLY","","","",""
"src/main/java/com/tuoman/ai_task_orchestrator/hybrid/DenseCandidate.java","976dd2141abbdfe52ef3059f095b101888ce6f43","6684f418011f6116cca628bb920341f604b079d8f1f08c601cdbb33446fe4689","230","11","10","MAIN_JAVA","com.tuoman.ai_task_orchestrator.hybrid","main-java/hybrid","","STRUCTURAL_SCAN_ONLY","","DROP","","HUMAN_REVIEW_REQUIRED","STRUCTURAL_METADATA_ONLY","","","",""
"src/main/java/com/tuoman/ai_task_orchestrator/hybrid/FusedCandidate.java","1562144602e5e4d369d444908c9efdd6ff0ab13b","c4d23d393aba03994dac7cfcd016e6bfab8cb5949d95a6c1be2b752adb68d202","403","17","16","MAIN_JAVA","com.tuoman.ai_task_orchestrator.hybrid","main-java/hybrid","","STRUCTURAL_SCAN_ONLY","","DROP","","HUMAN_REVIEW_REQUIRED","STRUCTURAL_METADATA_ONLY","","","",""
"src/main/java/com/tuoman/ai_task_orchestrator/hybrid/FusionRanker.java","c18371c0fb7315d76a989de91cc56678ad5abdf8","2044c5743b696be4fb33ddc58e3d8ae644a7f81014208a1af907e1ca27260d21","166","8","5","MAIN_JAVA","com.tuoman.ai_task_orchestrator.hybrid","main-java/hybrid","","STRUCTURAL_SCAN_ONLY","","DROP","","HUMAN_REVIEW_REQUIRED","STRUCTURAL_METADATA_ONLY","","","",""
"src/main/java/com/tuoman/ai_task_orchestrator/hybrid/FusionRequest.java","f925b8e0de66929dd0616908db36dcf4bc20126f","223484370b4f56423b030a34d4c586bf3786392e358ed1a715dd2edc65e4b7ec","203","9","7","MAIN_JAVA","com.tuoman.ai_task_orchestrator.hybrid","main-java/hybrid","","STRUCTURAL_SCAN_ONLY","","DROP","","HUMAN_REVIEW_REQUIRED","STRUCTURAL_METADATA_ONLY","","","",""
"src/main/java/com/tuoman/ai_task_orchestrator/hybrid/FusionResponse.java","12ae60668b6d138b40bbe725347344dfeff618b1","86e75fc2b4c85698568f2f35a2d552d2cfacb991ddd64ad3780acdf41b2eaf7a","180","9","7","MAIN_JAVA","com.tuoman.ai_task_orchestrator.hybrid","main-java/hybrid","","STRUCTURAL_SCAN_ONLY","","DROP","","HUMAN_REVIEW_REQUIRED","STRUCTURAL_METADATA_ONLY","","","",""
"src/main/java/com/tuoman/ai_task_orchestrator/hybrid/HybridConfiguration.java","d6b2fd14f1bc369a019df9ef18479921b5195dbc","18c9b66086c1a900f2442cbdab7cbb520df73298634ff19e9fda8c6cca024e1f","719","23","19","MAIN_JAVA","com.tuoman.ai_task_orchestrator.hybrid","main-java/hybrid","","STRUCTURAL_SCAN_ONLY","","DROP","","HUMAN_REVIEW_REQUIRED","STRUCTURAL_METADATA_ONLY","","","",""
"src/main/java/com/tuoman/ai_task_orchestrator/hybrid/LexicalCandidate.java","556481ceb63ad28d3ad03497a4717f86beb5cb48","40d03836795bc8ef87a35b8fed34e0d4c09ca70b00e2be7f8893282c4fbff279","234","11","10","MAIN_JAVA","com.tuoman.ai_task_orchestrator.hybrid","main-java/hybrid","","STRUCTURAL_SCAN_ONLY","","DROP","","HUMAN_REVIEW_REQUIRED","STRUCTURAL_METADATA_ONLY","","","",""
"src/main/java/com/tuoman/ai_task_orchestrator/hybrid/LexicalRetrievalRequest.java","46d556f323f57e6dbdfd4b8eee5d35b2567d74f7","8dd003ab12ec35539bbfc98942ba3ee21d1fce92060185e939c65d090d943d3a","786","22","19","MAIN_JAVA","com.tuoman.ai_task_orchestrator.hybrid","main-java/hybrid","","STRUCTURAL_SCAN_ONLY","","DROP","","HUMAN_REVIEW_REQUIRED","STRUCTURAL_METADATA_ONLY","","","",""
"src/main/java/com/tuoman/ai_task_orchestrator/hybrid/LexicalRetrievalResponse.java","09d64a1d941059044dc90349d6fc596aa0013e02","333d7cf2a1a3b35294b4a77cc05ae93aeea0c5d72ebcd7f0189dfb08d5b81585","185","9","7","MAIN_JAVA","com.tuoman.ai_task_orchestrator.hybrid","main-java/hybrid","","STRUCTURAL_SCAN_ONLY","","DROP","","HUMAN_REVIEW_REQUIRED","STRUCTURAL_METADATA_ONLY","","","",""
"src/main/java/com/tuoman/ai_task_orchestrator/hybrid/LexicalRetriever.java","fae4eb201ee8a697379b517f576d762975701550","185d05edcb0f0b0a9c0e79c53fd58e80dd1ef8c029cc864d1ef522a2e3cf89af","180","8","5","MAIN_JAVA","com.tuoman.ai_task_orchestrator.hybrid","main-java/hybrid","","STRUCTURAL_SCAN_ONLY","","DROP","","HUMAN_REVIEW_REQUIRED","STRUCTURAL_METADATA_ONLY","","","",""
"src/main/java/com/tuoman/ai_task_orchestrator/hybrid/LexicalTokenUtils.java","749358ea8e8644a4cebc7fb3d8fff787c6f0a854","98adbe71b2a27a05a9c34ba96eba3cf000fd8b97813ab57087104db9fe9077f0","2337","71","62","MAIN_JAVA","com.tuoman.ai_task_orchestrator.hybrid","main-java/hybrid","","STRUCTURAL_SCAN_ONLY","","DROP","","HUMAN_REVIEW_REQUIRED","STRUCTURAL_METADATA_ONLY","","","",""
"src/main/java/com/tuoman/ai_task_orchestrator/hybrid/RagHybridProperties.java","6cd298f32cb7ee60d41b0c60ad01e8699b514629","9846d0cb6d3ff81eefe7e811669a7ef11b8a9a74008dd051c492b52f7e224f24","492","23","15","MAIN_JAVA","com.tuoman.ai_task_orchestrator.hybrid","main-java/hybrid","","STRUCTURAL_SCAN_ONLY","","DROP","","HUMAN_REVIEW_REQUIRED","STRUCTURAL_METADATA_ONLY","","","",""
"src/main/java/com/tuoman/ai_task_orchestrator/hybrid/RrfFusionRanker.java","225f59abd7d3c1fd0e49e17d649591c888570b4d","0865aa0193caee3a6d217891bbb7b178bf3e28c5243e37933cd18ba947c4ebd7","5294","150","122","MAIN_JAVA","com.tuoman.ai_task_orchestrator.hybrid","main-java/hybrid","","STRUCTURAL_SCAN_ONLY","","DROP","","HUMAN_REVIEW_REQUIRED","STRUCTURAL_METADATA_ONLY","","","",""
"src/main/java/com/tuoman/ai_task_orchestrator/hybrid/SimpleLexicalRetriever.java","cefb3628fef69f52e1748be3e2107c0fbc1ae1dc","7e1dfaba8901983f65a600e30caac1e94b82b81fc8d13ffd898eb0effea55dfd","4218","104","88","MAIN_JAVA","com.tuoman.ai_task_orchestrator.hybrid","main-java/hybrid","","STRUCTURAL_SCAN_ONLY","","DROP","","HUMAN_REVIEW_REQUIRED","STRUCTURAL_METADATA_ONLY","","","",""
"src/main/java/com/tuoman/ai_task_orchestrator/kbhealth/EvaluationChunkEnricher.java","91be8c498c95c103dbf013e1f084077f42761a87","82664889ab47c1cd2eba6d62f200cc3c028ad60fb072647354ca6f60fd8e9258","4669","129","114","MAIN_JAVA","com.tuoman.ai_task_orchestrator.kbhealth","main-java/kbhealth","","STRUCTURAL_SCAN_ONLY","","DROP","","HUMAN_REVIEW_REQUIRED","STRUCTURAL_METADATA_ONLY","","","",""
"src/main/java/com/tuoman/ai_task_orchestrator/kbhealth/EvaluationRetrievedChunk.java","8b3c25c2580956fc9e3ba1278f1c70d2b23bd6f3","2b6baf3ccb7e3a2996a2363dc7556e328a4339e0fd36cff231fe99b3a5a0a086","785","45","26","MAIN_JAVA","com.tuoman.ai_task_orchestrator.kbhealth","main-java/kbhealth","","STRUCTURAL_SCAN_ONLY","","DROP","","HUMAN_REVIEW_REQUIRED","STRUCTURAL_METADATA_ONLY","","","",""
"src/main/java/com/tuoman/ai_task_orchestrator/kbhealth/HealthMetricValue.java","ecdfb24f811ed15023f5c98eaabaa9943a9ad304","54eee10e496006e73c56ab02ccccdbad2b790d8bd3de57cd85cbdbeb4bd314e9","1248","41","28","MAIN_JAVA","com.tuoman.ai_task_orchestrator.kbhealth","main-java/kbhealth","","STRUCTURAL_SCAN_ONLY","","DROP","","HUMAN_REVIEW_REQUIRED","STRUCTURAL_METADATA_ONLY","","","",""
"src/main/java/com/tuoman/ai_task_orchestrator/kbhealth/JsonFieldCodec.java","6c6cf869ad52a47004d3460541dc79c4021c57f1","64fb9b2bcb6784a09a57bf00b87e0aac942414e706b112ab267be71262bc121f","2806","100","88","MAIN_JAVA","com.tuoman.ai_task_orchestrator.kbhealth","main-java/kbhealth","","STRUCTURAL_SCAN_ONLY","","DROP","","HUMAN_REVIEW_REQUIRED","STRUCTURAL_METADATA_ONLY","","","",""
"src/main/java/com/tuoman/ai_task_orchestrator/kbhealth/KnowledgeBaseDiagnosisService.java","506c22be32d9103177e4d3e61eb368085983e8ac","13cac617509bc19f21b70ab2e4eb2995167faf7bd75915cc320666147090c902","7584","163","149","MAIN_JAVA","com.tuoman.ai_task_orchestrator.kbhealth","main-java/kbhealth","","STRUCTURAL_SCAN_ONLY","","DROP","","HUMAN_REVIEW_REQUIRED","STRUCTURAL_METADATA_ONLY","","","",""
"src/main/java/com/tuoman/ai_task_orchestrator/kbhealth/RagEvaluationDatasetStatus.java","de1ee48a77a397073d9577102eef56753d194519","1d6c790f3a85bc7aad392962f05ffbd1203714680d030ec3f93bf42a0ed81fce","130","7","6","MAIN_JAVA","com.tuoman.ai_task_orchestrator.kbhealth","main-java/kbhealth","","STRUCTURAL_SCAN_ONLY","","DROP","","HUMAN_REVIEW_REQUIRED","STRUCTURAL_METADATA_ONLY","","","",""
"src/main/java/com/tuoman/ai_task_orchestrator/kbhealth/RagEvaluationDatasetType.java","3f7417e4e1f5d313a0c2d4955c08121523fa134d","a46043eb85f60b73b7cb46944989126a41633226d625e4e949159e12499fd5df","196","9","8","MAIN_JAVA","com.tuoman.ai_task_orchestrator.kbhealth","main-java/kbhealth","","STRUCTURAL_SCAN_ONLY","","DROP","","HUMAN_REVIEW_REQUIRED","STRUCTURAL_METADATA_ONLY","","","",""
"src/main/java/com/tuoman/ai_task_orchestrator/kbhealth/RagEvaluationQueryType.java","254fba6788ef196cea6733c88a96985201971e53","278597240da2afa120ac0094fe9fde109e5aa2bdf20f5d4ff954c3128a74e4cc","298","15","14","MAIN_JAVA","com.tuoman.ai_task_orchestrator.kbhealth","main-java/kbhealth","","STRUCTURAL_SCAN_ONLY","","DROP","","HUMAN_REVIEW_REQUIRED","STRUCTURAL_METADATA_ONLY","","","",""
"src/main/java/com/tuoman/ai_task_orchestrator/kbhealth/RagEvaluationRetrievalSource.java","41ac5709f271a9bbc7346d59bc2f7204f263db61","6c247db97a74fe5d030e5368e0df8522130c8aa417535a7a8451908e92b8128d","170","10","9","MAIN_JAVA","com.tuoman.ai_task_orchestrator.kbhealth","main-java/kbhealth","","STRUCTURAL_SCAN_ONLY","","DROP","","HUMAN_REVIEW_REQUIRED","STRUCTURAL_METADATA_ONLY","","","",""
"src/main/java/com/tuoman/ai_task_orchestrator/kbhealth/RagEvaluationRetrievalStrategy.java","715dd6aa91c81bf3b89e5b40db92ce9df474b1ea","3266c33ae84f1b41d904775788416ceabc9a3e529476e927b802a1f92271d1fd","251","11","10","MAIN_JAVA","com.tuoman.ai_task_orchestrator.kbhealth","main-java/kbhealth","","STRUCTURAL_SCAN_ONLY","","DROP","","HUMAN_REVIEW_REQUIRED","STRUCTURAL_METADATA_ONLY","","","",""
"src/main/java/com/tuoman/ai_task_orchestrator/kbhealth/RagEvaluationRunStatus.java","0b2a0b5880cee3d33f1f53fbaa51d1bd64419bd4","555b894ed7208bc0413013216b05e8cd7a67728a210189f859376bf2008cdc91","156","9","8","MAIN_JAVA","com.tuoman.ai_task_orchestrator.kbhealth","main-java/kbhealth","","STRUCTURAL_SCAN_ONLY","","DROP","","HUMAN_REVIEW_REQUIRED","STRUCTURAL_METADATA_ONLY","","","",""
"src/main/java/com/tuoman/ai_task_orchestrator/kbhealth/RagHealthDisplayTexts.java","2db5247ee29b436e677c9b6abafd428a2b837fa5","bd9d8a86f45f870ae1c42de49b4dbe9471652a8be4f263690893f3c3779923f7","2033","63","57","MAIN_JAVA","com.tuoman.ai_task_orchestrator.kbhealth","main-java/kbhealth","","STRUCTURAL_SCAN_ONLY","","DROP","","HUMAN_REVIEW_REQUIRED","STRUCTURAL_METADATA_ONLY","","","",""
"src/main/java/com/tuoman/ai_task_orchestrator/kbhealth/RagHealthGenerationMetricsCalculator.java","1609dd73841381a3bc9806f7f30e8d200a4f29d0","12144739a1b44f6a0c079ef0e2666bb51a93a8a8d3c29713faef484fa2603833","8197","168","153","MAIN_JAVA","com.tuoman.ai_task_orchestrator.kbhealth","main-java/kbhealth","","STRUCTURAL_SCAN_ONLY","","DROP","","HUMAN_REVIEW_REQUIRED","STRUCTURAL_METADATA_ONLY","","","",""
"src/main/java/com/tuoman/ai_task_orchestrator/kbhealth/RagHealthQualityScoreCalculator.java","c8d0480c2d1b0c90ff5129eed844b5b4ffc24376","60cb55ba9ac2a560b69ae7b8bd9f08f569ed4e30a33bfc98559f7c29870b2b18","5101","123","112","MAIN_JAVA","com.tuoman.ai_task_orchestrator.kbhealth","main-java/kbhealth","","STRUCTURAL_SCAN_ONLY","","DROP","","HUMAN_REVIEW_REQUIRED","STRUCTURAL_METADATA_ONLY","","","",""
"src/main/java/com/tuoman/ai_task_orchestrator/kbhealth/RagHealthRetrievalMetricsCalculator.java","d555ce34c3f893a5c94dd1381b713d739b3bf4fa","115b3eb8ea2eacea3f1831286116ba6604aea089d4d604dfb2765d07863995ae","11096","241","227","MAIN_JAVA","com.tuoman.ai_task_orchestrator.kbhealth","main-java/kbhealth","","STRUCTURAL_SCAN_ONLY","","DROP","","HUMAN_REVIEW_REQUIRED","STRUCTURAL_METADATA_ONLY","","","",""
"src/main/java/com/tuoman/ai_task_orchestrator/kbhealth/RagHealthScoringProfile.java","ce045718f39f78cca0de21645f72dd92180e8f00","3f836504d7941a18b643fd7d4d853426b00db366078c20a9627cdae713fc58ed","158","8","7","MAIN_JAVA","com.tuoman.ai_task_orchestrator.kbhealth","main-java/kbhealth","","STRUCTURAL_SCAN_ONLY","","DROP","","HUMAN_REVIEW_REQUIRED","STRUCTURAL_METADATA_ONLY","","","",""
"src/main/java/com/tuoman/ai_task_orchestrator/kbhealth/RagQualityVetoRuleService.java","371f710b85061399d093869c5c79dac7fc3704e1","84b687b3729ab3809ad8ef2e8a859c3b643181ac63c0467b8244421c769503ad","4025","117","104","MAIN_JAVA","com.tuoman.ai_task_orchestrator.kbhealth","main-java/kbhealth","","STRUCTURAL_SCAN_ONLY","","DROP","","HUMAN_REVIEW_REQUIRED","STRUCTURAL_METADATA_ONLY","","","",""
"src/main/java/com/tuoman/ai_task_orchestrator/kbhealth/RetrievalStrategyRunner.java","f1031904b9eb0e4883474f4f1cc91e44d3662728","d8cd77036d2cf251ccb39dc2a5786e9add2f883ea2c54b9a19cc9f9b63599b46","21840","509","473","MAIN_JAVA","com.tuoman.ai_task_orchestrator.kbhealth","main-java/kbhealth","","STRUCTURAL_SCAN_ONLY","","DROP","","HUMAN_REVIEW_REQUIRED","STRUCTURAL_METADATA_ONLY","","","",""
"src/main/java/com/tuoman/ai_task_orchestrator/llm/DelegatingLlmClient.java","5c714b504f379d32bd0c6ba0eb467156f9cfd1d1","aa16bbff0525102908a439fbb136fddd6923845aa74c5fed87b388bc7bf7656e","1621","42","35","MAIN_JAVA","com.tuoman.ai_task_orchestrator.llm","main-java/llm","","STRUCTURAL_SCAN_ONLY","","DROP","","HUMAN_REVIEW_REQUIRED","STRUCTURAL_METADATA_ONLY","","","",""
"src/main/java/com/tuoman/ai_task_orchestrator/llm/LlmClient.java","a525ae523308764048e0e2e62f6edd56bb049e1d","4dcfa5e33cb05db6e9958d920574dd7c39632307bb2ee5d994ad26d648244d00","377","12","10","MAIN_JAVA","com.tuoman.ai_task_orchestrator.llm","main-java/llm","","STRUCTURAL_SCAN_ONLY","","DROP","","HUMAN_REVIEW_REQUIRED","STRUCTURAL_METADATA_ONLY","","","",""
"src/main/java/com/tuoman/ai_task_orchestrator/llm/LlmGenerateOptions.java","f4f2ed9d47dd08e539d5501467a395b31627afc1","ae696ec35f850904134553d011e0689fddb89a33b0b64d806ffacc9ebf87323d","261","17","11","MAIN_JAVA","com.tuoman.ai_task_orchestrator.llm","main-java/llm","","STRUCTURAL_SCAN_ONLY","","DROP","","HUMAN_REVIEW_REQUIRED","STRUCTURAL_METADATA_ONLY","","","",""
"src/main/java/com/tuoman/ai_task_orchestrator/llm/LlmGenerateResult.java","7040cca729f8eae01b21f66216530ff1f17d5e57","c482af24d0231b1f1694a254f3162e25517a1655ed54e5f9675ba8f18ea696aa","1611","70","55","MAIN_JAVA","com.tuoman.ai_task_orchestrator.llm","main-java/llm","","STRUCTURAL_SCAN_ONLY","","DROP","","HUMAN_REVIEW_REQUIRED","STRUCTURAL_METADATA_ONLY","","","",""
"src/main/java/com/tuoman/ai_task_orchestrator/llm/LlmProperties.java","c7459c015f9892006cc2fbc7230f99f3ffbad831","4429112bea0424b5c5c3f6a17f994c91a110d33a9cd9097bf5559574859116e2","530","23","15","MAIN_JAVA","com.tuoman.ai_task_orchestrator.llm","main-java/llm","","STRUCTURAL_SCAN_ONLY","","DROP","","HUMAN_REVIEW_REQUIRED","STRUCTURAL_METADATA_ONLY","","","",""
"src/main/java/com/tuoman/ai_task_orchestrator/llm/LlmProvider.java","26ac3be60738c2ff8ca1c82d5727ea1414228de0","8e365a3d6fa2e166dcf9ad17d82dd98c6b0310372a929824582b2faf46f3dd8b","548","18","14","MAIN_JAVA","com.tuoman.ai_task_orchestrator.llm","main-java/llm","","STRUCTURAL_SCAN_ONLY","","DROP","","HUMAN_REVIEW_REQUIRED","STRUCTURAL_METADATA_ONLY","","","",""
"src/main/java/com/tuoman/ai_task_orchestrator/llm/LlmProviderConfiguration.java","7b6b6d4ba5c43864a02ffc064f77972580586a4d","fa225d5b3e2fb14566976ad53801588bef7422c887275f1b95933e763e3be370","1176","34","30","MAIN_JAVA","com.tuoman.ai_task_orchestrator.llm","main-java/llm","","STRUCTURAL_SCAN_ONLY","","DROP","","HUMAN_REVIEW_REQUIRED","STRUCTURAL_METADATA_ONLY","","","",""
"src/main/java/com/tuoman/ai_task_orchestrator/llm/LlmRequest.java","9da69d00fce2b44b7c9b381b32a933fdfa72cd64","14ebc170513181ec72879c1bddb9da3073963da2be72ee2fdb23bc7b76370867","216","15","10","MAIN_JAVA","com.tuoman.ai_task_orchestrator.llm","main-java/llm","","STRUCTURAL_SCAN_ONLY","","DROP","","HUMAN_REVIEW_REQUIRED","STRUCTURAL_METADATA_ONLY","","","",""
"src/main/java/com/tuoman/ai_task_orchestrator/llm/LlmResponse.java","66b6978ff609a11678525a1b10117f2226cfb235","52288cec13835cc41ab0a29d797ae0bd70959fa27ff90f0f1855f97d25b04fbe","461","29","17","MAIN_JAVA","com.tuoman.ai_task_orchestrator.llm","main-java/llm","","STRUCTURAL_SCAN_ONLY","","DROP","","HUMAN_REVIEW_REQUIRED","STRUCTURAL_METADATA_ONLY","","","",""
"src/main/java/com/tuoman/ai_task_orchestrator/llm/LocalPythonLlmHttpClient.java","4440d43e2225ae53b2d7239317e79e13b6db38e3","6f926eb9742b54ecc3550d7dc13676d5bc6df25c9085908021f7dce9253c978a","187","6","4","MAIN_JAVA","com.tuoman.ai_task_orchestrator.llm","main-java/llm","","STRUCTURAL_SCAN_ONLY","","DROP","","HUMAN_REVIEW_REQUIRED","STRUCTURAL_METADATA_ONLY","","","",""
"src/main/java/com/tuoman/ai_task_orchestrator/llm/LocalPythonLlmProvider.java","1651ef68071ba394b63ed8fe0b7c41258190a3a7","831b8e87f0c1b7a1ebc563104fbf982703ec09d402ddedb0ceb11a71a60288b5","3923","101","86","MAIN_JAVA","com.tuoman.ai_task_orchestrator.llm","main-java/llm","","STRUCTURAL_SCAN_ONLY","","DROP","","HUMAN_REVIEW_REQUIRED","STRUCTURAL_METADATA_ONLY","","","",""
"src/main/java/com/tuoman/ai_task_orchestrator/llm/LocalPythonLlmRequest.java","baf909d5558b9045a9a5b1dba51166b1b0ecb57d","636e230ae00da9db1af3f4a96c23668838c9f4af5c1bf8e03b8cc51a67f516e7","410","21","14","MAIN_JAVA","com.tuoman.ai_task_orchestrator.llm","main-java/llm","","STRUCTURAL_SCAN_ONLY","","DROP","","HUMAN_REVIEW_REQUIRED","STRUCTURAL_METADATA_ONLY","","","",""
"src/main/java/com/tuoman/ai_task_orchestrator/llm/LocalPythonLlmResponse.java","76368faa5fe81900ae0bdb6f2461b4fe04ebbb5e","bb7bacf66e73cc90e9f2eef67463beacfd1aa9d268a4e83044151b6cf4c91cea","616","33","22","MAIN_JAVA","com.tuoman.ai_task_orchestrator.llm","main-java/llm","","STRUCTURAL_SCAN_ONLY","","DROP","","HUMAN_REVIEW_REQUIRED","STRUCTURAL_METADATA_ONLY","","","",""
"src/main/java/com/tuoman/ai_task_orchestrator/llm/MockLlmClient.java","9d103b15c77eec23c2c286968f800a78452a85fe","529f8a9e06848741687a60b702d6f74d7cc1fbf2f0cfc19fae0b76c64fdfee16","5313","140","119","MAIN_JAVA","com.tuoman.ai_task_orchestrator.llm","main-java/llm","","STRUCTURAL_SCAN_ONLY","","DROP","","HUMAN_REVIEW_REQUIRED","STRUCTURAL_METADATA_ONLY","","","",""
"src/main/java/com/tuoman/ai_task_orchestrator/llm/MockLlmProvider.java","83cb4f74f629c13cd9ccb7ea63de2039da6bc3a1","c583d1fd456e7938dff1c959642bc25f418ca1982a3b67cd839f03be79088d01","4000","125","104","MAIN_JAVA","com.tuoman.ai_task_orchestrator.llm","main-java/llm","","STRUCTURAL_SCAN_ONLY","","DROP","","HUMAN_REVIEW_REQUIRED","STRUCTURAL_METADATA_ONLY","","","",""
"src/main/java/com/tuoman/ai_task_orchestrator/llm/ModelRouter.java","972079d5d6bdcba691ea7c8d945d5b9a4e346708","fb727b3d81246f8f5aaaa48704e131c64d16b20250ec0fd578b107bf3189ddd1","1148","40","32","MAIN_JAVA","com.tuoman.ai_task_orchestrator.llm","main-java/llm","","STRUCTURAL_SCAN_ONLY","","DROP","","HUMAN_REVIEW_REQUIRED","STRUCTURAL_METADATA_ONLY","","","",""
"src/main/java/com/tuoman/ai_task_orchestrator/llm/OpenAiChatMessage.java","2694d28c364126d55b78462a91501fe08fb85f3f","e8b8b668d7190522c7b8ddab2bf04ce34854e1265649cef8663f7138e26beb86","233","13","9","MAIN_JAVA","com.tuoman.ai_task_orchestrator.llm","main-java/llm","","STRUCTURAL_SCAN_ONLY","","DROP","","HUMAN_REVIEW_REQUIRED","STRUCTURAL_METADATA_ONLY","","","",""
"src/main/java/com/tuoman/ai_task_orchestrator/llm/OpenAiChatRequest.java","ccff643cec7f181b6c6920151c34100815098116","d729c1348a81874c6870841f4391b89396a238fcb953f1d3f3472a9831d4d9d9","391","21","14","MAIN_JAVA","com.tuoman.ai_task_orchestrator.llm","main-java/llm","","STRUCTURAL_SCAN_ONLY","","DROP","","HUMAN_REVIEW_REQUIRED","STRUCTURAL_METADATA_ONLY","","","",""
"src/main/java/com/tuoman/ai_task_orchestrator/llm/OpenAiChatResponse.java","bef873e0207f3d9f46ce84b0350370cc376a06e5","bf28886f89c3b0548e1b5f09b7bac88a4c4daea3513151d83b787806a03be13a","515","29","22","MAIN_JAVA","com.tuoman.ai_task_orchestrator.llm","main-java/llm","","STRUCTURAL_SCAN_ONLY","","DROP","","HUMAN_REVIEW_REQUIRED","STRUCTURAL_METADATA_ONLY","","","",""
"src/main/java/com/tuoman/ai_task_orchestrator/llm/OpenAiCompatibleLlmHttpClient.java","c657c1b0688df6da6a0321cf3273c8e8501f65e7","afb5e3195a838d2296e96d47ca6d1b4637499b7f5165fbd8140862673b595cf6","279","8","5","MAIN_JAVA","com.tuoman.ai_task_orchestrator.llm","main-java/llm","","STRUCTURAL_SCAN_ONLY","","DROP","","HUMAN_REVIEW_REQUIRED","STRUCTURAL_METADATA_ONLY","","","",""
"src/main/java/com/tuoman/ai_task_orchestrator/llm/OpenAiCompatibleLlmProvider.java","bc2088d31c93ecd2c12b6f36b10be36cbc70a870","b6f5c941747fb408f1cb48761e309b69ed8d6982b959eb4b616d08e803c55929","3893","92","81","MAIN_JAVA","com.tuoman.ai_task_orchestrator.llm","main-java/llm","","STRUCTURAL_SCAN_ONLY","","DROP","","HUMAN_REVIEW_REQUIRED","STRUCTURAL_METADATA_ONLY","","","",""
"src/main/java/com/tuoman/ai_task_orchestrator/llm/RestClientLocalPythonLlmHttpClient.java","a9eed00dc7758b4b1414413b9933d9a357b51f94","32f9ed4e3b9d6edb39f44f43cfb5f8e835140bd8936cab04e3d27d24ca4e8a6d","2368","55","49","MAIN_JAVA","com.tuoman.ai_task_orchestrator.llm","main-java/llm","","STRUCTURAL_SCAN_ONLY","","DROP","","HUMAN_REVIEW_REQUIRED","STRUCTURAL_METADATA_ONLY","","","",""
"src/main/java/com/tuoman/ai_task_orchestrator/llm/RestClientOpenAiCompatibleLlmHttpClient.java","504948ec52dcf766efbac3dea550e4149c061094","d4a19a5498ad18d41343115cb4175b3ca02e4d4500958d791285c72949e3ab1d","1759","46","37","MAIN_JAVA","com.tuoman.ai_task_orchestrator.llm","main-java/llm","","STRUCTURAL_SCAN_ONLY","","DROP","","HUMAN_REVIEW_REQUIRED","STRUCTURAL_METADATA_ONLY","","","",""
"src/main/java/com/tuoman/ai_task_orchestrator/llm/RoutingLlmProvider.java","8747a1d6343aa681725fb2930141b4b2f04289f4","232592d6db8f575ad0913a98c4d5dc6efa4027d7fcf5e07a0c5c27943e6a3288","2629","62","52","MAIN_JAVA","com.tuoman.ai_task_orchestrator.llm","main-java/llm","","STRUCTURAL_SCAN_ONLY","","DROP","","HUMAN_REVIEW_REQUIRED","STRUCTURAL_METADATA_ONLY","","","",""
"src/main/java/com/tuoman/ai_task_orchestrator/memory/MemoryContextAssembler.java","e66e2c02225decd3497ad060c1ef2523fa5a29e9","e1a5901786196f0d4d7014cadb36189c4adba48c34bf611a156ee23274afdcde","4329","101","94","MAIN_JAVA","com.tuoman.ai_task_orchestrator.memory","main-java/memory","","STRUCTURAL_SCAN_ONLY","","DROP","","HUMAN_REVIEW_REQUIRED","STRUCTURAL_METADATA_ONLY","","","",""
"src/main/java/com/tuoman/ai_task_orchestrator/memory/MemoryContextBundle.java","815ba4a57eaac43e71e2b1879ab80a8faf53bce9","ea5c4716e22363f5a627d4e0723fae80a6e7571495d41434f6a471d27f1a6d42","743","29","23","MAIN_JAVA","com.tuoman.ai_task_orchestrator.memory","main-java/memory","","STRUCTURAL_SCAN_ONLY","","DROP","","HUMAN_REVIEW_REQUIRED","STRUCTURAL_METADATA_ONLY","","","",""
"src/main/java/com/tuoman/ai_task_orchestrator/memory/MemoryContextItem.java","e3f817054a3f259652c7f85861d0bb01a3f54021","99dff995b057ac05d122e3b1235f11500690a2ae8d6c0ceacc5d1c031b878cd8","610","22","19","MAIN_JAVA","com.tuoman.ai_task_orchestrator.memory","main-java/memory","","STRUCTURAL_SCAN_ONLY","","DROP","","HUMAN_REVIEW_REQUIRED","STRUCTURAL_METADATA_ONLY","","","",""
"src/main/java/com/tuoman/ai_task_orchestrator/memory/MemoryDiagnosticsIssue.java","8ec9c8abfb72ef7f8067761df1a649ea61cf16fc","63534deea19cb8468d98a6826b5afc78bb26d1d2dc08bcae097573281dd96646","323","17","13","MAIN_JAVA","com.tuoman.ai_task_orchestrator.memory","main-java/memory","","STRUCTURAL_SCAN_ONLY","","DROP","","HUMAN_REVIEW_REQUIRED","STRUCTURAL_METADATA_ONLY","","","",""
"src/main/java/com/tuoman/ai_task_orchestrator/memory/MemoryDiagnosticsReport.java","8f26847fd5065cc20ddb143dd6bb2edd42b56a72","4650d77bce7e657673b4faf9d6146b1a27fd0f48a43f3fe16bb73aec2b613b6d","462","20","16","MAIN_JAVA","com.tuoman.ai_task_orchestrator.memory","main-java/memory","","STRUCTURAL_SCAN_ONLY","","DROP","","HUMAN_REVIEW_REQUIRED","STRUCTURAL_METADATA_ONLY","","","",""
"src/main/java/com/tuoman/ai_task_orchestrator/modelprovider/ModelProviderPresetCatalog.java","cb4e860e13e98d088dca56bc5d3e0559fc00795b","903a95349d62193ddfbe3cbf0363a183b21736828ce32193a8faa75774515545","2813","66","61","MAIN_JAVA","com.tuoman.ai_task_orchestrator.modelprovider","main-java/modelprovider","","STRUCTURAL_SCAN_ONLY","","DROP","","HUMAN_REVIEW_REQUIRED","STRUCTURAL_METADATA_ONLY","","","",""
"src/main/java/com/tuoman/ai_task_orchestrator/modelprovider/ModelProviderTestStatus.java","023f519128c89a13c36abfad37c9a22c466dfc31","cc647327c41404704efaa6db7295c78eb5b0b0579ea22dd427dd0a117acdb952","133","7","6","MAIN_JAVA","com.tuoman.ai_task_orchestrator.modelprovider","main-java/modelprovider","","STRUCTURAL_SCAN_ONLY","","DROP","","HUMAN_REVIEW_REQUIRED","STRUCTURAL_METADATA_ONLY","","","",""
"src/main/java/com/tuoman/ai_task_orchestrator/modelprovider/ModelProviderType.java","ec7d442f58bd1dc622c1b9f6979bee1306874d46","1a588cda8da6b71a4598d1ec17877939418dce53aca687314199e62747bb5123","164","8","7","MAIN_JAVA","com.tuoman.ai_task_orchestrator.modelprovider","main-java/modelprovider","","STRUCTURAL_SCAN_ONLY","","DROP","","HUMAN_REVIEW_REQUIRED","STRUCTURAL_METADATA_ONLY","","","",""
"src/main/java/com/tuoman/ai_task_orchestrator/modelprovider/ResolvedModelProvider.java","1391c4325be516463da6fc96804532403e05b937","0a0efe145ad4b44de286587566ece6ab2fc48f1082deee7c3f55da5c13470d8c","517","27","16","MAIN_JAVA","com.tuoman.ai_task_orchestrator.modelprovider","main-java/modelprovider","","STRUCTURAL_SCAN_ONLY","","DROP","","HUMAN_REVIEW_REQUIRED","STRUCTURAL_METADATA_ONLY","","","",""
"src/main/java/com/tuoman/ai_task_orchestrator/mq/AgentTaskConsumer.java","c50ffb3eba35910724c7a621d5c3e3b7577070e3","96d37fef721fb4f4135431ca948423f60b122f2d6d78feff262ef3f8cdf80bb5","762","22","18","MAIN_JAVA","com.tuoman.ai_task_orchestrator.mq","main-java/mq","","STRUCTURAL_SCAN_ONLY","","DROP","","HUMAN_REVIEW_REQUIRED","STRUCTURAL_METADATA_ONLY","","","",""
"src/main/java/com/tuoman/ai_task_orchestrator/mq/AgentTaskMessage.java","5c185c53ded6863b8d4e0d103ca4250fe51dcd49","178ba98beb291af6185056fef301950189b52cfdbfc002b686fb61edb6143203","272","15","12","MAIN_JAVA","com.tuoman.ai_task_orchestrator.mq","main-java/mq","","STRUCTURAL_SCAN_ONLY","","DROP","","HUMAN_REVIEW_REQUIRED","STRUCTURAL_METADATA_ONLY","","","",""
"src/main/java/com/tuoman/ai_task_orchestrator/mq/AgentTaskMessagePublisher.java","90d57d5844e9eac6e300ff98506794d6c552da4b","9c310c602f9cbc6567581f0a9aac66c710d671eec7c3b9cf8c73d54a684bb247","137","6","4","MAIN_JAVA","com.tuoman.ai_task_orchestrator.mq","main-java/mq","","STRUCTURAL_SCAN_ONLY","","DROP","","HUMAN_REVIEW_REQUIRED","STRUCTURAL_METADATA_ONLY","","","",""
"src/main/java/com/tuoman/ai_task_orchestrator/mq/DocumentIngestionConsumer.java","daae1be0e10213ca3d58e8834bba1bf57121a748","d4fda56aa321ad633170f41f3fe5360f378dcf9357c19c0ec99f4a6f1307cd55","944","26","22","MAIN_JAVA","com.tuoman.ai_task_orchestrator.mq","main-java/mq","","STRUCTURAL_SCAN_ONLY","","DROP","","HUMAN_REVIEW_REQUIRED","STRUCTURAL_METADATA_ONLY","","","",""
"src/main/java/com/tuoman/ai_task_orchestrator/mq/DocumentIngestionMessage.java","0f5a2dcc337766313ca1c7a7c6023bd39ea3e3bc","b33f9d2b7c6d879e3c55f7455893bc3575e17e9f7961ddf1755437b04e440776","280","15","11","MAIN_JAVA","com.tuoman.ai_task_orchestrator.mq","main-java/mq","","STRUCTURAL_SCAN_ONLY","","DROP","","HUMAN_REVIEW_REQUIRED","STRUCTURAL_METADATA_ONLY","","","",""
"src/main/java/com/tuoman/ai_task_orchestrator/mq/DocumentIngestionMessagePublisher.java","8c2c8badf035ce9f6c37e64ef8d024f96ba7a015","b08c73cd8c2d85918dd847dd8e9eaf8694a1b43aba8e2586bace9ab550830a20","153","6","4","MAIN_JAVA","com.tuoman.ai_task_orchestrator.mq","main-java/mq","","STRUCTURAL_SCAN_ONLY","","DROP","","HUMAN_REVIEW_REQUIRED","STRUCTURAL_METADATA_ONLY","","","",""
"src/main/java/com/tuoman/ai_task_orchestrator/mq/RabbitAgentTaskMessagePublisher.java","9c02eec6d9fb99cc0a8288a03a0c94455ab5c350","70b260ef3e0c1b5dd2d83aad643b29f8696c97112d751fc19463407a5692dc14","676","22","18","MAIN_JAVA","com.tuoman.ai_task_orchestrator.mq","main-java/mq","","STRUCTURAL_SCAN_ONLY","","DROP","","HUMAN_REVIEW_REQUIRED","STRUCTURAL_METADATA_ONLY","","","",""
"src/main/java/com/tuoman/ai_task_orchestrator/mq/RabbitDocumentIngestionMessagePublisher.java","d5eff5ed38e2c4f80867eaf0dd9ce350a571344e","8b23e34492dfc0f09b882fb583aa37f7834df035dae5159145b6bb32b1367641","708","22","18","MAIN_JAVA","com.tuoman.ai_task_orchestrator.mq","main-java/mq","","STRUCTURAL_SCAN_ONLY","","DROP","","HUMAN_REVIEW_REQUIRED","STRUCTURAL_METADATA_ONLY","","","",""
"src/main/java/com/tuoman/ai_task_orchestrator/mq/TaskDispatchConsumer.java","32058cd46afd57fc75e4ec984404ceed537a6d96","a6d7ce41ae67ef396e774204e63b8b1385591a2ad8bac33185a9fc3bd8860752","1009","29","24","MAIN_JAVA","com.tuoman.ai_task_orchestrator.mq","main-java/mq","","STRUCTURAL_SCAN_ONLY","","DROP","","HUMAN_REVIEW_REQUIRED","STRUCTURAL_METADATA_ONLY","","","",""
"src/main/java/com/tuoman/ai_task_orchestrator/mq/TaskDispatchMessage.java","e049c53d55eab6ef973031aa301b72077cd406d0","3abec0454779a71c58d7b1aec7bd054cc78c03360c9b1c505a0aa1f3667d4e8d","274","15","12","MAIN_JAVA","com.tuoman.ai_task_orchestrator.mq","main-java/mq","","STRUCTURAL_SCAN_ONLY","","DROP","","HUMAN_REVIEW_REQUIRED","STRUCTURAL_METADATA_ONLY","","","",""
"src/main/java/com/tuoman/ai_task_orchestrator/mq/TaskDispatchProducer.java","be9ee58841fc465ca381d3fbe48db4a81acdbc63","4099ac7b66af9b7f7050619f85daa14cff5e7ff8c77a317ba5a4a7b3b5671ff1","911","29","24","MAIN_JAVA","com.tuoman.ai_task_orchestrator.mq","main-java/mq","","STRUCTURAL_SCAN_ONLY","","DROP","","HUMAN_REVIEW_REQUIRED","STRUCTURAL_METADATA_ONLY","","","",""
"src/main/java/com/tuoman/ai_task_orchestrator/prompt/PromptTemplateRenderer.java","be8c68c9c16b89d138af88deced131c9317c209d","e7c66b203fe9078114cda40f61b2ddc54619dffae33ef63b8a127a7bee4f3349","1919","53","42","MAIN_JAVA","com.tuoman.ai_task_orchestrator.prompt","main-java/prompt","","STRUCTURAL_SCAN_ONLY","","DROP","","HUMAN_REVIEW_REQUIRED","STRUCTURAL_METADATA_ONLY","","","",""
"src/main/java/com/tuoman/ai_task_orchestrator/queryunderstanding/QueryClarificationGuard.java","8b910bfe7595e5434fa4ccc57086468069bf8b87","531c25e6cf3fc295f113b288501af744de75afdbd430701dd41f033f38bc3869","2889","67","60","MAIN_JAVA","com.tuoman.ai_task_orchestrator.queryunderstanding","main-java/queryunderstanding","","STRUCTURAL_SCAN_ONLY","","DROP","","HUMAN_REVIEW_REQUIRED","STRUCTURAL_METADATA_ONLY","","","",""
"src/main/java/com/tuoman/ai_task_orchestrator/queryunderstanding/QueryMetadataExtractor.java","4f289a301b41ad53ca09d63a4b6b567fbf9b853b","37e41de3ff3873b8c618c76fbc358a7fd3753958c63e99175c11196a623ba022","9022","223","205","MAIN_JAVA","com.tuoman.ai_task_orchestrator.queryunderstanding","main-java/queryunderstanding","","STRUCTURAL_SCAN_ONLY","","DROP","","HUMAN_REVIEW_REQUIRED","STRUCTURAL_METADATA_ONLY","","","",""
"src/main/java/com/tuoman/ai_task_orchestrator/queryunderstanding/QueryRewriteResult.java","c2ec610ce21d2a63faeb3fff18d9158b776d7380","02b0bd2e5c5b595edbb72733e9b5ef779b87298efe2d47806f1271d54c538ff6","527","23","15","MAIN_JAVA","com.tuoman.ai_task_orchestrator.queryunderstanding","main-java/queryunderstanding","","STRUCTURAL_SCAN_ONLY","","DROP","","HUMAN_REVIEW_REQUIRED","STRUCTURAL_METADATA_ONLY","","","",""
"src/main/java/com/tuoman/ai_task_orchestrator/queryunderstanding/QueryRewriteService.java","f6c08319311115ac71eb210ca6b06094a4892826","ee193dec12e748bdd0eb52b8408f4563d4113a4d3975d1a26fc5ed438e2632f9","3293","79","71","MAIN_JAVA","com.tuoman.ai_task_orchestrator.queryunderstanding","main-java/queryunderstanding","","STRUCTURAL_SCAN_ONLY","","DROP","","HUMAN_REVIEW_REQUIRED","STRUCTURAL_METADATA_ONLY","","","",""
"src/main/java/com/tuoman/ai_task_orchestrator/queryunderstanding/QueryType.java","1292138bc0c94f51cbe2c7f2575379479f1e3962","759ada57230c33714fc060d8738ec02b5ff76fdf434fb6ee0d888f32958cf1a9","327","17","16","MAIN_JAVA","com.tuoman.ai_task_orchestrator.queryunderstanding","main-java/queryunderstanding","","STRUCTURAL_SCAN_ONLY","","DROP","","HUMAN_REVIEW_REQUIRED","STRUCTURAL_METADATA_ONLY","","","",""
"src/main/java/com/tuoman/ai_task_orchestrator/queryunderstanding/QueryUnderstandingDiagnostics.java","a491cb96993cf4c931f1796e5125ea16eaf3de50","ee4f8bab1b62da7b4b01e37873863c3ed8309f9a33207d20ee344fe9e1fdaa5b","2312","68","49","MAIN_JAVA","com.tuoman.ai_task_orchestrator.queryunderstanding","main-java/queryunderstanding","","STRUCTURAL_SCAN_ONLY","","DROP","","HUMAN_REVIEW_REQUIRED","STRUCTURAL_METADATA_ONLY","","","",""
"src/main/java/com/tuoman/ai_task_orchestrator/queryunderstanding/QueryUnderstandingMetricsService.java","46114baa5a9a4a1568a4b131c7c06022ea24e7e1","29db008af106de27bdfa1c9e405c0146f52099deb8bcb07f1fc0042f45a25ef5","3711","72","65","MAIN_JAVA","com.tuoman.ai_task_orchestrator.queryunderstanding","main-java/queryunderstanding","","STRUCTURAL_SCAN_ONLY","","DROP","","HUMAN_REVIEW_REQUIRED","STRUCTURAL_METADATA_ONLY","","","",""
"src/main/java/com/tuoman/ai_task_orchestrator/queryunderstanding/QueryUnderstandingProperties.java","717ee052b417559619ecda84aca5fbd656acac4c","6fc653cac2c9944c541138d8eb687e940cda22da5d613645e4e6684e4d8e1719","638","25","17","MAIN_JAVA","com.tuoman.ai_task_orchestrator.queryunderstanding","main-java/queryunderstanding","","STRUCTURAL_SCAN_ONLY","","DROP","","HUMAN_REVIEW_REQUIRED","STRUCTURAL_METADATA_ONLY","","","",""
"src/main/java/com/tuoman/ai_task_orchestrator/queryunderstanding/QueryUnderstandingResult.java","2cb3f6b77383f032448f89c8c83586a3d3c0fed0","aad4ab3214200481a73be24835b274f1b79a3e648f7c6fb23fa59c26fc3cd16b","1748","68","42","MAIN_JAVA","com.tuoman.ai_task_orchestrator.queryunderstanding","main-java/queryunderstanding","","STRUCTURAL_SCAN_ONLY","","DROP","","HUMAN_REVIEW_REQUIRED","STRUCTURAL_METADATA_ONLY","","","",""
"src/main/java/com/tuoman/ai_task_orchestrator/queryunderstanding/QueryUnderstandingService.java","0e3ac2acff442e93833be310a92ce4c5bac2163a","bcd7511453c6c3b1d6dffa682e1b57af3b06f52593fd07f62996b8c20fafa6a0","8781","202","186","MAIN_JAVA","com.tuoman.ai_task_orchestrator.queryunderstanding","main-java/queryunderstanding","","STRUCTURAL_SCAN_ONLY","","DROP","","HUMAN_REVIEW_REQUIRED","STRUCTURAL_METADATA_ONLY","","","",""
"src/main/java/com/tuoman/ai_task_orchestrator/queryunderstanding/RetrievalRoutingDecision.java","70d14c2522e583b86288970d692c2f60afe63392","e1db55afd5ab8ade60b1f9c04723ff9f5ca1babf769581bc85b76918e4ee7698","1346","50","32","MAIN_JAVA","com.tuoman.ai_task_orchestrator.queryunderstanding","main-java/queryunderstanding","","STRUCTURAL_SCAN_ONLY","","DROP","","HUMAN_REVIEW_REQUIRED","STRUCTURAL_METADATA_ONLY","","","",""
"src/main/java/com/tuoman/ai_task_orchestrator/queryunderstanding/RetrievalRoutingPolicyService.java","3a0331d93755cd261a12c956695d9af78abad6dc","bd92ee3619aecc616937bffc3e92852c7782e4d9a428f1d8c646bd48cd84c0e5","8088","155","144","MAIN_JAVA","com.tuoman.ai_task_orchestrator.queryunderstanding","main-java/queryunderstanding","","STRUCTURAL_SCAN_ONLY","","DROP","","HUMAN_REVIEW_REQUIRED","STRUCTURAL_METADATA_ONLY","","","",""
"src/main/java/com/tuoman/ai_task_orchestrator/queryunderstanding/RetrievalRoutingStrategy.java","a5748ba3d11de9a025a3c9d158239a1560c5920c","017b9e2274c89da872a46e11b3e376d72a78033ce542f580f29e65b9af97155a","211","8","7","MAIN_JAVA","com.tuoman.ai_task_orchestrator.queryunderstanding","main-java/queryunderstanding","","STRUCTURAL_SCAN_ONLY","","DROP","","HUMAN_REVIEW_REQUIRED","STRUCTURAL_METADATA_ONLY","","","",""
"src/main/java/com/tuoman/ai_task_orchestrator/queryunderstanding/UserSelectedFilters.java","2e68c1e9571b1332d3586db066b64652e5315d8b","835e62d8910c6ae72b24546fe26dadb51f8d9073e0aa134e4e408e47cd53f6a2","790","33","22","MAIN_JAVA","com.tuoman.ai_task_orchestrator.queryunderstanding","main-java/queryunderstanding","","STRUCTURAL_SCAN_ONLY","","DROP","","HUMAN_REVIEW_REQUIRED","STRUCTURAL_METADATA_ONLY","","","",""
"src/main/java/com/tuoman/ai_task_orchestrator/rag/quality/RagQualityDiagnosisService.java","00ea276fd2a3ce16bf4946a0846bd6c3c50bb9d9","5d35036254c258dc1b0bb1e32f2aa2aaeb4fcd19e7f16d0683c6dddf8a9dc7ac","8791","151","132","MAIN_JAVA","com.tuoman.ai_task_orchestrator.rag.quality","main-java/rag","","STRUCTURAL_SCAN_ONLY","","DROP","","HUMAN_REVIEW_REQUIRED","STRUCTURAL_METADATA_ONLY","","","",""
"src/main/java/com/tuoman/ai_task_orchestrator/rag/quality/RagQualityLevel.java","a5db1aa4e17177ad5f65c2f96f4974f869b0d60c","f2a5bce4a9429612e7d5fbd4276cbc46bfb0139363001d8896d72b7997988824","755","35","32","MAIN_JAVA","com.tuoman.ai_task_orchestrator.rag.quality","main-java/rag","","STRUCTURAL_SCAN_ONLY","","DROP","","HUMAN_REVIEW_REQUIRED","STRUCTURAL_METADATA_ONLY","","","",""
"src/main/java/com/tuoman/ai_task_orchestrator/rag/quality/RagQualityMode.java","551dfa0bbc96c1fd391660753cbbdf10e35f07ac","cf37da2c61f9beca425fc6411f2763116037aa75c5b7b448daeede34fb611d58","687","26","23","MAIN_JAVA","com.tuoman.ai_task_orchestrator.rag.quality","main-java/rag","","STRUCTURAL_SCAN_ONLY","","DROP","","HUMAN_REVIEW_REQUIRED","STRUCTURAL_METADATA_ONLY","","","",""
"src/main/java/com/tuoman/ai_task_orchestrator/rag/quality/RagQualityScoreCalculator.java","4a500c32508fbe10e792ff54bde492c9c16410cb","cbb213d32fb34a4d92ca11eb52dc91a3f3220910fe1c77d6be2734a6818a0a33","16327","398","343","MAIN_JAVA","com.tuoman.ai_task_orchestrator.rag.quality","main-java/rag","","STRUCTURAL_SCAN_ONLY","","DROP","","HUMAN_REVIEW_REQUIRED","STRUCTURAL_METADATA_ONLY","","","",""
"src/main/java/com/tuoman/ai_task_orchestrator/rag/quality/RagQualityScoreContext.java","8eb900c6e73c07c1dcbe9d3cd1c20bd67031d8ca","67ecaa1aa2f4b8aaf7f55d684a6ce25be90609fb1084b413f6440f4a3b8cdc0c","958","40","24","MAIN_JAVA","com.tuoman.ai_task_orchestrator.rag.quality","main-java/rag","","STRUCTURAL_SCAN_ONLY","","DROP","","HUMAN_REVIEW_REQUIRED","STRUCTURAL_METADATA_ONLY","","","",""
"src/main/java/com/tuoman/ai_task_orchestrator/rag/quality/RagQualityScoreResult.java","207ee00bbbb14825b13ba97969d16954a9a9e6f8","b9671f0c38e1bccd9bd4aa13ea68812fb205bdaaef373120823fbfcee669bc59","594","31","18","MAIN_JAVA","com.tuoman.ai_task_orchestrator.rag.quality","main-java/rag","","STRUCTURAL_SCAN_ONLY","","DROP","","HUMAN_REVIEW_REQUIRED","STRUCTURAL_METADATA_ONLY","","","",""
"src/main/java/com/tuoman/ai_task_orchestrator/rag/quality/RagQualityService.java","95bebec116a82a854aeb1cc9261783f4bab0e7d1","d1ec3b8096977ace0eba914824bc04cf44079b7b30deb2d7aa000aa289202a7a","3216","73","63","MAIN_JAVA","com.tuoman.ai_task_orchestrator.rag.quality","main-java/rag","","STRUCTURAL_SCAN_ONLY","","DROP","","HUMAN_REVIEW_REQUIRED","STRUCTURAL_METADATA_ONLY","","","",""
"src/main/java/com/tuoman/ai_task_orchestrator/rag/quality/RagQualityWeights.java","30f22b07344f017ad0671c9b5d2448bc50a2e8ca","ec4f404733b2d2ec6c2531cd79f12dda656b5b1c6452fc6bf96f4bd696037160","847","30","22","MAIN_JAVA","com.tuoman.ai_task_orchestrator.rag.quality","main-java/rag","","STRUCTURAL_SCAN_ONLY","","DROP","","HUMAN_REVIEW_REQUIRED","STRUCTURAL_METADATA_ONLY","","","",""
"src/main/java/com/tuoman/ai_task_orchestrator/repository/AgentProfileRepository.java","b5159331bd9420882c146bf0bef99e664e58eb2c","a32f4e669630a5325657a315b296545d76a439808adb64daafca49992192776c","502","16","10","MAIN_JAVA","com.tuoman.ai_task_orchestrator.repository","main-java/repository","","STRUCTURAL_SCAN_ONLY","","DROP","","HUMAN_REVIEW_REQUIRED","STRUCTURAL_METADATA_ONLY","","","",""
"src/main/java/com/tuoman/ai_task_orchestrator/repository/AgentTaskCitationRepository.java","dc378a9e8243d9f7deb77e3be8bc8c60cf8d32e8","95b5f3f09bc280d094c46c9e656f39cd121baffd940b52c429266561d9f1cfff","435","13","8","MAIN_JAVA","com.tuoman.ai_task_orchestrator.repository","main-java/repository","","STRUCTURAL_SCAN_ONLY","","DROP","","HUMAN_REVIEW_REQUIRED","STRUCTURAL_METADATA_ONLY","","","",""
"src/main/java/com/tuoman/ai_task_orchestrator/repository/AgentTaskEventRepository.java","dc2632b7617391ca3da3df8ca3c8e386f9169a66","0b7ad667d85e186ab3d82fa0291fc78c90b8fb772e11c409af3006f0f5a40173","382","11","7","MAIN_JAVA","com.tuoman.ai_task_orchestrator.repository","main-java/repository","","STRUCTURAL_SCAN_ONLY","","DROP","","HUMAN_REVIEW_REQUIRED","STRUCTURAL_METADATA_ONLY","","","",""
"src/main/java/com/tuoman/ai_task_orchestrator/repository/AgentTaskRepository.java","d13f0d6494418483071ab9c26709bb9fac764847","3d8652d15994b9e4c47f05afd753748067d52d80817fdbf4b7497d6b2b3aa229","351","11","7","MAIN_JAVA","com.tuoman.ai_task_orchestrator.repository","main-java/repository","","STRUCTURAL_SCAN_ONLY","","DROP","","HUMAN_REVIEW_REQUIRED","STRUCTURAL_METADATA_ONLY","","","",""
"src/main/java/com/tuoman/ai_task_orchestrator/repository/AgentTaskStepRepository.java","cdf8d40a56f95b8f4da56868682a576f76a72024","80c1e61c53f8eca7bd96e0b5f2b75a0c31e71a03ca5dbf862eb1442acf1b2297","540","16","10","MAIN_JAVA","com.tuoman.ai_task_orchestrator.repository","main-java/repository","","STRUCTURAL_SCAN_ONLY","","DROP","","HUMAN_REVIEW_REQUIRED","STRUCTURAL_METADATA_ONLY","","","",""
"src/main/java/com/tuoman/ai_task_orchestrator/repository/DocumentChunkEmbeddingRepository.java","bcd6e020ca9912b06442d06a9f4a634d96b6b807","87c5ffbce7300dc3c24489e333c035fc8347af4c41d6b335cf0aec3c22b0b29b","1882","53","37","MAIN_JAVA","com.tuoman.ai_task_orchestrator.repository","main-java/repository","","STRUCTURAL_SCAN_ONLY","","DROP","","HUMAN_REVIEW_REQUIRED","STRUCTURAL_METADATA_ONLY","","","",""
"src/main/java/com/tuoman/ai_task_orchestrator/repository/DocumentChunkRepository.java","f9c995ff6790bd569f01d8c3f6015a98797d711e","196a40ac69b30eb9854d3b08f8baf86955c8d59e5541a3844223695b51655cba","2093","48","37","MAIN_JAVA","com.tuoman.ai_task_orchestrator.repository","main-java/repository","","STRUCTURAL_SCAN_ONLY","","DROP","","HUMAN_REVIEW_REQUIRED","STRUCTURAL_METADATA_ONLY","","","",""
"src/main/java/com/tuoman/ai_task_orchestrator/repository/DocumentCollectionRepository.java","367f11048dc20e62ed2a1c96219811c01c95a240","b9061061e1957bf4b65f9bc07dc343ba16bfdee158df6522a5f7af64f99812c4","2780","63","49","MAIN_JAVA","com.tuoman.ai_task_orchestrator.repository","main-java/repository","","STRUCTURAL_SCAN_ONLY","","DROP","","HUMAN_REVIEW_REQUIRED","STRUCTURAL_METADATA_ONLY","","","",""
"src/main/java/com/tuoman/ai_task_orchestrator/repository/DocumentIngestionEventRepository.java","87841e6992941ef7a3678d54cffe96f33343ab70","c0c7956c1bb68a5e51b05aca2a3744ade3b98eb1544c1ccd7a1df644984416f5","952","26","19","MAIN_JAVA","com.tuoman.ai_task_orchestrator.repository","main-java/repository","","STRUCTURAL_SCAN_ONLY","","DROP","","HUMAN_REVIEW_REQUIRED","STRUCTURAL_METADATA_ONLY","","","",""
"src/main/java/com/tuoman/ai_task_orchestrator/repository/DocumentIngestionTaskRepository.java","f096e4438fb1bbef3dabc9556098370805b0e56e","85b818a221774f81fdc4aec632a5ee6dc45f7f25806ee46400b29664bcecf3f2","871","23","17","MAIN_JAVA","com.tuoman.ai_task_orchestrator.repository","main-java/repository","","STRUCTURAL_SCAN_ONLY","","DROP","","HUMAN_REVIEW_REQUIRED","STRUCTURAL_METADATA_ONLY","","","",""
"src/main/java/com/tuoman/ai_task_orchestrator/repository/DocumentRepository.java","51bc8cc45d1d2fc184de0aa3bd00e43c7bf2bfce","c14aea1c666a65bc492b28a44e15e2e0e5f38d33976c9c9f834c5826fd2c422b","2077","45","33","MAIN_JAVA","com.tuoman.ai_task_orchestrator.repository","main-java/repository","","STRUCTURAL_SCAN_ONLY","","DROP","","HUMAN_REVIEW_REQUIRED","STRUCTURAL_METADATA_ONLY","","","",""
"src/main/java/com/tuoman/ai_task_orchestrator/repository/EmbeddingCacheMetricRepository.java","230df0b0b868e4e374f17069bbef9cbbfe4d2abe","64891a7f316df40a46b70363e74097d5b67d596b07c03cc9a5e541a22969d2f7","3292","88","79","MAIN_JAVA","com.tuoman.ai_task_orchestrator.repository","main-java/repository","","STRUCTURAL_SCAN_ONLY","","DROP","","HUMAN_REVIEW_REQUIRED","STRUCTURAL_METADATA_ONLY","","","",""
"src/main/java/com/tuoman/ai_task_orchestrator/repository/EmbeddingCacheRepository.java","27e3f11bb68a9bcdcdef9109255754566c779046","12711ab502cc233cf2d2616869546a1e0ff1088441ecf8c0142c0ec6802b9431","514","16","12","MAIN_JAVA","com.tuoman.ai_task_orchestrator.repository","main-java/repository","","STRUCTURAL_SCAN_ONLY","","DROP","","HUMAN_REVIEW_REQUIRED","STRUCTURAL_METADATA_ONLY","","","",""
"src/main/java/com/tuoman/ai_task_orchestrator/repository/KnowledgeCollectionRepository.java","430f9c4aa685bdd1df2f123f6ebff1ce25138f4a","2cf0fdf99ff94326ffd63f0cc778e6924400cf872ff980b65d73832008ce56bf","522","16","10","MAIN_JAVA","com.tuoman.ai_task_orchestrator.repository","main-java/repository","","STRUCTURAL_SCAN_ONLY","","DROP","","HUMAN_REVIEW_REQUIRED","STRUCTURAL_METADATA_ONLY","","","",""
"src/main/java/com/tuoman/ai_task_orchestrator/repository/MemoryItemRepository.java","a728ed4ee996a3049177232312dd8bff467ec163","05b21381745143747bb98e50b3177b64fe1823f73966d5fd7f0759ff5d9052b7","961","28","20","MAIN_JAVA","com.tuoman.ai_task_orchestrator.repository","main-java/repository","","STRUCTURAL_SCAN_ONLY","","DROP","","HUMAN_REVIEW_REQUIRED","STRUCTURAL_METADATA_ONLY","","","",""
"src/main/java/com/tuoman/ai_task_orchestrator/repository/ModelProviderConfigRepository.java","303733be5bad2c3ebbec7a086fa49be0d6d54090","6481435c3bc293566284559ff163f0f53ee71a3b49b0aca716a2cb1b52e7d203","1150","28","19","MAIN_JAVA","com.tuoman.ai_task_orchestrator.repository","main-java/repository","","STRUCTURAL_SCAN_ONLY","","DROP","","HUMAN_REVIEW_REQUIRED","STRUCTURAL_METADATA_ONLY","","","",""
"src/main/java/com/tuoman/ai_task_orchestrator/repository/NotificationRepository.java","b9173ed92260677643b0454c2aa8481478ca9c7e","c8753c433d88b04fa24b78c61f3920372efe9ab6579ebf5eb041918921245e7b","732","19","12","MAIN_JAVA","com.tuoman.ai_task_orchestrator.repository","main-java/repository","","STRUCTURAL_SCAN_ONLY","","DROP","","HUMAN_REVIEW_REQUIRED","STRUCTURAL_METADATA_ONLY","","","",""
"src/main/java/com/tuoman/ai_task_orchestrator/repository/PromptTemplateRepository.java","fccf6469b1704914443f98c9d916f3b1e15d9469","c5ab878078aa2ad2847bd2b853a4a884b0053046785f69f39d411e8877d15282","399","11","7","MAIN_JAVA","com.tuoman.ai_task_orchestrator.repository","main-java/repository","","STRUCTURAL_SCAN_ONLY","","DROP","","HUMAN_REVIEW_REQUIRED","STRUCTURAL_METADATA_ONLY","","","",""
"src/main/java/com/tuoman/ai_task_orchestrator/repository/RagEvaluationCaseRepository.java","117922f852829e8419c88c136a29614410b1b408","20d671bbb1926ab803166807a12a543308ef9c1ad6736eefccd9627065e14f52","668","18","11","MAIN_JAVA","com.tuoman.ai_task_orchestrator.repository","main-java/repository","","STRUCTURAL_SCAN_ONLY","","DROP","","HUMAN_REVIEW_REQUIRED","STRUCTURAL_METADATA_ONLY","","","",""
"src/main/java/com/tuoman/ai_task_orchestrator/repository/RagEvaluationCaseResultRepository.java","f2fea3d7296aaf7a845eba458be0b26f462a1f01","3aadec7a162868e12915a7768d450a62f1f82181377a31cee20efa0cbb89b41d","409","11","7","MAIN_JAVA","com.tuoman.ai_task_orchestrator.repository","main-java/repository","","STRUCTURAL_SCAN_ONLY","","DROP","","HUMAN_REVIEW_REQUIRED","STRUCTURAL_METADATA_ONLY","","","",""
"src/main/java/com/tuoman/ai_task_orchestrator/repository/RagEvaluationDatasetRepository.java","cb1a7ab7d2c2f6d98245da6a5e3b3f1d69fcea3d","e0dcc4d53c4299bdb481ad8e28458784cf8c0b012d0d1576978fecf6efe5b9ab","576","14","9","MAIN_JAVA","com.tuoman.ai_task_orchestrator.repository","main-java/repository","","STRUCTURAL_SCAN_ONLY","","DROP","","HUMAN_REVIEW_REQUIRED","STRUCTURAL_METADATA_ONLY","","","",""
"src/main/java/com/tuoman/ai_task_orchestrator/repository/RagEvaluationRunRepository.java","4d18549a02a2f3d01190bfbcd686715a47ecd1e8","a888b4266185e8189d9c56be0975d913cdd6f8612b7b52b15df81b62f29b8a80","615","16","10","MAIN_JAVA","com.tuoman.ai_task_orchestrator.repository","main-java/repository","","STRUCTURAL_SCAN_ONLY","","DROP","","HUMAN_REVIEW_REQUIRED","STRUCTURAL_METADATA_ONLY","","","",""
"src/main/java/com/tuoman/ai_task_orchestrator/repository/RetrievalReindexEventRepository.java","b6d93b122f62fd941970c3ca2620f7fc27dc27b9","1fdbeef11a5a122f0071e124ffea9cd1c7c4c0bd8bc3814d94f09406c3fcdd2b","301","7","5","MAIN_JAVA","com.tuoman.ai_task_orchestrator.repository","main-java/repository","","STRUCTURAL_SCAN_ONLY","","DROP","","HUMAN_REVIEW_REQUIRED","STRUCTURAL_METADATA_ONLY","","","",""
"src/main/java/com/tuoman/ai_task_orchestrator/repository/TaskAttemptRepository.java","9a6423caa32b23ba6fe5b99fbebfd33c6b543061","704750a9c1597a4c1c4ef2c53160b2a7db64cd7d477c0aada5c07d84f7a7cfd0","833","20","14","MAIN_JAVA","com.tuoman.ai_task_orchestrator.repository","main-java/repository","","STRUCTURAL_SCAN_ONLY","","DROP","","HUMAN_REVIEW_REQUIRED","STRUCTURAL_METADATA_ONLY","","","",""
"src/main/java/com/tuoman/ai_task_orchestrator/repository/TaskEventRepository.java","beea1bb892f066fd7d8cfd1a2114e135441b222d","e0b6540060c8fba37e8d07771c46b0d457a6aced441f9f299c08985eae7217f6","264","7","5","MAIN_JAVA","com.tuoman.ai_task_orchestrator.repository","main-java/repository","","STRUCTURAL_SCAN_ONLY","","DROP","","HUMAN_REVIEW_REQUIRED","STRUCTURAL_METADATA_ONLY","","","",""
"src/main/java/com/tuoman/ai_task_orchestrator/repository/TaskOutboxRepository.java","cd47d037a0e15abcd4aca177ccdaa532dd398b2a","0fea79e67b27648d67df956a897ffa8925a5a3edb7c5e74986e59d0ddb72d73b","3981","100","93","MAIN_JAVA","com.tuoman.ai_task_orchestrator.repository","main-java/repository","","STRUCTURAL_SCAN_ONLY","","DROP","","HUMAN_REVIEW_REQUIRED","STRUCTURAL_METADATA_ONLY","","","",""
"src/main/java/com/tuoman/ai_task_orchestrator/repository/TaskOutputChunkRepository.java","4108a6b01d747ce0e9e2698c432eca84670aa50c","7e922afc2b6079a3828b5b898103b086cc1171daf35fb8dd4d6ac196c4448b2e","426","13","8","MAIN_JAVA","com.tuoman.ai_task_orchestrator.repository","main-java/repository","","STRUCTURAL_SCAN_ONLY","","DROP","","HUMAN_REVIEW_REQUIRED","STRUCTURAL_METADATA_ONLY","","","",""
"src/main/java/com/tuoman/ai_task_orchestrator/repository/TaskRepository.java","5df2fce736d8263d8338e622a9ca529046f3d08c","9a199e1a6d5a3936e885d49021ed97a1764a09a38a51089a88423e331cfb5b1e","5395","143","131","MAIN_JAVA","com.tuoman.ai_task_orchestrator.repository","main-java/repository","","STRUCTURAL_SCAN_ONLY","","DROP","","HUMAN_REVIEW_REQUIRED","STRUCTURAL_METADATA_ONLY","","","",""
"src/main/java/com/tuoman/ai_task_orchestrator/repository/UploadBatchItemRepository.java","3d9a3b913c3169ff4b5123009820661221bfdcee","6ce7e774891661058cb6f74d3e636048ce7fd1eb27f753bdaf4d9a0a365a8444","738","19","12","MAIN_JAVA","com.tuoman.ai_task_orchestrator.repository","main-java/repository","","STRUCTURAL_SCAN_ONLY","","DROP","","HUMAN_REVIEW_REQUIRED","STRUCTURAL_METADATA_ONLY","","","",""
"src/main/java/com/tuoman/ai_task_orchestrator/repository/UploadBatchRepository.java","f687fa2e504a06ee97247bd7a5be045319ddc30a","b1179795e5e9442152576923d592a2f2c8e7bc0c10dc47d56b326900c5ec5fb9","357","11","7","MAIN_JAVA","com.tuoman.ai_task_orchestrator.repository","main-java/repository","","STRUCTURAL_SCAN_ONLY","","DROP","","HUMAN_REVIEW_REQUIRED","STRUCTURAL_METADATA_ONLY","","","",""
"src/main/java/com/tuoman/ai_task_orchestrator/repository/VectorAuditIssueRepository.java","093219862f48320ad527ea5e36a5fe6806895e62","358c654bf3500e0998722af8d975c4285a14b925707bba56ec91d2bfce160552","391","11","7","MAIN_JAVA","com.tuoman.ai_task_orchestrator.repository","main-java/repository","","STRUCTURAL_SCAN_ONLY","","DROP","","HUMAN_REVIEW_REQUIRED","STRUCTURAL_METADATA_ONLY","","","",""
"src/main/java/com/tuoman/ai_task_orchestrator/repository/VectorAuditRunRepository.java","a02e8bd4616523ebb99b2dabd2ee2f5ddaca7f37","bb51940c9d0849af893b0fde21e21100fbb4c38c3a3edac5a0446ce365ccc504","369","11","7","MAIN_JAVA","com.tuoman.ai_task_orchestrator.repository","main-java/repository","","STRUCTURAL_SCAN_ONLY","","DROP","","HUMAN_REVIEW_REQUIRED","STRUCTURAL_METADATA_ONLY","","","",""
"src/main/java/com/tuoman/ai_task_orchestrator/repository/VectorIndexGenerationRepository.java","87236815429c0057b959a784af1fca6180f47e76","27d665a98630dc8b3f285f9d3e152f7849e63e35e8984deca8e9237143c71737","1342","35","26","MAIN_JAVA","com.tuoman.ai_task_orchestrator.repository","main-java/repository","","STRUCTURAL_SCAN_ONLY","","DROP","","HUMAN_REVIEW_REQUIRED","STRUCTURAL_METADATA_ONLY","","","",""
"src/main/java/com/tuoman/ai_task_orchestrator/rerank/LexicalOverlapReranker.java","9ae56a06a39e3a5b85c722858da2b8e4f533e5ae","76e9d7417a10fff8a807b195c3d92fca21d2bd324ab32b5eecd5e6498d242797","3645","99","84","MAIN_JAVA","com.tuoman.ai_task_orchestrator.rerank","main-java/rerank","","STRUCTURAL_SCAN_ONLY","","DROP","","HUMAN_REVIEW_REQUIRED","STRUCTURAL_METADATA_ONLY","","","",""
"src/main/java/com/tuoman/ai_task_orchestrator/rerank/NoopReranker.java","4f4284cb42570bbf5df4c27b79256a3a84029364","16dfb41462276e3d079fe3777febef295b8245944834f1c7b103b359eeff4382","1469","44","38","MAIN_JAVA","com.tuoman.ai_task_orchestrator.rerank","main-java/rerank","","STRUCTURAL_SCAN_ONLY","","DROP","","HUMAN_REVIEW_REQUIRED","STRUCTURAL_METADATA_ONLY","","","",""
"src/main/java/com/tuoman/ai_task_orchestrator/rerank/RagRerankProperties.java","d6af9df186086ebf77e984c191db3b096d2d103a","f57b3bdf5fca9152f3b1b4aa6cccb34545b0902a3ceae1117b06794601210f6b","442","19","13","MAIN_JAVA","com.tuoman.ai_task_orchestrator.rerank","main-java/rerank","","STRUCTURAL_SCAN_ONLY","","DROP","","HUMAN_REVIEW_REQUIRED","STRUCTURAL_METADATA_ONLY","","","",""
"src/main/java/com/tuoman/ai_task_orchestrator/rerank/RagTwoStageRetrievalService.java","8192342f241ed6894a9e97e47b9b65f10fdc5a81","7a11721444b22c80af8ede4bb68d9cbb214195d861517b3233d95f55e96c5473","22889","579","532","MAIN_JAVA","com.tuoman.ai_task_orchestrator.rerank","main-java/rerank","","STRUCTURAL_SCAN_ONLY","","DROP","","HUMAN_REVIEW_REQUIRED","STRUCTURAL_METADATA_ONLY","","","",""
"src/main/java/com/tuoman/ai_task_orchestrator/rerank/RerankCandidate.java","bb37c912e6e47fea720e95912830044d4397dbae","150e219f3562fd787b139f0657adc9a15c323f8e544e3ad4be73a2aa383fc455","242","11","10","MAIN_JAVA","com.tuoman.ai_task_orchestrator.rerank","main-java/rerank","","STRUCTURAL_SCAN_ONLY","","DROP","","HUMAN_REVIEW_REQUIRED","STRUCTURAL_METADATA_ONLY","","","",""
"src/main/java/com/tuoman/ai_task_orchestrator/rerank/RerankRequest.java","d512717de5d7bc5ca39503d65d723bb829b799c4","c72c311b9b1cedf1f6eec8955e5d8efddd54286fadc670c15b0388a403440859","194","10","8","MAIN_JAVA","com.tuoman.ai_task_orchestrator.rerank","main-java/rerank","","STRUCTURAL_SCAN_ONLY","","DROP","","HUMAN_REVIEW_REQUIRED","STRUCTURAL_METADATA_ONLY","","","",""
"src/main/java/com/tuoman/ai_task_orchestrator/rerank/RerankResponse.java","e6bea0092080c757df26de9659dcd91964c7670f","f74995243383407a05f2ebdfb271293a86f76a5ef83a9bbda3efd46c4840d216","195","10","8","MAIN_JAVA","com.tuoman.ai_task_orchestrator.rerank","main-java/rerank","","STRUCTURAL_SCAN_ONLY","","DROP","","HUMAN_REVIEW_REQUIRED","STRUCTURAL_METADATA_ONLY","","","",""
"src/main/java/com/tuoman/ai_task_orchestrator/rerank/RerankedItem.java","e0ff5db3a7f6a11ceff6d14ca8e066459785f25c","44e534a1d9615d3f190c98a24ad6236d96e244ddfb168f41c32b29b7472d5532","293","13","12","MAIN_JAVA","com.tuoman.ai_task_orchestrator.rerank","main-java/rerank","","STRUCTURAL_SCAN_ONLY","","DROP","","HUMAN_REVIEW_REQUIRED","STRUCTURAL_METADATA_ONLY","","","",""
"src/main/java/com/tuoman/ai_task_orchestrator/rerank/Reranker.java","0b776024c92cfdcbdc387c13be51ee1462b58644","c3f18431c55e67fe5949d789ff62bd2f3323fda7959866b76ff94687672faf6a","410","14","11","MAIN_JAVA","com.tuoman.ai_task_orchestrator.rerank","main-java/rerank","","STRUCTURAL_SCAN_ONLY","","DROP","","HUMAN_REVIEW_REQUIRED","STRUCTURAL_METADATA_ONLY","","","",""
"src/main/java/com/tuoman/ai_task_orchestrator/rerank/RerankerConfiguration.java","56b9ce8dadd5bd8e82716d8a488d6e31ba1ae825","bf35b56f65b82f0e57aa5bac22013a84915cb94c1005964591db8477abd374fc","1452","37","33","MAIN_JAVA","com.tuoman.ai_task_orchestrator.rerank","main-java/rerank","","STRUCTURAL_SCAN_ONLY","","DROP","","HUMAN_REVIEW_REQUIRED","STRUCTURAL_METADATA_ONLY","","","",""
"src/main/java/com/tuoman/ai_task_orchestrator/rerank/SimpleHeuristicReranker.java","e11b2631764fc0759716cf1ec33d5e2e02ce8f75","c6b3ae3d7801130b4e99fd8b639dace3f9d4912e3be2ba1bd9ba9a88872e7d38","3576","85","77","MAIN_JAVA","com.tuoman.ai_task_orchestrator.rerank","main-java/rerank","","STRUCTURAL_SCAN_ONLY","","DROP","","HUMAN_REVIEW_REQUIRED","STRUCTURAL_METADATA_ONLY","","","",""
"src/main/java/com/tuoman/ai_task_orchestrator/retrieval/CollectionAskEmptyReason.java","355f68333ffa0267e1233cf4a1469ab21e231b0f","28962a08db5e1658352fe9553eb2ce242ea2f4c9713de8a8eb9b098517cbec7e","190","9","8","MAIN_JAVA","com.tuoman.ai_task_orchestrator.retrieval","main-java/retrieval","","STRUCTURAL_SCAN_ONLY","","DROP","","HUMAN_REVIEW_REQUIRED","STRUCTURAL_METADATA_ONLY","","","",""
"src/main/java/com/tuoman/ai_task_orchestrator/retrieval/CollectionAskScope.java","a554cbf2a6ad2943060ee44120713474445de0c9","e20ac93c820eb9e9a52f8494e54b566a0f5401e34330777255651b5bae21da2f","630","21","17","MAIN_JAVA","com.tuoman.ai_task_orchestrator.retrieval","main-java/retrieval","","STRUCTURAL_SCAN_ONLY","","DROP","","HUMAN_REVIEW_REQUIRED","STRUCTURAL_METADATA_ONLY","","","",""
"src/main/java/com/tuoman/ai_task_orchestrator/retrieval/ContextExpansionService.java","310b3000e5cfaa8ca392762190fa5f0e218edf9a","65981d20d1b959cbd221670a434c9c70850ae4d63758fe15d31ba42574745e3f","5993","127","115","MAIN_JAVA","com.tuoman.ai_task_orchestrator.retrieval","main-java/retrieval","","STRUCTURAL_SCAN_ONLY","","DROP","","HUMAN_REVIEW_REQUIRED","STRUCTURAL_METADATA_ONLY","","","",""
"src/main/java/com/tuoman/ai_task_orchestrator/retrieval/HybridRetrievalService.java","6ec8657baf299758130ff8b70fdb968ed701aa86","1797e37cb7e8b3e9f334a73b56f8b966f9ac2ff68e1c5448d2583a9ab32b675f","21120","457","415","MAIN_JAVA","com.tuoman.ai_task_orchestrator.retrieval","main-java/retrieval","","STRUCTURAL_SCAN_ONLY","","DROP","","HUMAN_REVIEW_REQUIRED","STRUCTURAL_METADATA_ONLY","","","",""
"src/main/java/com/tuoman/ai_task_orchestrator/retrieval/KeywordRetriever.java","160e6029737b1fd7ecc1d65723534195d796e5b5","20504ad158f74c5dcad79a735a5f904e2e90305b370d9259e21f090bdd3b775f","902","32","26","MAIN_JAVA","com.tuoman.ai_task_orchestrator.retrieval","main-java/retrieval","","STRUCTURAL_SCAN_ONLY","","DROP","","HUMAN_REVIEW_REQUIRED","STRUCTURAL_METADATA_ONLY","","","",""
"src/main/java/com/tuoman/ai_task_orchestrator/retrieval/RetrievalDiagnostics.java","c9921ae34a75084ad98dd5cfac5bbc7744436159","6934d4417f5f9689177b2981724500a558f8ec182660df0d64a624cd056bb753","1566","69","45","MAIN_JAVA","com.tuoman.ai_task_orchestrator.retrieval","main-java/retrieval","","STRUCTURAL_SCAN_ONLY","","DROP","","HUMAN_REVIEW_REQUIRED","STRUCTURAL_METADATA_ONLY","","","",""
"src/main/java/com/tuoman/ai_task_orchestrator/retrieval/RetrievalFilter.java","3540a5a6dcb3b6cefbafd2a30ac59716e94b0616","2448776f834f1429a48422625075babde765687a43c2012af56941a66acf4ae3","964","43","27","MAIN_JAVA","com.tuoman.ai_task_orchestrator.retrieval","main-java/retrieval","","STRUCTURAL_SCAN_ONLY","","DROP","","HUMAN_REVIEW_REQUIRED","STRUCTURAL_METADATA_ONLY","","","",""
"src/main/java/com/tuoman/ai_task_orchestrator/retrieval/RetrievalFilterService.java","321b9cd163a1ce668d0142f78ebfb28bf7285d2e","79dd128fe3990f15bc57a0cb7f0ee853e7c33d603fca4476f20809069cf6be76","5849","128","117","MAIN_JAVA","com.tuoman.ai_task_orchestrator.retrieval","main-java/retrieval","","STRUCTURAL_SCAN_ONLY","","DROP","","HUMAN_REVIEW_REQUIRED","STRUCTURAL_METADATA_ONLY","","","",""
"src/main/java/com/tuoman/ai_task_orchestrator/retrieval/RetrievalScope.java","d1dc0f8346c0d2018e58269d561e489c982d301e","b8e11a7f2ebda73ce6c9d4a31c3ff5f552567e504143c9630ccf5c3eccf28af0","1106","35","28","MAIN_JAVA","com.tuoman.ai_task_orchestrator.retrieval","main-java/retrieval","","STRUCTURAL_SCAN_ONLY","","DROP","","HUMAN_REVIEW_REQUIRED","STRUCTURAL_METADATA_ONLY","","","",""
"src/main/java/com/tuoman/ai_task_orchestrator/retrieval/RrfFusionService.java","7c59d783ac96f39925a207c50bc246dced900f55","aea292df365e5007ad7219c4f67804b963f4e992c5ee663996ee4879600eba04","3591","97","88","MAIN_JAVA","com.tuoman.ai_task_orchestrator.retrieval","main-java/retrieval","","STRUCTURAL_SCAN_ONLY","","DROP","","HUMAN_REVIEW_REQUIRED","STRUCTURAL_METADATA_ONLY","","","",""
"src/main/java/com/tuoman/ai_task_orchestrator/retrieval/SimpleKeywordRetriever.java","4090503d9ab07d7834ddb419e25efb17bcb52d9e","6faab1e8904376f8bc36c5c9a13363ec6b2f88df9cc5cdb265913d77156082d3","6529","151","136","MAIN_JAVA","com.tuoman.ai_task_orchestrator.retrieval","main-java/retrieval","","STRUCTURAL_SCAN_ONLY","","DROP","","HUMAN_REVIEW_REQUIRED","STRUCTURAL_METADATA_ONLY","","","",""
"src/main/java/com/tuoman/ai_task_orchestrator/scheduler/TaskOutboxDispatcherScheduler.java","9805abd9143d205cd7f06fcbd3ffca1b74698042","f3491014d1f5190513eeca78fc81615409cc81998f61d7a99bfa3c40495e186f","2919","81","66","MAIN_JAVA","com.tuoman.ai_task_orchestrator.scheduler","main-java/scheduler","","STRUCTURAL_SCAN_ONLY","","DROP","","HUMAN_REVIEW_REQUIRED","STRUCTURAL_METADATA_ONLY","","","",""
"src/main/java/com/tuoman/ai_task_orchestrator/scheduler/TaskRetryScheduler.java","f9ab6faf4272fed769a46b27d812c31366e6ab24","aa73ded84e21f25ce067fc6b1bf60051776caa5979271701899e3a353e0c06c8","2542","71","60","MAIN_JAVA","com.tuoman.ai_task_orchestrator.scheduler","main-java/scheduler","","STRUCTURAL_SCAN_ONLY","","DROP","","HUMAN_REVIEW_REQUIRED","STRUCTURAL_METADATA_ONLY","","","",""
"src/main/java/com/tuoman/ai_task_orchestrator/scheduler/TaskTimeoutScheduler.java","9bd13ace3f3165647d6bd016d3c6721323bf6cb0","cf2dac0c57c162b1b62a7ac70d161034908217078ee987e44c40a60b269ba45a","1637","48","40","MAIN_JAVA","com.tuoman.ai_task_orchestrator.scheduler","main-java/scheduler","","STRUCTURAL_SCAN_ONLY","","DROP","","HUMAN_REVIEW_REQUIRED","STRUCTURAL_METADATA_ONLY","","","",""
"src/main/java/com/tuoman/ai_task_orchestrator/scheduler/TrashCleanupScheduler.java","893492ee9ffd6fddaa36f73b6f6309fbdc8a4bd0","049285a5f19fb6dc96eef5d9fb9845fb6cab256b3d27b8cb18b73bd641216f9d","926","28","23","MAIN_JAVA","com.tuoman.ai_task_orchestrator.scheduler","main-java/scheduler","","STRUCTURAL_SCAN_ONLY","","DROP","","HUMAN_REVIEW_REQUIRED","STRUCTURAL_METADATA_ONLY","","","",""
"src/main/java/com/tuoman/ai_task_orchestrator/security/ApiKeySecretService.java","d12b19d7d8af87615dead81c107e42d843768106","65e90cf4fbffb4f84af0194f4dc82cf19a5085e4502e4a62b1bf5c1732bb076b","4447","109","97","MAIN_JAVA","com.tuoman.ai_task_orchestrator.security","main-java/security","","STRUCTURAL_SCAN_ONLY","","DROP","","HUMAN_REVIEW_REQUIRED","STRUCTURAL_METADATA_ONLY","","","",""
"src/main/java/com/tuoman/ai_task_orchestrator/service/AgentProfileService.java","6648c4ea5a8d0011c27aa156a4dd7789568ce3d8","10496e1d58a91ecc382531111a381c8e708e895cd6421cbabb3812ee234867e1","6560","154","136","MAIN_JAVA","com.tuoman.ai_task_orchestrator.service","main-java/service","","STRUCTURAL_SCAN_ONLY","","DROP","","HUMAN_REVIEW_REQUIRED","STRUCTURAL_METADATA_ONLY","","","",""
"src/main/java/com/tuoman/ai_task_orchestrator/service/AgentTaskExecutor.java","1f6f4b90075eef8085a330327e5c6f5a4085996a","e1fce10e8c8b6a45dde0c3dc4b46176d23eb537bad7576b758fe65e278ccc12b","3821","94","82","MAIN_JAVA","com.tuoman.ai_task_orchestrator.service","main-java/service","","STRUCTURAL_SCAN_ONLY","","DROP","","HUMAN_REVIEW_REQUIRED","STRUCTURAL_METADATA_ONLY","","","",""
"src/main/java/com/tuoman/ai_task_orchestrator/service/AgentTaskQueryService.java","b487e325d2175aeb17e1101583de2d6c69f8282d","71d5d54b7c3d974ddeef54a19c99e27f33855c4c42fd9d84ef7cafbde92c826c","7971","196","178","MAIN_JAVA","com.tuoman.ai_task_orchestrator.service","main-java/service","","STRUCTURAL_SCAN_ONLY","","DROP","","HUMAN_REVIEW_REQUIRED","STRUCTURAL_METADATA_ONLY","","","",""
"src/main/java/com/tuoman/ai_task_orchestrator/service/AgentTaskService.java","6608fed2d1c94608ed8839bad383c2651467ae0a","beffe7587ba1d78ac13c501cd1f63455775c1c166d4de01da9f0700378885dbe","7416","151","135","MAIN_JAVA","com.tuoman.ai_task_orchestrator.service","main-java/service","","STRUCTURAL_SCAN_ONLY","","DROP","","HUMAN_REVIEW_REQUIRED","STRUCTURAL_METADATA_ONLY","","","",""
"src/main/java/com/tuoman/ai_task_orchestrator/service/AgentTaskStepService.java","8005b62b5add4bfc588e9c1dc667289637c65683","a70c7f543db3ca12418359c7188be350bda1f7db14a678b02d60946c62c0582a","4916","121","109","MAIN_JAVA","com.tuoman.ai_task_orchestrator.service","main-java/service","","STRUCTURAL_SCAN_ONLY","","DROP","","HUMAN_REVIEW_REQUIRED","STRUCTURAL_METADATA_ONLY","","","",""
"src/main/java/com/tuoman/ai_task_orchestrator/service/AgentTaskWorkflowService.java","441ebb411feae73e5321185dfc20c578a7625953","e5bb9ce94ce421136c930b6e0bddd07ef69c0fba30e5782c7a944483171c4412","19858","461","412","MAIN_JAVA","com.tuoman.ai_task_orchestrator.service","main-java/service","","STRUCTURAL_SCAN_ONLY","","DROP","","HUMAN_REVIEW_REQUIRED","STRUCTURAL_METADATA_ONLY","","","",""
"src/main/java/com/tuoman/ai_task_orchestrator/service/AgentToolQueryService.java","1576187c0c9bdca9f2af6a79cbb3014de50dfed2","037126e64d7c66208891f65fdd48ef1a2161480a57404cdae9ca4067d6cd7989","1107","36","30","MAIN_JAVA","com.tuoman.ai_task_orchestrator.service","main-java/service","","STRUCTURAL_SCAN_ONLY","","DROP","","HUMAN_REVIEW_REQUIRED","STRUCTURAL_METADATA_ONLY","","","",""
"src/main/java/com/tuoman/ai_task_orchestrator/service/AppRetrievalService.java","427388d09a14358de469f0acc326511ba100feb2","4ca8c3c8d2f5388de1655839acc43b0a4458336cc13fc3ef1a9e7dc4565a76dc","8751","182","166","MAIN_JAVA","com.tuoman.ai_task_orchestrator.service","main-java/service","","STRUCTURAL_SCAN_ONLY","","DROP","","HUMAN_REVIEW_REQUIRED","STRUCTURAL_METADATA_ONLY","","","",""
"src/main/java/com/tuoman/ai_task_orchestrator/service/BatchItemIngestionRunner.java","c10dc88d55618bcaf77e09cb44efc8ce59bb6f8e","1bd7a621f4a906b660533fce4182fb114a81311a752261924e23865e3e7e20e4","3240","72","61","MAIN_JAVA","com.tuoman.ai_task_orchestrator.service","main-java/service","","STRUCTURAL_SCAN_ONLY","","DROP","","HUMAN_REVIEW_REQUIRED","STRUCTURAL_METADATA_ONLY","","","",""
"src/main/java/com/tuoman/ai_task_orchestrator/service/ChunkMetadataService.java","916fa1005b525fae068a876585c1090bb516609c","bede4e50334cc9a62181d7c9153f45931b51f8ed381d13541757c9257edeb06e","5312","134","120","MAIN_JAVA","com.tuoman.ai_task_orchestrator.service","main-java/service","","STRUCTURAL_SCAN_ONLY","","DROP","","HUMAN_REVIEW_REQUIRED","STRUCTURAL_METADATA_ONLY","","","",""
"src/main/java/com/tuoman/ai_task_orchestrator/service/CollectionScopeService.java","1e19475627182caadd6f5ef3fbeff19b34e5d21a","fa8043d1b5a88290083c552f9ec7e4cbb07849febeb409d6670bb0ed7b743f45","5177","130","114","MAIN_JAVA","com.tuoman.ai_task_orchestrator.service","main-java/service","","STRUCTURAL_SCAN_ONLY","","DROP","","HUMAN_REVIEW_REQUIRED","STRUCTURAL_METADATA_ONLY","","","",""
"src/main/java/com/tuoman/ai_task_orchestrator/service/CollectionService.java","9fce492a7b8f5627f543c529b7fc154ef4f83a3b","aa42a69a4116acb1a58b2db914316cce879ce7d160d0e4891380851f7e60e50f","8636","190","168","MAIN_JAVA","com.tuoman.ai_task_orchestrator.service","main-java/service","","STRUCTURAL_SCAN_ONLY","","DROP","","HUMAN_REVIEW_REQUIRED","STRUCTURAL_METADATA_ONLY","","","",""
"src/main/java/com/tuoman/ai_task_orchestrator/service/DocumentEmbeddingService.java","c1066449941b9f6bec3729613ba2542e12c221d1","9aa8fb511b2e01c5fa98b388a23d96a86cfdabaf31a87a4bddb8c5ba75863ed6","11357","263","228","MAIN_JAVA","com.tuoman.ai_task_orchestrator.service","main-java/service","","STRUCTURAL_SCAN_ONLY","","DROP","","HUMAN_REVIEW_REQUIRED","STRUCTURAL_METADATA_ONLY","","","",""
"src/main/java/com/tuoman/ai_task_orchestrator/service/DocumentIngestionEventService.java","32c3155f37d4444b0ef759550a8a16c6904426f1","1eafa6cfead394b101f5170a0a583552cfb8d66e197202d9bd6d7fdb02041ef7","2604","59","51","MAIN_JAVA","com.tuoman.ai_task_orchestrator.service","main-java/service","","STRUCTURAL_SCAN_ONLY","","DROP","","HUMAN_REVIEW_REQUIRED","STRUCTURAL_METADATA_ONLY","","","",""
"src/main/java/com/tuoman/ai_task_orchestrator/service/DocumentIngestionService.java","bedbcbf95e5632b8111bce41d91802688f2be931","1cdb397066c10d21806edc76b66c67475b0b83049942b956261eb6fd7bc51bd1","8262","179","158","MAIN_JAVA","com.tuoman.ai_task_orchestrator.service","main-java/service","","STRUCTURAL_SCAN_ONLY","","DROP","","HUMAN_REVIEW_REQUIRED","STRUCTURAL_METADATA_ONLY","","","",""
"src/main/java/com/tuoman/ai_task_orchestrator/service/DocumentIngestionTaskHandler.java","255f47d558d8212c082db858fb423a1e2f0c0153","c4d05e9869cc31f1f2ee136c364552e7228b7f3bc479de436ff4d5866f80ab24","16502","366","323","MAIN_JAVA","com.tuoman.ai_task_orchestrator.service","main-java/service","","STRUCTURAL_SCAN_ONLY","","DROP","","HUMAN_REVIEW_REQUIRED","STRUCTURAL_METADATA_ONLY","","","",""
"src/main/java/com/tuoman/ai_task_orchestrator/service/DocumentIngestionTaskProgressService.java","74ddb7f9ba0a05b459bad35fa831703c67d6b5bb","0ceb086cfef958d89e48e18bef438b253a4dff79dbedec2658ddb6cc60c5bc12","1535","34","29","MAIN_JAVA","com.tuoman.ai_task_orchestrator.service","main-java/service","","STRUCTURAL_SCAN_ONLY","","DROP","","HUMAN_REVIEW_REQUIRED","STRUCTURAL_METADATA_ONLY","","","",""
"src/main/java/com/tuoman/ai_task_orchestrator/service/DocumentIngestionTaskService.java","eaf973f860b9f88a2b925bbbe8ce79551c0da9c4","e9f2c3ae48e76d5e3419c41f66a549b3c808b042d0d02d44e2c8c1651933dc0e","12662","278","248","MAIN_JAVA","com.tuoman.ai_task_orchestrator.service","main-java/service","","STRUCTURAL_SCAN_ONLY","","DROP","","HUMAN_REVIEW_REQUIRED","STRUCTURAL_METADATA_ONLY","","","",""
"src/main/java/com/tuoman/ai_task_orchestrator/service/DocumentLifecycleFilterService.java","e79e516a767fdc95a59b316bf4d67b82c319e958","1804003d5b41c36cfa623ed9738b1cc9b4b1e760314e85230803bacaceb69079","6741","164","142","MAIN_JAVA","com.tuoman.ai_task_orchestrator.service","main-java/service","","STRUCTURAL_SCAN_ONLY","","DROP","","HUMAN_REVIEW_REQUIRED","STRUCTURAL_METADATA_ONLY","","","",""
"src/main/java/com/tuoman/ai_task_orchestrator/service/DocumentReindexService.java","a2df5dda9d36f52b53740ef9835a1a533472c96d","c155fbe66fbc49bae7da698cfb607c5a64050fe8c2188e31b12c8da37ac27632","6050","129","110","MAIN_JAVA","com.tuoman.ai_task_orchestrator.service","main-java/service","","STRUCTURAL_SCAN_ONLY","","DROP","","HUMAN_REVIEW_REQUIRED","STRUCTURAL_METADATA_ONLY","","","",""
"src/main/java/com/tuoman/ai_task_orchestrator/service/DocumentService.java","dc1cec3992b63bd6ed55e11aed4bbfe61646ad62","467b863425b202f7bece915510efbd8df912e7f9586afdfd63f5461a0b487569","16140","339","303","MAIN_JAVA","com.tuoman.ai_task_orchestrator.service","main-java/service","","STRUCTURAL_SCAN_ONLY","","DROP","","HUMAN_REVIEW_REQUIRED","STRUCTURAL_METADATA_ONLY","","","",""
"src/main/java/com/tuoman/ai_task_orchestrator/service/DocumentTrashService.java","1a7ed9194a8e99b2b15342a97bcc6081e3f165cf","3e0cf8c6165d262f29cd7654de75c01cdddf4decf46d3657d02878c8a56cbc79","10534","229","196","MAIN_JAVA","com.tuoman.ai_task_orchestrator.service","main-java/service","","STRUCTURAL_SCAN_ONLY","","DROP","","HUMAN_REVIEW_REQUIRED","STRUCTURAL_METADATA_ONLY","","","",""
"src/main/java/com/tuoman/ai_task_orchestrator/service/IngestionAnalyticsService.java","4ff7c6769a7f0d4ae66d4b9eab4c398963ffb6e7","bdbf59535b434aef2f6ab53a9a360eb54887b322a1ac247a0533332dcd89b837","13141","287","255","MAIN_JAVA","com.tuoman.ai_task_orchestrator.service","main-java/service","","STRUCTURAL_SCAN_ONLY","","DROP","","HUMAN_REVIEW_REQUIRED","STRUCTURAL_METADATA_ONLY","","","",""
"src/main/java/com/tuoman/ai_task_orchestrator/service/MemoryDiagnosticsService.java","a7572a37aa56e5baad00f71f2047aadd32de7311","04a3c0f9021ba23006a92114764a39317faa4064e0f873e48fb4d5062c0dc4aa","10016","213","191","MAIN_JAVA","com.tuoman.ai_task_orchestrator.service","main-java/service","","STRUCTURAL_SCAN_ONLY","","DROP","","HUMAN_REVIEW_REQUIRED","STRUCTURAL_METADATA_ONLY","","","",""
"src/main/java/com/tuoman/ai_task_orchestrator/service/MemoryService.java","e73ed4e4c163189415e67401f8d92aaa36617f33","8940c22750d37efa8f76547c96a47c773e2a9c89faeb6a9b1594fbb858be5dcb","20855","460","422","MAIN_JAVA","com.tuoman.ai_task_orchestrator.service","main-java/service","","STRUCTURAL_SCAN_ONLY","","DROP","","HUMAN_REVIEW_REQUIRED","STRUCTURAL_METADATA_ONLY","","","",""
"src/main/java/com/tuoman/ai_task_orchestrator/service/MetricsRecorder.java","0703b9002cd163b56e310fe0dcc6fbbf94ee46da","61d9d67f7c5f1f156c71728eac983960788284539551c7e3dd92e14e3019229a","834","32","24","MAIN_JAVA","com.tuoman.ai_task_orchestrator.service","main-java/service","","STRUCTURAL_SCAN_ONLY","","DROP","","HUMAN_REVIEW_REQUIRED","STRUCTURAL_METADATA_ONLY","","","",""
"src/main/java/com/tuoman/ai_task_orchestrator/service/ModelProviderConfigService.java","d5525dfdc7be89914569a0eb96a97daa7f84b267","10bc9c317b0e54762ee92c6366b28bfeb7f55933539eb50d4f803de270900a0b","12745","285","252","MAIN_JAVA","com.tuoman.ai_task_orchestrator.service","main-java/service","","STRUCTURAL_SCAN_ONLY","","DROP","","HUMAN_REVIEW_REQUIRED","STRUCTURAL_METADATA_ONLY","","","",""
"src/main/java/com/tuoman/ai_task_orchestrator/service/ModelProviderSelectionService.java","c43b08f1b81f5d47ef8f0dd13cc1f7efc208c2c7","c941f6642605d9926e18584698822c3bb6bfccf34d11826e32922ffead49ae69","6883","155","141","MAIN_JAVA","com.tuoman.ai_task_orchestrator.service","main-java/service","","STRUCTURAL_SCAN_ONLY","","DROP","","HUMAN_REVIEW_REQUIRED","STRUCTURAL_METADATA_ONLY","","","",""
"src/main/java/com/tuoman/ai_task_orchestrator/service/ModelProviderTestService.java","679e872fabf33ccb2e0edbd4e64aad598703c777","6692b5d418aec2d3f13cca0911e6e85a46b57def490d3a8080af202863befbb8","6237","147","133","MAIN_JAVA","com.tuoman.ai_task_orchestrator.service","main-java/service","","STRUCTURAL_SCAN_ONLY","","DROP","","HUMAN_REVIEW_REQUIRED","STRUCTURAL_METADATA_ONLY","","","",""
"src/main/java/com/tuoman/ai_task_orchestrator/service/NotificationService.java","33516310f0c0f7f223a62dd1c132d236a9405403","476860270ef890c1955bafd280e9651bd54353153bd47b96e81afdc8df3375dc","5573","142","126","MAIN_JAVA","com.tuoman.ai_task_orchestrator.service","main-java/service","","STRUCTURAL_SCAN_ONLY","","DROP","","HUMAN_REVIEW_REQUIRED","STRUCTURAL_METADATA_ONLY","","","",""
"src/main/java/com/tuoman/ai_task_orchestrator/service/RagAnswerService.java","4e7a0e00c2daecd5445dedc2b050e3056bbdce31","4594a773109d1c696c388f176e9912e6d867356e007b300c9bdbb5b9e14c953e","35342","772","704","MAIN_JAVA","com.tuoman.ai_task_orchestrator.service","main-java/service","","STRUCTURAL_SCAN_ONLY","","DROP","","HUMAN_REVIEW_REQUIRED","STRUCTURAL_METADATA_ONLY","","","",""
"src/main/java/com/tuoman/ai_task_orchestrator/service/RagPromptBuilder.java","2f0f8c87badbdc1d629b246091a7da616c9b2d1b","7c4164d15d3d5c59f73c9159e2a3e95e9a4a1e27d5d84eb7f09960c28772babe","2467","57","48","MAIN_JAVA","com.tuoman.ai_task_orchestrator.service","main-java/service","","STRUCTURAL_SCAN_ONLY","","DROP","","HUMAN_REVIEW_REQUIRED","STRUCTURAL_METADATA_ONLY","","","",""
"src/main/java/com/tuoman/ai_task_orchestrator/service/RetrievalEvaluationService.java","882b9ad479d0ee13397a743e1774c643470d9e5d","714ea2caaebd01de792b32c8e971cdb59e79474fec7bb88cebb3c1adff924b3f","9017","222","185","MAIN_JAVA","com.tuoman.ai_task_orchestrator.service","main-java/service","","STRUCTURAL_SCAN_ONLY","","DROP","","HUMAN_REVIEW_REQUIRED","STRUCTURAL_METADATA_ONLY","","","",""
"src/main/java/com/tuoman/ai_task_orchestrator/service/RetrievalMetricsCalculator.java","62dc31c6deef08bde94fb4c7975bc265a0f59884","b5bb710ac1be7a3b851f9810661e7c38a3a402ef2a2dfc0b36f1f2f9590bd432","3731","108","92","MAIN_JAVA","com.tuoman.ai_task_orchestrator.service","main-java/service","","STRUCTURAL_SCAN_ONLY","","DROP","","HUMAN_REVIEW_REQUIRED","STRUCTURAL_METADATA_ONLY","","","",""
"src/main/java/com/tuoman/ai_task_orchestrator/service/RetrievalReindexService.java","9295da9fc336d46638f00b2b6568379abbf7407e","abe160c44f0ee3a997a6f4468aa824038d1aafdc0afe92de42e572f64a515e14","4310","93","80","MAIN_JAVA","com.tuoman.ai_task_orchestrator.service","main-java/service","","STRUCTURAL_SCAN_ONLY","","DROP","","HUMAN_REVIEW_REQUIRED","STRUCTURAL_METADATA_ONLY","","","",""
"src/main/java/com/tuoman/ai_task_orchestrator/service/RuntimeStatusService.java","6e15dbb2036a1f9e5cd8f8ed32bf8f060a83e538","c862c25cce55f742b077fdc28fe61ea4e08c995a3bd8269580ac438c8e13bf71","7046","166","144","MAIN_JAVA","com.tuoman.ai_task_orchestrator.service","main-java/service","","STRUCTURAL_SCAN_ONLY","","DROP","","HUMAN_REVIEW_REQUIRED","STRUCTURAL_METADATA_ONLY","","","",""
"src/main/java/com/tuoman/ai_task_orchestrator/service/RuntimeTestService.java","2384201a7baf213b0241b561ae47f5855d1037d4","1b0122d254de2fdc6e9b3e2b8174fbe2879fa3a854d6f74cab3f8c8265a406ef","4196","99","91","MAIN_JAVA","com.tuoman.ai_task_orchestrator.service","main-java/service","","STRUCTURAL_SCAN_ONLY","","DROP","","HUMAN_REVIEW_REQUIRED","STRUCTURAL_METADATA_ONLY","","","",""
"src/main/java/com/tuoman/ai_task_orchestrator/service/TaskAttemptService.java","2495466475403dcc8d7ec1da7d13d5b5984d61a6","41cfbaf093278f5f30a4d7ce92b3d592bdfb33dab4688b42d67a15c8dbeae261","8085","206","185","MAIN_JAVA","com.tuoman.ai_task_orchestrator.service","main-java/service","","STRUCTURAL_SCAN_ONLY","","DROP","","HUMAN_REVIEW_REQUIRED","STRUCTURAL_METADATA_ONLY","","","",""
"src/main/java/com/tuoman/ai_task_orchestrator/service/TaskExecutionService.java","108e0e7844d073b0020f34cbfb37b52e8dc87ffe","4e07246dd5c478eecfc1ce2dccccbd803e19268d22611a34e7899060aafe5e51","11398","261","227","MAIN_JAVA","com.tuoman.ai_task_orchestrator.service","main-java/service","","STRUCTURAL_SCAN_ONLY","","DROP","","HUMAN_REVIEW_REQUIRED","STRUCTURAL_METADATA_ONLY","","","",""
"src/main/java/com/tuoman/ai_task_orchestrator/service/TaskOutboxDispatchService.java","980e8d9d30d38e3113521a1b70967f4d11faf178","fb497244f3ef90d53c0ebac04beee1f549b1ffa8ceb2e6e2b639a975f01f40e5","4489","121","102","MAIN_JAVA","com.tuoman.ai_task_orchestrator.service","main-java/service","","STRUCTURAL_SCAN_ONLY","","DROP","","HUMAN_REVIEW_REQUIRED","STRUCTURAL_METADATA_ONLY","","","",""
"src/main/java/com/tuoman/ai_task_orchestrator/service/TaskOutboxService.java","9c75c65be0ffa0a2bbdb579d7e89ceecf7dc871d","19c379e523deabe9ec57cb57ff3ab6cd2e738d81025739298721fd589aa029a1","1498","38","32","MAIN_JAVA","com.tuoman.ai_task_orchestrator.service","main-java/service","","STRUCTURAL_SCAN_ONLY","","DROP","","HUMAN_REVIEW_REQUIRED","STRUCTURAL_METADATA_ONLY","","","",""
"src/main/java/com/tuoman/ai_task_orchestrator/service/TaskOutputChunkService.java","b68ac7bf6b8c391b6a82621757897b6fe130c546","1b4cd5cbe3475fbc79826ca9027a4b9c04989c01f63137bd051b0206cd1bd288","2245","68","55","MAIN_JAVA","com.tuoman.ai_task_orchestrator.service","main-java/service","","STRUCTURAL_SCAN_ONLY","","DROP","","HUMAN_REVIEW_REQUIRED","STRUCTURAL_METADATA_ONLY","","","",""
"src/main/java/com/tuoman/ai_task_orchestrator/service/TaskService.java","36380857873512f40177fc927de8f26dbced5efc","a9d1eae71a534b8b9e739ace0471e37efd9720dfdb97c0f2b1d968bd8c314f2d","14655","419","354","MAIN_JAVA","com.tuoman.ai_task_orchestrator.service","main-java/service","","STRUCTURAL_SCAN_ONLY","","DROP","","HUMAN_REVIEW_REQUIRED","STRUCTURAL_METADATA_ONLY","","","",""
"src/main/java/com/tuoman/ai_task_orchestrator/service/TrashCleanupService.java","91fa35e95f2d0557df52532e373f6257164b8b5a","e1c8f2b0c5ba94bac456da116130b3841fd632b50d0c2e8cd32e1a0f6e68c7be","2008","54","43","MAIN_JAVA","com.tuoman.ai_task_orchestrator.service","main-java/service","","STRUCTURAL_SCAN_ONLY","","DROP","","HUMAN_REVIEW_REQUIRED","STRUCTURAL_METADATA_ONLY","","","",""
"src/main/java/com/tuoman/ai_task_orchestrator/service/UploadBatchService.java","25866471294c4ec91866841520ddd96a8b128552","a31dbe948b036a5bfecda7d035c6c96faeb7d9d26134f22eba3a2f422a0c6073","24674","540","488","MAIN_JAVA","com.tuoman.ai_task_orchestrator.service","main-java/service","","STRUCTURAL_SCAN_ONLY","","DROP","","HUMAN_REVIEW_REQUIRED","STRUCTURAL_METADATA_ONLY","","","",""
"src/main/java/com/tuoman/ai_task_orchestrator/service/kbhealth/RagEvaluationDatasetService.java","6981662dbd9ada92cdb5241bc64c8c887bb566f9","bf06e84420482e1ed98161b0008ec6cc2f2f771a69cf4975fa569e31a8f219f1","16311","361","334","MAIN_JAVA","com.tuoman.ai_task_orchestrator.service.kbhealth","main-java/service","","STRUCTURAL_SCAN_ONLY","","DROP","","HUMAN_REVIEW_REQUIRED","STRUCTURAL_METADATA_ONLY","","","",""
"src/main/java/com/tuoman/ai_task_orchestrator/service/kbhealth/RagEvaluationRunService.java","136754d4223b13617d83dc5872204c88f2c2aa97","6f91bcf09c3de88fea0806313eb7f0cd5133f7c48584ca2677f02ef1918b5fe5","31063","635","581","MAIN_JAVA","com.tuoman.ai_task_orchestrator.service.kbhealth","main-java/service","","STRUCTURAL_SCAN_ONLY","","DROP","","HUMAN_REVIEW_REQUIRED","STRUCTURAL_METADATA_ONLY","","","",""
"src/main/java/com/tuoman/ai_task_orchestrator/state/TaskStateMachine.java","6521388e817ca5706759bdf102065d284f0535c6","4cc4f2ce83e4497cde154c8d6b0ddd8a8ef2fc39e1e13cc4e9f4e3a94484b14d","1511","41","34","MAIN_JAVA","com.tuoman.ai_task_orchestrator.state","main-java/state","","STRUCTURAL_SCAN_ONLY","","DROP","","HUMAN_REVIEW_REQUIRED","STRUCTURAL_METADATA_ONLY","","","",""
"src/main/java/com/tuoman/ai_task_orchestrator/storage/CacheManagementService.java","688d3838152857e86e285500c87b62ca6a7e220f","6bac6cb686746a2e979d14c36800a6d3ba07b7dfc4b1f44c53532349a97ba5e3","1857","54","48","MAIN_JAVA","com.tuoman.ai_task_orchestrator.storage","main-java/storage","","STRUCTURAL_SCAN_ONLY","","DROP","","HUMAN_REVIEW_REQUIRED","STRUCTURAL_METADATA_ONLY","","","",""
"src/main/java/com/tuoman/ai_task_orchestrator/storage/StorageCleanupService.java","e965be57ba2b229c2bda556b75906f5230072ba9","130b8cef7bd343036fa1ddfab5c6793914dd1701c10476c56e573c2e1c0b27fb","4718","111","92","MAIN_JAVA","com.tuoman.ai_task_orchestrator.storage","main-java/storage","","STRUCTURAL_SCAN_ONLY","","DROP","","HUMAN_REVIEW_REQUIRED","STRUCTURAL_METADATA_ONLY","","","",""
"src/main/java/com/tuoman/ai_task_orchestrator/storage/StorageSummaryService.java","673729246e848d7241bee822ec18c070ffacbb69","88d856112a5f918d5ce2fb99cf80b14a60291eb7a511e8d1267f2dcb71811072","2811","64","52","MAIN_JAVA","com.tuoman.ai_task_orchestrator.storage","main-java/storage","","STRUCTURAL_SCAN_ONLY","","DROP","","HUMAN_REVIEW_REQUIRED","STRUCTURAL_METADATA_ONLY","","","",""
"src/main/java/com/tuoman/ai_task_orchestrator/vectorindex/CollectionPollutionAuditService.java","2dddd258fdf87e1ed75a1d45626833b1e4bc4584","c689c4049ab328712246c793b89cf465d97652442b3a599c87c13b639d6f7775","7950","155","141","MAIN_JAVA","com.tuoman.ai_task_orchestrator.vectorindex","main-java/vectorindex","","STRUCTURAL_SCAN_ONLY","","DROP","","HUMAN_REVIEW_REQUIRED","STRUCTURAL_METADATA_ONLY","","","",""
"src/main/java/com/tuoman/ai_task_orchestrator/vectorindex/IdempotentVectorUpsertService.java","e3e022a5b68f15ff05933de5f085b35436557850","10d7b68a7b35eae23d7a5ea8f15e145913119491ca2f8bdb550291b310540a55","7470","175","151","MAIN_JAVA","com.tuoman.ai_task_orchestrator.vectorindex","main-java/vectorindex","","STRUCTURAL_SCAN_ONLY","","DROP","","HUMAN_REVIEW_REQUIRED","STRUCTURAL_METADATA_ONLY","","","",""
"src/main/java/com/tuoman/ai_task_orchestrator/vectorindex/VectorCleanupService.java","d0f0c844aba7601af31816ec60c49e781fe86127","4a87d7f17ec07ad1b2fc27255e29e2ace3008fa97343e92ca89e0788ba8eac23","9420","210","192","MAIN_JAVA","com.tuoman.ai_task_orchestrator.vectorindex","main-java/vectorindex","","STRUCTURAL_SCAN_ONLY","","DROP","","HUMAN_REVIEW_REQUIRED","STRUCTURAL_METADATA_ONLY","","","",""
"src/main/java/com/tuoman/ai_task_orchestrator/vectorindex/VectorConsistencyAuditService.java","34f28be25eac578a0e9edea6ebd8ac273e2f75b5","50550846ab496410c73a16a24732b0b0ba19eeb50200ffde59c3ee20ec6623f0","20926","411","374","MAIN_JAVA","com.tuoman.ai_task_orchestrator.vectorindex","main-java/vectorindex","","STRUCTURAL_SCAN_ONLY","","DROP","","HUMAN_REVIEW_REQUIRED","STRUCTURAL_METADATA_ONLY","","","",""
"src/main/java/com/tuoman/ai_task_orchestrator/vectorindex/VectorGenerationService.java","2d98c49e3508f65514b0e9e4bf7463152aedd107","0ca256fdbf91f14492ed4a1fa7f9abe59f790f172b379b10e11cf44803e11a0a","7663","173","156","MAIN_JAVA","com.tuoman.ai_task_orchestrator.vectorindex","main-java/vectorindex","","STRUCTURAL_SCAN_ONLY","","DROP","","HUMAN_REVIEW_REQUIRED","STRUCTURAL_METADATA_ONLY","","","",""
"src/main/java/com/tuoman/ai_task_orchestrator/vectorindex/VectorIdentity.java","a4502943615a8fc4e29613c741c424457ee0fcc7","d325467e88232507eece8d7aadd483601657b7bb881f79fb59c67b82a3c8adc3","575","31","18","MAIN_JAVA","com.tuoman.ai_task_orchestrator.vectorindex","main-java/vectorindex","","STRUCTURAL_SCAN_ONLY","","DROP","","HUMAN_REVIEW_REQUIRED","STRUCTURAL_METADATA_ONLY","","","",""
"src/main/java/com/tuoman/ai_task_orchestrator/vectorindex/VectorIdentityService.java","d5de524bdbe682484b375866a0987105c56b0d76","3bb85c8e7d332d2fb77eb6174a68fdeb0479813ec3b14a318840336c77a0d00f","4645","116","104","MAIN_JAVA","com.tuoman.ai_task_orchestrator.vectorindex","main-java/vectorindex","","STRUCTURAL_SCAN_ONLY","","DROP","","HUMAN_REVIEW_REQUIRED","STRUCTURAL_METADATA_ONLY","","","",""
"src/main/java/com/tuoman/ai_task_orchestrator/vectorindex/VectorIndexSummaryService.java","6d13c6f01382f0cc1358f4e9b8c196c843966252","00251a3e807df443d41a42ecea1092379bb7fe2d2c26f21f200593dc9e39328b","1950","48","40","MAIN_JAVA","com.tuoman.ai_task_orchestrator.vectorindex","main-java/vectorindex","","STRUCTURAL_SCAN_ONLY","","DROP","","HUMAN_REVIEW_REQUIRED","STRUCTURAL_METADATA_ONLY","","","",""
"src/main/java/com/tuoman/ai_task_orchestrator/vectorindex/VectorLifecycleSyncService.java","13f5414135f941df10beea12961b26c54c560019","8052818618d9a57af21ecf856b5b1d6c08661d48ec7f875b6dbe9f1b1b1d6ce3","1477","44","36","MAIN_JAVA","com.tuoman.ai_task_orchestrator.vectorindex","main-java/vectorindex","","STRUCTURAL_SCAN_ONLY","","DROP","","HUMAN_REVIEW_REQUIRED","STRUCTURAL_METADATA_ONLY","","","",""
"src/main/java/com/tuoman/ai_task_orchestrator/vectorindex/VectorNamespaceGuard.java","2e13640df0ee03cc042c238f6beb181320b595eb","17630bb232645aab970a64152b18ef292c95232910de467e8257cf5982de4f8d","4928","91","83","MAIN_JAVA","com.tuoman.ai_task_orchestrator.vectorindex","main-java/vectorindex","","STRUCTURAL_SCAN_ONLY","","DROP","","HUMAN_REVIEW_REQUIRED","STRUCTURAL_METADATA_ONLY","","","",""
"src/main/java/com/tuoman/ai_task_orchestrator/vectorindex/VectorPayloadBuilder.java","67255876dd926378f30227cd06a451324894f40d","c344625ca5de579a646c9e1d762dd47a405e4bc6e1fe71cab612d1a15d611033","6220","117","109","MAIN_JAVA","com.tuoman.ai_task_orchestrator.vectorindex","main-java/vectorindex","","STRUCTURAL_SCAN_ONLY","","DROP","","HUMAN_REVIEW_REQUIRED","STRUCTURAL_METADATA_ONLY","","","",""
"src/main/java/com/tuoman/ai_task_orchestrator/vectorindex/VectorReindexIntegrationService.java","cb86799ddbfdeb0627c593de9bccccad640cc1ab","9477086ba368941df59676e345f8388b4ee3ac3bc987d9a670b90a0a2b0aa805","3258","75","64","MAIN_JAVA","com.tuoman.ai_task_orchestrator.vectorindex","main-java/vectorindex","","STRUCTURAL_SCAN_ONLY","","DROP","","HUMAN_REVIEW_REQUIRED","STRUCTURAL_METADATA_ONLY","","","",""
"src/main/java/com/tuoman/ai_task_orchestrator/vectorindex/VectorUpsertRequest.java","4dd7f4d43325c93eaebb79f724033e3f587611ea","b8b968e04aa288214e95380cd23cfd17eb945414f06fead401d4eb6f8580d10f","1043","41","26","MAIN_JAVA","com.tuoman.ai_task_orchestrator.vectorindex","main-java/vectorindex","","STRUCTURAL_SCAN_ONLY","","DROP","","HUMAN_REVIEW_REQUIRED","STRUCTURAL_METADATA_ONLY","","","",""
"src/main/java/com/tuoman/ai_task_orchestrator/vectorindex/VectorUpsertResult.java","869163b81325a93b6f9c3287a2ef6121246f978c","eb015a2a576d8561a157f8d103a74428cf63aa6340a9a0fbbeb0ffda56721f7e","691","34","20","MAIN_JAVA","com.tuoman.ai_task_orchestrator.vectorindex","main-java/vectorindex","","STRUCTURAL_SCAN_ONLY","","DROP","","HUMAN_REVIEW_REQUIRED","STRUCTURAL_METADATA_ONLY","","","",""
"src/main/java/com/tuoman/ai_task_orchestrator/vectorstore/ExactCosineVectorStore.java","18ecd7405eeb8fc2d73fac700c7cbfa7ec10def0","2f4d75eaa9b4746d6c4c62b4430ddd4f98eb46fc77b6e16ea4403fbc7809c8bc","22781","533","477","MAIN_JAVA","com.tuoman.ai_task_orchestrator.vectorstore","main-java/vectorstore","","STRUCTURAL_SCAN_ONLY","","DROP","","HUMAN_REVIEW_REQUIRED","STRUCTURAL_METADATA_ONLY","","","",""
"src/main/java/com/tuoman/ai_task_orchestrator/vectorstore/VectorCountFilter.java","184a2894ff4236638da68d92fd518876018de78b","a052ccf601f9019c2f0bd33a6c75007ae1151ca65048d2464fe8c472ad66338a","391","21","13","MAIN_JAVA","com.tuoman.ai_task_orchestrator.vectorstore","main-java/vectorstore","","STRUCTURAL_SCAN_ONLY","","DROP","","HUMAN_REVIEW_REQUIRED","STRUCTURAL_METADATA_ONLY","","","",""
"src/main/java/com/tuoman/ai_task_orchestrator/vectorstore/VectorDeleteFilter.java","3b766b326668dd65efdc282ecf9cdac3c608e593","db7aab39e388a4180ceb18b6459e7b18f967925235ab77e3c35bb5fe00377cc6","435","23","14","MAIN_JAVA","com.tuoman.ai_task_orchestrator.vectorstore","main-java/vectorstore","","STRUCTURAL_SCAN_ONLY","","DROP","","HUMAN_REVIEW_REQUIRED","STRUCTURAL_METADATA_ONLY","","","",""
"src/main/java/com/tuoman/ai_task_orchestrator/vectorstore/VectorScanFilter.java","384e227d8a3cc56fe1dae65740594954eb96d361","db128e0ec829b4679808ff728a11073d6332272f963aa09e986c599682e98d6b","424","23","14","MAIN_JAVA","com.tuoman.ai_task_orchestrator.vectorstore","main-java/vectorstore","","STRUCTURAL_SCAN_ONLY","","DROP","","HUMAN_REVIEW_REQUIRED","STRUCTURAL_METADATA_ONLY","","","",""
"src/main/java/com/tuoman/ai_task_orchestrator/vectorstore/VectorSearchFilter.java","d40cdd872c3ee0d4e7eb1ade8064b2ea3ec311f0","7d4726d1f44d95d6b02a3401c88a2c3f7f67a714feb7d6a35b43638b99382e37","329","14","11","MAIN_JAVA","com.tuoman.ai_task_orchestrator.vectorstore","main-java/vectorstore","","STRUCTURAL_SCAN_ONLY","","DROP","","HUMAN_REVIEW_REQUIRED","STRUCTURAL_METADATA_ONLY","","","",""
"src/main/java/com/tuoman/ai_task_orchestrator/vectorstore/VectorSearchRequest.java","8b7361589e6b0b273ec4def9865b9e4225410ea3","0e12ab1fb612f20c6e1e59f6757f9711eece323ea3cda6822de4c64db050603f","286","13","11","MAIN_JAVA","com.tuoman.ai_task_orchestrator.vectorstore","main-java/vectorstore","","STRUCTURAL_SCAN_ONLY","","DROP","","HUMAN_REVIEW_REQUIRED","STRUCTURAL_METADATA_ONLY","","","",""
"src/main/java/com/tuoman/ai_task_orchestrator/vectorstore/VectorSearchResult.java","b1e5a9d8d5546447e67162fed2058609400bb4d8","e1289bea222b86497de1da56b18a3621a2ea239f8eaeca58a96677101cbe054d","547","23","21","MAIN_JAVA","com.tuoman.ai_task_orchestrator.vectorstore","main-java/vectorstore","","STRUCTURAL_SCAN_ONLY","","DROP","","HUMAN_REVIEW_REQUIRED","STRUCTURAL_METADATA_ONLY","","","",""
"src/main/java/com/tuoman/ai_task_orchestrator/vectorstore/VectorStore.java","fa268ef5e30d0d51239c8283726a29ff8ce2cc82","237667a03c239142a5ac7d417b1f3e35db01e70b2c62f356ea5c54afa6422eef","2898","70","54","MAIN_JAVA","com.tuoman.ai_task_orchestrator.vectorstore","main-java/vectorstore","","STRUCTURAL_SCAN_ONLY","","DROP","","HUMAN_REVIEW_REQUIRED","STRUCTURAL_METADATA_ONLY","","","",""
"src/main/java/com/tuoman/ai_task_orchestrator/vectorstore/VectorStoreConfiguration.java","8c39d2f880864104bdc751c84964ecfa28715fec","8593af692e2ba38ace23b5f44974f6b957dd87b4c8c00b63e6c499b588e887d3","2559","56","52","MAIN_JAVA","com.tuoman.ai_task_orchestrator.vectorstore","main-java/vectorstore","","STRUCTURAL_SCAN_ONLY","","DROP","","HUMAN_REVIEW_REQUIRED","STRUCTURAL_METADATA_ONLY","","","",""
"src/main/java/com/tuoman/ai_task_orchestrator/vectorstore/VectorStoreDocument.java","ab7b3d1c4a4164aea0a70c6d6a24f67a1a970545","96503eec54c65868c27ef963059742d44daca0097bd5199baf934e01ac0da8be","2137","74","70","MAIN_JAVA","com.tuoman.ai_task_orchestrator.vectorstore","main-java/vectorstore","","STRUCTURAL_SCAN_ONLY","","DROP","","HUMAN_REVIEW_REQUIRED","STRUCTURAL_METADATA_ONLY","","","",""
"src/main/java/com/tuoman/ai_task_orchestrator/vectorstore/VectorStoreOperationResult.java","407a40645cc8f120446819091704395392cd7fc6","4d78495e64932f5bc803b7ea7fae3777e6b1b2232156850e838d6eb31480c9e3","486","16","13","MAIN_JAVA","com.tuoman.ai_task_orchestrator.vectorstore","main-java/vectorstore","","STRUCTURAL_SCAN_ONLY","","DROP","","HUMAN_REVIEW_REQUIRED","STRUCTURAL_METADATA_ONLY","","","",""
"src/main/java/com/tuoman/ai_task_orchestrator/vectorstore/VectorStoreProperties.java","3438796057fd098343953684fd186b4777d7720d","583a105152bbe925edf7227c046ace32bf9833991c0582d3832cd01d8225d075","717","30","20","MAIN_JAVA","com.tuoman.ai_task_orchestrator.vectorstore","main-java/vectorstore","","STRUCTURAL_SCAN_ONLY","","DROP","","HUMAN_REVIEW_REQUIRED","STRUCTURAL_METADATA_ONLY","","","",""
"src/main/java/com/tuoman/ai_task_orchestrator/vectorstore/qdrant/QdrantCondition.java","a82321e0dc2d8ccf3973485ee9b6607129635f85","a601aa8f5060d3e16923bafdf31389bce0f45e98fa8784e7fdb6980c086af972","144","7","6","MAIN_JAVA","com.tuoman.ai_task_orchestrator.vectorstore.qdrant","main-java/vectorstore","","STRUCTURAL_SCAN_ONLY","","DROP","","HUMAN_REVIEW_REQUIRED","STRUCTURAL_METADATA_ONLY","","","",""
"src/main/java/com/tuoman/ai_task_orchestrator/vectorstore/qdrant/QdrantCreateCollectionRequest.java","88d1d6655f7e1c970e2b154aa8e49ecbd05d7a3d","1e248e93e55af105847624b369e1d6eca6bfcc61fdb02a9a8b03941daeb3129d","406","16","13","MAIN_JAVA","com.tuoman.ai_task_orchestrator.vectorstore.qdrant","main-java/vectorstore","","STRUCTURAL_SCAN_ONLY","","DROP","","HUMAN_REVIEW_REQUIRED","STRUCTURAL_METADATA_ONLY","","","",""
"src/main/java/com/tuoman/ai_task_orchestrator/vectorstore/qdrant/QdrantDeletePointsRequest.java","3a7daf4c55c7f6e58c6f51d07d0920467c5b17c9","35d731f8c3370a999f4eb6a9d27314edaac327c7d3b33b3a0604a7fc2408879b","136","6","5","MAIN_JAVA","com.tuoman.ai_task_orchestrator.vectorstore.qdrant","main-java/vectorstore","","STRUCTURAL_SCAN_ONLY","","DROP","","HUMAN_REVIEW_REQUIRED","STRUCTURAL_METADATA_ONLY","","","",""
"src/main/java/com/tuoman/ai_task_orchestrator/vectorstore/qdrant/QdrantFilter.java","e383f6c48cd79ec5d9dbe8b99fb9dbbcb7ca6329","0e93c6369efba5c29db002056ea530174f34f02d6626eef231d5717f9715ec35","154","8","6","MAIN_JAVA","com.tuoman.ai_task_orchestrator.vectorstore.qdrant","main-java/vectorstore","","STRUCTURAL_SCAN_ONLY","","DROP","","HUMAN_REVIEW_REQUIRED","STRUCTURAL_METADATA_ONLY","","","",""
"src/main/java/com/tuoman/ai_task_orchestrator/vectorstore/qdrant/QdrantMatch.java","aef91f235dbd1dea7cb1232de283abb8cd33139c","fa8589900108b01e2116c46df2a1e3976441597e67456b7ff90aa103ea7fd5a0","466","20","15","MAIN_JAVA","com.tuoman.ai_task_orchestrator.vectorstore.qdrant","main-java/vectorstore","","STRUCTURAL_SCAN_ONLY","","DROP","","HUMAN_REVIEW_REQUIRED","STRUCTURAL_METADATA_ONLY","","","",""
"src/main/java/com/tuoman/ai_task_orchestrator/vectorstore/qdrant/QdrantPayloadMapper.java","a803687b4bddfffc8d045a56861915ff6781fd41","76eea6a8f057835ae0655e193a8684c7572080ecd4e39946f20edcaf88970786","10232","249","222","MAIN_JAVA","com.tuoman.ai_task_orchestrator.vectorstore.qdrant","main-java/vectorstore","","STRUCTURAL_SCAN_ONLY","","DROP","","HUMAN_REVIEW_REQUIRED","STRUCTURAL_METADATA_ONLY","","","",""
"src/main/java/com/tuoman/ai_task_orchestrator/vectorstore/qdrant/QdrantPoint.java","2a721431ee6b8ab1c97482c47702cf453e8586c3","ec1d83b073b57c58c9f72ed4ce9da1d53d796a05d7f5080d76c8218dd0407c58","224","11","9","MAIN_JAVA","com.tuoman.ai_task_orchestrator.vectorstore.qdrant","main-java/vectorstore","","STRUCTURAL_SCAN_ONLY","","DROP","","HUMAN_REVIEW_REQUIRED","STRUCTURAL_METADATA_ONLY","","","",""
"src/main/java/com/tuoman/ai_task_orchestrator/vectorstore/qdrant/QdrantScoredPoint.java","9b4619956eec3856b2bdba510623a69159c666d4","dfd8e97ba20a75db40d3f2fec7f0bb151e047a845fee2445acd1e4107ff1d471","200","10","8","MAIN_JAVA","com.tuoman.ai_task_orchestrator.vectorstore.qdrant","main-java/vectorstore","","STRUCTURAL_SCAN_ONLY","","DROP","","HUMAN_REVIEW_REQUIRED","STRUCTURAL_METADATA_ONLY","","","",""
"src/main/java/com/tuoman/ai_task_orchestrator/vectorstore/qdrant/QdrantSearchRequest.java","7ade067e4404be6d089aa68e1fcc3758d5703024","d34cf9a31aa93b7de9179171333a6f8d9661b1f8d3a57aaca3076030503343c7","328","14","11","MAIN_JAVA","com.tuoman.ai_task_orchestrator.vectorstore.qdrant","main-java/vectorstore","","STRUCTURAL_SCAN_ONLY","","DROP","","HUMAN_REVIEW_REQUIRED","STRUCTURAL_METADATA_ONLY","","","",""
"src/main/java/com/tuoman/ai_task_orchestrator/vectorstore/qdrant/QdrantSearchResponse.java","d6df65b0c0233d9423e1eb6cd17bba2b4f378585","04c6e9b78a184447db033139fca331fb2ffe2c882d23abfbd4d76a99aa5ecb71","166","8","6","MAIN_JAVA","com.tuoman.ai_task_orchestrator.vectorstore.qdrant","main-java/vectorstore","","STRUCTURAL_SCAN_ONLY","","DROP","","HUMAN_REVIEW_REQUIRED","STRUCTURAL_METADATA_ONLY","","","",""
"src/main/java/com/tuoman/ai_task_orchestrator/vectorstore/qdrant/QdrantUpsertPointsRequest.java","ba9957ec054af6b34f3410c8e98c1b977f70c078","71f5570f1972988d8f1f2b29293966f8b5ce3739b4eba4b0ec71e3606dad3cd1","165","8","6","MAIN_JAVA","com.tuoman.ai_task_orchestrator.vectorstore.qdrant","main-java/vectorstore","","STRUCTURAL_SCAN_ONLY","","DROP","","HUMAN_REVIEW_REQUIRED","STRUCTURAL_METADATA_ONLY","","","",""
"src/main/java/com/tuoman/ai_task_orchestrator/vectorstore/qdrant/QdrantVectorStore.java","4dad47cd67960069028642ae46f2bb9fd34db716","7091b40af65d5e49317d240540acd25e14193388b970de32604872c089d4faf4","6392","163","141","MAIN_JAVA","com.tuoman.ai_task_orchestrator.vectorstore.qdrant","main-java/vectorstore","","STRUCTURAL_SCAN_ONLY","","DROP","","HUMAN_REVIEW_REQUIRED","STRUCTURAL_METADATA_ONLY","","","",""
"src/main/java/com/tuoman/ai_task_orchestrator/vectorstore/qdrant/QdrantVectorStoreClient.java","5539a46be93b27b86ea613d767fb55c6f4d18d34","1bf5489768b3b021750f6462b88d58720e0a68d8e2ab9d2131dc062c3c49841b","727","26","20","MAIN_JAVA","com.tuoman.ai_task_orchestrator.vectorstore.qdrant","main-java/vectorstore","","STRUCTURAL_SCAN_ONLY","","DROP","","HUMAN_REVIEW_REQUIRED","STRUCTURAL_METADATA_ONLY","","","",""
"src/main/java/com/tuoman/ai_task_orchestrator/vectorstore/qdrant/QdrantVectorStoreException.java","34c82e804c1bc9acb87854fe5b238bc882306a3b","eec25ab337d6a502fe12dab000d94b309da3b57e046fbd6081d31aedd4fed70b","328","12","9","MAIN_JAVA","com.tuoman.ai_task_orchestrator.vectorstore.qdrant","main-java/vectorstore","","STRUCTURAL_SCAN_ONLY","","DROP","","HUMAN_REVIEW_REQUIRED","STRUCTURAL_METADATA_ONLY","","","",""
"src/main/java/com/tuoman/ai_task_orchestrator/vectorstore/qdrant/RestClientQdrantVectorStoreClient.java","cb7a1967696a486237666f6279d44f556f5a764c","9130b9510be676593174774ff56880b5742ddf5a266a16662f524a7c783a8e5a","4033","107","94","MAIN_JAVA","com.tuoman.ai_task_orchestrator.vectorstore.qdrant","main-java/vectorstore","","STRUCTURAL_SCAN_ONLY","","DROP","","HUMAN_REVIEW_REQUIRED","STRUCTURAL_METADATA_ONLY","","","",""
"src/main/resources/application-docker.properties","5741d82a29fa8b785ca3f49cd8f963b3cb1814ee","d4cc8b37599b5169efa91c4f4de98fafac51a528b588d4a5fea68b7d13a30a31","604","17","14","MAIN_RESOURCE","","main-resource/root","","STRUCTURAL_SCAN_ONLY","","DROP","","HUMAN_REVIEW_REQUIRED","STRUCTURAL_METADATA_ONLY","","","",""
"src/main/resources/application-local-ai.properties","3f2cf8483024705841df7c4276bc5362c0b7bbd1","e5ca53156640f7c15b4918067e5b0bec861857df9f44eb5060726bb3a6964e8c","799","24","22","MAIN_RESOURCE","","main-resource/root","","STRUCTURAL_SCAN_ONLY","","DROP","","HUMAN_REVIEW_REQUIRED","STRUCTURAL_METADATA_ONLY","","","",""
"src/main/resources/application-qdrant.properties","9b0049b75af59b39e00c1bb402b8fe39b3ac3ca2","f6135d95e34580ff2caa825b244b3bdad990ba4d89aa5c280299e500d9a8c865","556","12","11","MAIN_RESOURCE","","main-resource/root","","STRUCTURAL_SCAN_ONLY","","DROP","","HUMAN_REVIEW_REQUIRED","STRUCTURAL_METADATA_ONLY","","","",""
"src/main/resources/application.properties","c58ca191a938336bf2251467c76b763c78f49612","d5b9aa44a69ae7f76f9bef2274cf8bcf4d449ee0eaa04f8d7629039ab7ef3c0f","4346","129","108","MAIN_RESOURCE","","main-resource/root","","STRUCTURAL_SCAN_ONLY","","DROP","","HUMAN_REVIEW_REQUIRED","STRUCTURAL_METADATA_ONLY","","","",""
"src/main/resources/db/migration/V10__add_requested_model_to_task.sql","3094d84aa4a16cc59fc6aea0c8640cc691273fc7","78a3910b6f928e6e71af2baed7f47a26b46d3fb1dbc6357233229b9bc77aaa04","76","2","2","MAIN_RESOURCE","","main-resource/db","","STRUCTURAL_SCAN_ONLY","","DROP","","HUMAN_REVIEW_REQUIRED","STRUCTURAL_METADATA_ONLY","","","",""
"src/main/resources/db/migration/V11__create_task_output_chunk_table.sql","1755a48b22503894262f7fcea60abe2cb5585142","2cc1df2062adf01b7083c0be64e338dd2a3631e4bb50267adf0d5f7a8b6db0ef","305","8","8","MAIN_RESOURCE","","main-resource/db","","STRUCTURAL_SCAN_ONLY","","DROP","","HUMAN_REVIEW_REQUIRED","STRUCTURAL_METADATA_ONLY","","","",""
"src/main/resources/db/migration/V12__create_document_tables.sql","d377321c05123164456e5b3dfcc57faa9be6bd0d","6309db43f9e1f5d11c71c545d4778c06b3764434b9f445b6fdb137977b3544c4","786","21","20","MAIN_RESOURCE","","main-resource/db","","STRUCTURAL_SCAN_ONLY","","DROP","","HUMAN_REVIEW_REQUIRED","STRUCTURAL_METADATA_ONLY","","","",""
"src/main/resources/db/migration/V13__add_chunk_metadata_fields.sql","fbeeaa155caf5337f133155a1e1308be87f36566","24497a272e7e9c2643ba96fa6fc3fe1be65ea8b3d97faf3e96f37f2a82bbe333","181","5","5","MAIN_RESOURCE","","main-resource/db","","STRUCTURAL_SCAN_ONLY","","DROP","","HUMAN_REVIEW_REQUIRED","STRUCTURAL_METADATA_ONLY","","","",""
"src/main/resources/db/migration/V14__create_document_chunk_embedding_table.sql","1c20f07f158f68e444e77a0f1a0ff4cd73fb7785","3858212be06b37cefd41cd17f4d171d58921a753e6d233c8627000eb9bcdd983","646","13","13","MAIN_RESOURCE","","main-resource/db","","STRUCTURAL_SCAN_ONLY","","DROP","","HUMAN_REVIEW_REQUIRED","STRUCTURAL_METADATA_ONLY","","","",""
"src/main/resources/db/migration/V15__create_task_outbox_table.sql","6254249f015490f3a9e396205f0a73be5b753cef","e3bd997d538494bc43d3bbfc7d69f29e943aaa95bd94d0bf98161c892cb3cd0f","669","18","18","MAIN_RESOURCE","","main-resource/db","","STRUCTURAL_SCAN_ONLY","","DROP","","HUMAN_REVIEW_REQUIRED","STRUCTURAL_METADATA_ONLY","","","",""
"src/main/resources/db/migration/V16__create_task_attempt_table.sql","8a641ea15c9224670ff1fa11da814c5ec7a65838","e4218abd96e52cc640fc851a959ddafe60cdc701dec75ce6b05143f27b44682b","861","24","24","MAIN_RESOURCE","","main-resource/db","","STRUCTURAL_SCAN_ONLY","","DROP","","HUMAN_REVIEW_REQUIRED","STRUCTURAL_METADATA_ONLY","","","",""
"src/main/resources/db/migration/V17__create_embedding_cache_table.sql","ae5d8e361479e602b4e3298f3cda4a2752b8f0f4","e4071bf37b2c8cae4b55353787a1e5e24bbee721efe4a93aaa9e6b5108a57842","490","11","11","MAIN_RESOURCE","","main-resource/db","","STRUCTURAL_SCAN_ONLY","","DROP","","HUMAN_REVIEW_REQUIRED","STRUCTURAL_METADATA_ONLY","","","",""
"src/main/resources/db/migration/V18__create_embedding_cache_metric_table.sql","698c89dbe2edfb4149a82eb624bf53378c21102c","09af3abf6b02544104a38ce76324b7733cd5af464b0266a3d92c63dbfe93bbcb","699","15","15","MAIN_RESOURCE","","main-resource/db","","STRUCTURAL_SCAN_ONLY","","DROP","","HUMAN_REVIEW_REQUIRED","STRUCTURAL_METADATA_ONLY","","","",""
"src/main/resources/db/migration/V19__create_document_ingestion_task.sql","b904b96aafa1aeecbeca424ec4e47f9e18ba0984","5cd97299518fec818f2deb7dcbe1cb3baefdae8efaf7445e95000e0cca7c2281","915","23","22","MAIN_RESOURCE","","main-resource/db","","STRUCTURAL_SCAN_ONLY","","DROP","","HUMAN_REVIEW_REQUIRED","STRUCTURAL_METADATA_ONLY","","","",""
"src/main/resources/db/migration/V1__create_task_table.sql","1c4944ca0221e0df3656f26aed25b76ebe6175e3","c9685a7778b8e0aa7cd6d5f8bd904e40bb72eceb57dbb2d7936ea90c2e73f402","388","8","8","MAIN_RESOURCE","","main-resource/db","","STRUCTURAL_SCAN_ONLY","","DROP","","HUMAN_REVIEW_REQUIRED","STRUCTURAL_METADATA_ONLY","","","",""
"src/main/resources/db/migration/V20__create_document_ingestion_event.sql","709666102f3afa9888dcd0476623c58b0c6c05a2","d1f9f44a4c20e974c11051a95222ea5fd81f7b055ca514142c06d59e0a476799","625","17","17","MAIN_RESOURCE","","main-resource/db","","STRUCTURAL_SCAN_ONLY","","DROP","","HUMAN_REVIEW_REQUIRED","STRUCTURAL_METADATA_ONLY","","","",""
"src/main/resources/db/migration/V21__add_document_lifecycle_status.sql","9514e6d8093d2658074e97e54442b094a56d6bf0","3c31efdd5ae6ca956cbfc8733aecfdd9307cec177ed16093b6a226f5af6bd806","217","5","4","MAIN_RESOURCE","","main-resource/db","","STRUCTURAL_SCAN_ONLY","","DROP","","HUMAN_REVIEW_REQUIRED","STRUCTURAL_METADATA_ONLY","","","",""
"src/main/resources/db/migration/V22__add_document_reindex_and_chunk_generation.sql","c86a3980b8e47c7eedd1214534c9f29963f3e3fe","af54e3e83a75b0c45f726b9e32349402a3ee5268ecf0db902346c3d7fa8bcb7c","644","15","12","MAIN_RESOURCE","","main-resource/db","","STRUCTURAL_SCAN_ONLY","","DROP","","HUMAN_REVIEW_REQUIRED","STRUCTURAL_METADATA_ONLY","","","",""
"src/main/resources/db/migration/V23__add_knowledge_collection.sql","ed1adecb3321eca38f18f478c582d9a87ee36f80","e6b54665deef7d423652be5d423dd07c6bf7251076b6de4a6826313c1ec5d7c0","889","21","19","MAIN_RESOURCE","","main-resource/db","","STRUCTURAL_SCAN_ONLY","","DROP","","HUMAN_REVIEW_REQUIRED","STRUCTURAL_METADATA_ONLY","","","",""
"src/main/resources/db/migration/V24__add_agent_task.sql","34465c137a1ac923b835a92c24437cf09163c8ff","dd77f45c8f32ede972d819437decceba37ab1cc3ccbb10e3d39dac693abbe083","2223","63","58","MAIN_RESOURCE","","main-resource/db","","STRUCTURAL_SCAN_ONLY","","DROP","","HUMAN_REVIEW_REQUIRED","STRUCTURAL_METADATA_ONLY","","","",""
"src/main/resources/db/migration/V25__add_agent_task_step.sql","df4e27490e6ae3401a83c3e59ca8603d6496604e","c38056f0077dcd74ce3724ae23b18a2ce7e65d3b17f2c2266bc05607935a90f1","1076","30","28","MAIN_RESOURCE","","main-resource/db","","STRUCTURAL_SCAN_ONLY","","DROP","","HUMAN_REVIEW_REQUIRED","STRUCTURAL_METADATA_ONLY","","","",""
"src/main/resources/db/migration/V26__create_model_provider_config.sql","c83e2fc2cfe52bc1e11076823127f6e4f3cff990","a9acb6507998e12e33aaab0b0a9b7d0b3b01e3dece463c589fea61c1af76cac1","1089","25","24","MAIN_RESOURCE","","main-resource/db","","STRUCTURAL_SCAN_ONLY","","DROP","","HUMAN_REVIEW_REQUIRED","STRUCTURAL_METADATA_ONLY","","","",""
"src/main/resources/db/migration/V27__document_trash_and_purge.sql","992295c31cab960be8317f55765fba292f7effdc","bd4dc7773c3d4a2cd62e7515aba892944446603782eef8bd54693773b5681706","524","13","11","MAIN_RESOURCE","","main-resource/db","","STRUCTURAL_SCAN_ONLY","","DROP","","HUMAN_REVIEW_REQUIRED","STRUCTURAL_METADATA_ONLY","","","",""
"src/main/resources/db/migration/V28__batch_ingestion_and_notification.sql","c6cc55744aca19b9b65e15b234fcfcedbe98edad","e8c88fe256625c6f31c038e9f9140a41481c267478e847ab9b98f17a07a55f0d","2758","77","69","MAIN_RESOURCE","","main-resource/db","","STRUCTURAL_SCAN_ONLY","","DROP","","HUMAN_REVIEW_REQUIRED","STRUCTURAL_METADATA_ONLY","","","",""
"src/main/resources/db/migration/V29__rag_evaluation_health.sql","469196163303ef6c27b8a0dc46f5af6237b24dbf","748587bd9a32722262f02c18ddfb27dfd7861fb83dbea5d082985ed1f3de5a59","3212","89","83","MAIN_RESOURCE","","main-resource/db","","STRUCTURAL_SCAN_ONLY","","DROP","","HUMAN_REVIEW_REQUIRED","STRUCTURAL_METADATA_ONLY","","","",""
"src/main/resources/db/migration/V2__create_task_event_table.sql","dcd4a796652d0a172a48f2273d1d4d995678090b","4de15805feadad3a63441b5965ac630e7d259f1a2b4d5da35b6039872cf3766c","664","12","12","MAIN_RESOURCE","","main-resource/db","","STRUCTURAL_SCAN_ONLY","","DROP","","HUMAN_REVIEW_REQUIRED","STRUCTURAL_METADATA_ONLY","","","",""
"src/main/resources/db/migration/V30__structured_chunk_and_retrieval_metadata.sql","fedc8d497e181720c6c98515280b2a59f3c7628a","eab4b772935e93206f2e10dd3c72d443bf917555ec22cb4aa2aea9268b4f6aef","1734","45","41","MAIN_RESOURCE","","main-resource/db","","STRUCTURAL_SCAN_ONLY","","DROP","","HUMAN_REVIEW_REQUIRED","STRUCTURAL_METADATA_ONLY","","","",""
"src/main/resources/db/migration/V31__vector_index_isolation_and_audit.sql","55acd1b7dd03bfd5fefcd36a25b0368b3a2a36ec","527818acda128ee7fff8237c4b64848d4e0cb74e7b9ef813fe426f81b843a572","2710","67","61","MAIN_RESOURCE","","main-resource/db","","STRUCTURAL_SCAN_ONLY","","DROP","","HUMAN_REVIEW_REQUIRED","STRUCTURAL_METADATA_ONLY","","","",""
"src/main/resources/db/migration/V32__grounded_answer_trace.sql","fe4c2ccc96b5e75c79e5c71e2975f0ebcb3333d6","e75782c093c5fa56b3bab3540a7dbfbb20c1e1783595585e2416ebc9b5484de6","463","6","6","MAIN_RESOURCE","","main-resource/db","","STRUCTURAL_SCAN_ONLY","","DROP","","HUMAN_REVIEW_REQUIRED","STRUCTURAL_METADATA_ONLY","","","",""
"src/main/resources/db/migration/V33__memory_foundation_and_agent_profiles.sql","0946cf7c1672e8450aac96c7d755ee221691a2ec","81bda7c0316145c5183693f1cd4e2cae3c5527e6dc4e63562b62eb9bdadc0023","3859","74","69","MAIN_RESOURCE","","main-resource/db","","STRUCTURAL_SCAN_ONLY","","DROP","","HUMAN_REVIEW_REQUIRED","STRUCTURAL_METADATA_ONLY","","","",""
"src/main/resources/db/migration/V3__add_error_message_to_task.sql","a85d3a809088102a8f17d2f22121dbcfd8d3ea69","71b727fb2f3040fe6f93948d7f612cfe470be219b1e3e12193965c91087eb859","57","2","2","MAIN_RESOURCE","","main-resource/db","","STRUCTURAL_SCAN_ONLY","","DROP","","HUMAN_REVIEW_REQUIRED","STRUCTURAL_METADATA_ONLY","","","",""
"src/main/resources/db/migration/V4__add_retry_fields_to_task.sql","827472c3ac74e48d1effe6f4ea92b73b81d4ec62","89273b8ff97f6c6ae2fd14c5bc12c4279b1240e85cf17a9fcb045f3718a74a9e","164","4","4","MAIN_RESOURCE","","main-resource/db","","STRUCTURAL_SCAN_ONLY","","DROP","","HUMAN_REVIEW_REQUIRED","STRUCTURAL_METADATA_ONLY","","","",""
"src/main/resources/db/migration/V5__add_timeout_fields_to_task.sql","fe25955834ca77f30239e5afc597a3140cc9d9b0","3a233410527114bb119ea5a24ad994dec33ac2a07cbc1cd5c52d2033fa71c9f1","117","3","3","MAIN_RESOURCE","","main-resource/db","","STRUCTURAL_SCAN_ONLY","","DROP","","HUMAN_REVIEW_REQUIRED","STRUCTURAL_METADATA_ONLY","","","",""
"src/main/resources/db/migration/V6__add_llm_result_fields_to_task.sql","b05e084683e6eaa3ead201d1af8f71cc76f66e83","5d1f8644ed62f7d0e49f980bef5a957412f81aa5cd61bf0681333d7375a139bc","132","3","3","MAIN_RESOURCE","","main-resource/db","","STRUCTURAL_SCAN_ONLY","","DROP","","HUMAN_REVIEW_REQUIRED","STRUCTURAL_METADATA_ONLY","","","",""
"src/main/resources/db/migration/V7__create_prompt_template_table.sql","653ff9f4fe76a711771778c9632e1fe5be12c3e4","c567770f25e80873137745733f60c2f6d2f8c71d1459e370a4693d8dcc51dc7b","693","21","20","MAIN_RESOURCE","","main-resource/db","","STRUCTURAL_SCAN_ONLY","","DROP","","HUMAN_REVIEW_REQUIRED","STRUCTURAL_METADATA_ONLY","","","",""
"src/main/resources/db/migration/V8__add_prompt_render_fields_to_task.sql","ce939d89494967c35ff3c9c99d328baa5625c008","04aec851e30571f377c76e90063745bbc351151cd99f510cfe30c97b7785528d","144","3","3","MAIN_RESOURCE","","main-resource/db","","STRUCTURAL_SCAN_ONLY","","DROP","","HUMAN_REVIEW_REQUIRED","STRUCTURAL_METADATA_ONLY","","","",""
"src/main/resources/db/migration/V9__add_llm_usage_fields_to_task.sql","cda763584f1affdca3d05704a863d2647b852cf3","c32df40df41b276740f0e98ebae6b3bc058aa10090e54dd702e238384881eb57","346","6","6","MAIN_RESOURCE","","main-resource/db","","STRUCTURAL_SCAN_ONLY","","DROP","","HUMAN_REVIEW_REQUIRED","STRUCTURAL_METADATA_ONLY","","","",""
"src/main/resources/static/agent-profiles.html","4313786fa15ac406e93782c21aeb4c9c58ee6cfa","4427a2a9df440f48b0d6172c5a841c6165b60d1bb5624007728f913f1c68def7","3092","56","54","MAIN_RESOURCE","","main-resource/static","","STRUCTURAL_SCAN_ONLY","","DROP","","HUMAN_REVIEW_REQUIRED","STRUCTURAL_METADATA_ONLY","","","",""
"src/main/resources/static/agent-profiles.js","286bc4271ac5ef3d116bf79883985364a88f39d5","172b77403c1b890e9ada1587b4521408262ae17df1d633d21e5732c8ead037f8","5706","90","90","MAIN_RESOURCE","","main-resource/static","","STRUCTURAL_SCAN_ONLY","","DROP","","HUMAN_REVIEW_REQUIRED","STRUCTURAL_METADATA_ONLY","","","",""
"src/main/resources/static/agent-tasks.html","91f8641f446fc9d1d5a485ebba5bb370b36d11db","2dff2eed6612e025c0ec574493a9905e58347455847b1267b9f9c2dff1939922","6135","101","96","MAIN_RESOURCE","","main-resource/static","","STRUCTURAL_SCAN_ONLY","","DROP","","HUMAN_REVIEW_REQUIRED","STRUCTURAL_METADATA_ONLY","","","",""
"src/main/resources/static/agent-tasks.js","19b113040130b8d59811029440060fda138810f7","65d385200cbd408ca7b6bc4630428a592a2aec68757f58b42ac9e7417174b803","20669","534","491","MAIN_RESOURCE","","main-resource/static","","STRUCTURAL_SCAN_ONLY","","DROP","","HUMAN_REVIEW_REQUIRED","STRUCTURAL_METADATA_ONLY","","","",""
"src/main/resources/static/agent-tools.html","e7c483a94ae8a3d3ea3977c0e79e4c0782744668","3cf105b96392b1dc7dd8c58358120e62c003fa5ded35e1b45fbec6a418e70931","4116","104","97","MAIN_RESOURCE","","main-resource/static","","STRUCTURAL_SCAN_ONLY","","DROP","","HUMAN_REVIEW_REQUIRED","STRUCTURAL_METADATA_ONLY","","","",""
"src/main/resources/static/app-nav.js","7e07b4796b6d8af77ab5f44ae0fee6f6a8cb656b","f636481fb35749bacf8f817caa311a5c80b14ed3b02ee55c16bbea609c8fc17b","8566","204","181","MAIN_RESOURCE","","main-resource/static","","STRUCTURAL_SCAN_ONLY","","DROP","","HUMAN_REVIEW_REQUIRED","STRUCTURAL_METADATA_ONLY","","","",""
"src/main/resources/static/app-shell.css","99cecff17b7ec082d6fbf79dbac6650166f8db7d","35331282e0ca0c20ffcdec1202641aad1a6e2c4d9129c2a2a1ab8e63b3a5646b","277","9","8","MAIN_RESOURCE","","main-resource/static","","STRUCTURAL_SCAN_ONLY","","DROP","","HUMAN_REVIEW_REQUIRED","STRUCTURAL_METADATA_ONLY","","","",""
"src/main/resources/static/app.css","1ee97ebbaf570939bbce3572af0170a3f716fb81","fa9e5fa886b2ae53c56444f6737f6ce4c5aed3c5f4dcb482d7c38853fc2a2246","11814","717","604","MAIN_RESOURCE","","main-resource/static","","STRUCTURAL_SCAN_ONLY","","DROP","","HUMAN_REVIEW_REQUIRED","STRUCTURAL_METADATA_ONLY","","","",""
"src/main/resources/static/ask.css","ca25f19aef7473ce2ce9f3688df396fb746e6c42","b9f7df76dd8308183df64e0187086aa3326997a55bcd3d11c5fa8baaadff8600","3708","220","189","MAIN_RESOURCE","","main-resource/static","","STRUCTURAL_SCAN_ONLY","","DROP","","HUMAN_REVIEW_REQUIRED","STRUCTURAL_METADATA_ONLY","","","",""
"src/main/resources/static/ask.html","388a2cb6bfd0be2ec124f8d441f86039d9ec0be4","defa1adefa36e0b83cbd0bd93ee7c444a1cffa16e401e28e2a88f76578d56806","10265","161","152","MAIN_RESOURCE","","main-resource/static","","STRUCTURAL_SCAN_ONLY","","DROP","","HUMAN_REVIEW_REQUIRED","STRUCTURAL_METADATA_ONLY","","","",""
"src/main/resources/static/ask.js","4776b6b5138f6ee781f3745f3bcaeef3e3785960","3a7668e6dd9b47d7376417b46fd46b3046a25a23553f0fe4b7ecb9b7c97d6df8","26618","636","576","MAIN_RESOURCE","","main-resource/static","","STRUCTURAL_SCAN_ONLY","","DROP","","HUMAN_REVIEW_REQUIRED","STRUCTURAL_METADATA_ONLY","","","",""
"src/main/resources/static/batch-ingestion.html","0b94781b5fbc8422837accacee8989070698f901","ae94e95c70c787bbfa75a419eb52c5cea89cded25c56a0e9fa0adc797d07d736","5933","88","84","MAIN_RESOURCE","","main-resource/static","","STRUCTURAL_SCAN_ONLY","","DROP","","HUMAN_REVIEW_REQUIRED","STRUCTURAL_METADATA_ONLY","","","",""
"src/main/resources/static/batch-ingestion.js","66f9d8c92ddf455c089f63514ebf7063bc3a38ce","4a19ce8ec353981bd65dbb5300efc0e82feb96ecccc06313ed737bdd8a7c444a","7791","176","161","MAIN_RESOURCE","","main-resource/static","","STRUCTURAL_SCAN_ONLY","","DROP","","HUMAN_REVIEW_REQUIRED","STRUCTURAL_METADATA_ONLY","","","",""
"src/main/resources/static/collections.html","da68bb079f17c255af75e5801bb10d254a0a85df","7b05f9da13a97e69315df433b35eadae6a745204ef4934e296ed2600ba3de3f5","8106","125","118","MAIN_RESOURCE","","main-resource/static","","STRUCTURAL_SCAN_ONLY","","DROP","","HUMAN_REVIEW_REQUIRED","STRUCTURAL_METADATA_ONLY","","","",""
"src/main/resources/static/collections.js","b2edd14586f2389a684317006c08eb0aa6502094","043141290162a88c5612eb4131576d480456e42a018d7a18ff6be1ff69581c08","14963","347","321","MAIN_RESOURCE","","main-resource/static","","STRUCTURAL_SCAN_ONLY","","DROP","","HUMAN_REVIEW_REQUIRED","STRUCTURAL_METADATA_ONLY","","","",""
"src/main/resources/static/documents.html","17d678cd14fce4e94f1ff6fedc28700f151c1d93","967d8b42a4ee759f1230d035fb692a40d2b33f51da44e0d4cba610464714f51d","11485","180","162","MAIN_RESOURCE","","main-resource/static","","STRUCTURAL_SCAN_ONLY","","DROP","","HUMAN_REVIEW_REQUIRED","STRUCTURAL_METADATA_ONLY","","","",""
"src/main/resources/static/documents.js","9c10963d1d566fa45ca55b898fdbd61c5f5558e5","1541892093cbb9ebdf06f3e48bbe97208fd129a228c836afe8249af05e6ad5b0","38553","962","864","MAIN_RESOURCE","","main-resource/static","","STRUCTURAL_SCAN_ONLY","","DROP","","HUMAN_REVIEW_REQUIRED","STRUCTURAL_METADATA_ONLY","","","",""
"src/main/resources/static/evaluation.html","6ddc37ed719003de84d6709ba71e48e30e1631f2","4fe08b926fd67b56375c5b4aba5de5d26dec99f14650a8fd9063f6d7fd1d76c0","4828","103","95","MAIN_RESOURCE","","main-resource/static","","STRUCTURAL_SCAN_ONLY","","DROP","","HUMAN_REVIEW_REQUIRED","STRUCTURAL_METADATA_ONLY","","","",""
"src/main/resources/static/guidance.html","bfac88242c2fbb34965d59987e9f40d538cf8506","191c8d9a3bfc68aa913d70b849b4ad56e367577c70b9d6beae3cae2273981cba","304","12","12","MAIN_RESOURCE","","main-resource/static","","STRUCTURAL_SCAN_ONLY","","DROP","","HUMAN_REVIEW_REQUIRED","STRUCTURAL_METADATA_ONLY","","","",""
"src/main/resources/static/guide.html","198c5f5c0f1a26f7c7957b697d2c4b7ce09d8e92","c65b94d3c90f31021e155182a2ca1380041774b2da182b42c52be527f3fe5a58","7044","111","106","MAIN_RESOURCE","","main-resource/static","","STRUCTURAL_SCAN_ONLY","","DROP","","HUMAN_REVIEW_REQUIRED","STRUCTURAL_METADATA_ONLY","","","",""
"src/main/resources/static/index.html","4aac3c51e7646dcba8f60e844128fac193ab6428","c30690331354c595897c33376a9aaacedf9ef7269abbad60260c867828c66ed4","9640","159","153","MAIN_RESOURCE","","main-resource/static","","STRUCTURAL_SCAN_ONLY","","DROP","","HUMAN_REVIEW_REQUIRED","STRUCTURAL_METADATA_ONLY","","","",""
"src/main/resources/static/index.js","062cdbdba79234f8b584479bb372906d5f12a05b","3da5c63f84fe34f5eeb3992276851cac037bbd9d8389f154a4b069494695ec06","4007","106","93","MAIN_RESOURCE","","main-resource/static","","STRUCTURAL_SCAN_ONLY","","DROP","","HUMAN_REVIEW_REQUIRED","STRUCTURAL_METADATA_ONLY","","","",""
"src/main/resources/static/ingestion-analytics.html","d880d465315625d985ff282c90ac1edc23140ac7","760829930367d2727c4491f05013f385f793855b97c01f402354a4104615ae62","6038","123","113","MAIN_RESOURCE","","main-resource/static","","STRUCTURAL_SCAN_ONLY","","DROP","","HUMAN_REVIEW_REQUIRED","STRUCTURAL_METADATA_ONLY","","","",""
"src/main/resources/static/ingestion-analytics.js","3e85ef7ad59b05f16f48fd0a496bbed5c454a384","cd7d869be82cc2bad4c8119acbc8de37b03eaa7aefe223d085a666afcc430e60","10203","255","229","MAIN_RESOURCE","","main-resource/static","","STRUCTURAL_SCAN_ONLY","","DROP","","HUMAN_REVIEW_REQUIRED","STRUCTURAL_METADATA_ONLY","","","",""
"src/main/resources/static/knowledge-health.html","d3117ee2272d7f4fce87e545f7dd18edce2738bd","e2a3342c928bccc9ab28c8e3875db0b500957dcee78be0c1de04792c44aaafa0","7871","130","122","MAIN_RESOURCE","","main-resource/static","","STRUCTURAL_SCAN_ONLY","","DROP","","HUMAN_REVIEW_REQUIRED","STRUCTURAL_METADATA_ONLY","","","",""
"src/main/resources/static/knowledge-health.js","5ee92acd34424bd739c1b57f5e49b6f8a6c7b68a","efd8b9bb44b0a6df884883247f0720538482806910ae4e7daf1060b9f619f138","9071","201","185","MAIN_RESOURCE","","main-resource/static","","STRUCTURAL_SCAN_ONLY","","DROP","","HUMAN_REVIEW_REQUIRED","STRUCTURAL_METADATA_ONLY","","","",""
"src/main/resources/static/memory-center.html","11013aa3a6d1d7605e3dda6f151c061a0ff71feb","575489ac5ebe69b5152429045ba385a7fdd4a72fc2aedf24d7af860970c09838","7379","109","104","MAIN_RESOURCE","","main-resource/static","","STRUCTURAL_SCAN_ONLY","","DROP","","HUMAN_REVIEW_REQUIRED","STRUCTURAL_METADATA_ONLY","","","",""
"src/main/resources/static/memory-center.js","39925b87e3038002c6055eedc422d6098407fb7e","ed9a47389cee978a1e8eaadbfbcd666a6afd44d2a196301a0583d3ebff2da402","13472","206","206","MAIN_RESOURCE","","main-resource/static","","STRUCTURAL_SCAN_ONLY","","DROP","","HUMAN_REVIEW_REQUIRED","STRUCTURAL_METADATA_ONLY","","","",""
"src/main/resources/static/memory.css","cbf9fa5ecaab1989f36603e673c2386d1d0c184f","219bbbed6d05388e99dfeff80a6ceb24bc79e038bda8902029588dff9a106020","2795","161","137","MAIN_RESOURCE","","main-resource/static","","STRUCTURAL_SCAN_ONLY","","DROP","","HUMAN_REVIEW_REQUIRED","STRUCTURAL_METADATA_ONLY","","","",""
"src/main/resources/static/mindweaver.css","01d990bdfcf5d99aa644fd4549f558c32e589402","0ab1e0f1487640050d39a226286a13ec5ddedf8579005318529c4ed0430d2858","38054","1698","1463","MAIN_RESOURCE","","main-resource/static","","STRUCTURAL_SCAN_ONLY","","DROP","","HUMAN_REVIEW_REQUIRED","STRUCTURAL_METADATA_ONLY","","","",""
"src/main/resources/static/model-settings.html","3f31bbb8e8fb6c83a7aaec013fe7ad1ad428f406","77ee9b1dbd09145608dfc3884b4170ab97425b7fcdc77c03fee18e758041ba09","8786","150","138","MAIN_RESOURCE","","main-resource/static","","STRUCTURAL_SCAN_ONLY","","DROP","","HUMAN_REVIEW_REQUIRED","STRUCTURAL_METADATA_ONLY","","","",""
"src/main/resources/static/model-settings.js","da167e171bb7774f4bd783086a9d723a58a137cd","4ddedcbba51bb60c8b3308e49d1c883a5e440c3ba18f8076c8239b5a14c00491","21774","532","490","MAIN_RESOURCE","","main-resource/static","","STRUCTURAL_SCAN_ONLY","","DROP","","HUMAN_REVIEW_REQUIRED","STRUCTURAL_METADATA_ONLY","","","",""
"src/main/resources/static/notifications.html","ac60f282b23c2bd4daf12e1f574384579d2c3f7c","64e16ebd31e71bec130858d6811b9d108c386bd853569f6710bf5edb62a4dbb9","2038","40","39","MAIN_RESOURCE","","main-resource/static","","STRUCTURAL_SCAN_ONLY","","DROP","","HUMAN_REVIEW_REQUIRED","STRUCTURAL_METADATA_ONLY","","","",""
"src/main/resources/static/notifications.js","c38ce6dd5378f73adede1f0fbc78f27037f00ad9","cdcd38118a6c8be32b3ea4b585768a3d4f031a07efef4381895d901c925d37c1","3570","79","72","MAIN_RESOURCE","","main-resource/static","","STRUCTURAL_SCAN_ONLY","","DROP","","HUMAN_REVIEW_REQUIRED","STRUCTURAL_METADATA_ONLY","","","",""
"src/main/resources/static/quality.html","71bd18f4c6d26a3b8d839e06fe05fd459b93ae1a","e215755d82597d782d53aac8377f3b0807f86139a55a5d668f29a4e98d8fcbb9","5920","100","95","MAIN_RESOURCE","","main-resource/static","","STRUCTURAL_SCAN_ONLY","","DROP","","HUMAN_REVIEW_REQUIRED","STRUCTURAL_METADATA_ONLY","","","",""
"src/main/resources/static/rag-demo.css","e4335f492d4bee07b2442102c93eba4f6846219d","5e09d204fc5294962122c605b7839e1ac553be6ddaa73fdd3a35a9915a33913a","3933","231","199","MAIN_RESOURCE","","main-resource/static","","STRUCTURAL_SCAN_ONLY","","DROP","","HUMAN_REVIEW_REQUIRED","STRUCTURAL_METADATA_ONLY","","","",""
"src/main/resources/static/rag-demo.html","b9a4c84d1420acbac13419933cb930c2414d57a3","82c8788e9ca9c0839eaf8bce2e679a664b7d597afde4fef288d9b72ab4ec1ade","2958","77","66","MAIN_RESOURCE","","main-resource/static","","STRUCTURAL_SCAN_ONLY","","DROP","","HUMAN_REVIEW_REQUIRED","STRUCTURAL_METADATA_ONLY","","","",""
"src/main/resources/static/rag-demo.js","fbfe7dbd6079c3c8c066b784424fb59f45d815ae","5e1d96759e8a6419e0df0a2e5c39e5a4dbbd791c996a83fbb61a3a05e0b3e7a8","7279","206","179","MAIN_RESOURCE","","main-resource/static","","STRUCTURAL_SCAN_ONLY","","DROP","","HUMAN_REVIEW_REQUIRED","STRUCTURAL_METADATA_ONLY","","","",""
"src/main/resources/static/retrieval-settings.html","a922baae03fb67b73aee0ba008ec2ec4343f7108","d03d02e1c7c45e92434643c2178b7a25d4c87e6ea15bb60b8bb7f975a57d26bc","3292","69","62","MAIN_RESOURCE","","main-resource/static","","STRUCTURAL_SCAN_ONLY","","DROP","","HUMAN_REVIEW_REQUIRED","STRUCTURAL_METADATA_ONLY","","","",""
"src/main/resources/static/retrieval-settings.js","ca54c09d3bcbf9937cc3554c71960d775fe9a058","9391d3199b1b5d124e55439acbe3a37cf8bbe1487667fe155f5fde238c4f5578","3454","69","60","MAIN_RESOURCE","","main-resource/static","","STRUCTURAL_SCAN_ONLY","","DROP","","HUMAN_REVIEW_REQUIRED","STRUCTURAL_METADATA_ONLY","","","",""
"src/main/resources/static/settings.html","39f0176faa5e10a3fc7db0fa0491017fffeb3783","aa462d8f372ab929e731e7f352869b32f124f52e8810ef19d5106c1d6772fb0e","7585","117","111","MAIN_RESOURCE","","main-resource/static","","STRUCTURAL_SCAN_ONLY","","DROP","","HUMAN_REVIEW_REQUIRED","STRUCTURAL_METADATA_ONLY","","","",""
"src/main/resources/static/settings.js","c511e6175ea3152b0c38fad58a333216cc2846a1","cdb230cacbd6c29ecc4884ce8d2cdaf33396b532abf825562f89f82207a21798","5001","105","97","MAIN_RESOURCE","","main-resource/static","","STRUCTURAL_SCAN_ONLY","","DROP","","HUMAN_REVIEW_REQUIRED","STRUCTURAL_METADATA_ONLY","","","",""
"src/main/resources/static/trash.css","8556542f97fe1440dd34c89aaca9027ce73c8a09","cd91111ef29e6c2766ca484572b34e723b34a3b391154d9d570133c828831070","378","23","20","MAIN_RESOURCE","","main-resource/static","","STRUCTURAL_SCAN_ONLY","","DROP","","HUMAN_REVIEW_REQUIRED","STRUCTURAL_METADATA_ONLY","","","",""
"src/main/resources/static/trash.html","b9b5181c97058acb35f6a20c4db253270596d78e","8b318a09d0919f6f0ae7625ff9f09d1aadc8a6f69869dca1280a4096a98720f4","2259","46","44","MAIN_RESOURCE","","main-resource/static","","STRUCTURAL_SCAN_ONLY","","DROP","","HUMAN_REVIEW_REQUIRED","STRUCTURAL_METADATA_ONLY","","","",""
"src/main/resources/static/trash.js","e20ab92b0ec50d536fda50c80050399f5e238fa8","884c18a99d8289fec6addc5a560437c6bb32ab0c8a4d38ab23704d1eddbfa204","4906","117","107","MAIN_RESOURCE","","main-resource/static","","STRUCTURAL_SCAN_ONLY","","DROP","","HUMAN_REVIEW_REQUIRED","STRUCTURAL_METADATA_ONLY","","","",""
"src/main/resources/static/vector-index-health.html","7daf6b803a495e60951a6e55f0ce70e5a2973e7f","52f845563a21597a17df7c367e91f1a1aa3b8f3ba45d683ca5d9748f295c6008","3740","67","62","MAIN_RESOURCE","","main-resource/static","","STRUCTURAL_SCAN_ONLY","","DROP","","HUMAN_REVIEW_REQUIRED","STRUCTURAL_METADATA_ONLY","","","",""
"src/main/resources/static/vector-index-health.js","b03ce0bc08949f2a40c9bff9ef65d21a4df92d21","f8c8ed51bb88d4f2060422b9714935aeecf98608d5f1823c900999e8a977d666","4895","111","103","MAIN_RESOURCE","","main-resource/static","","STRUCTURAL_SCAN_ONLY","","DROP","","HUMAN_REVIEW_REQUIRED","STRUCTURAL_METADATA_ONLY","","","",""
"src/test/java/com/tuoman/ai_task_orchestrator/AiTaskOrchestratorApplicationTests.java","2d9557d38079e2f56a9de1eb0bdaef980048ac58","e8aecc64bd9a5755693f8b46955942dc0e58370cde7445cab03fedc11cfaac7c","235","13","9","TEST_JAVA","com.tuoman.ai_task_orchestrator","test-java/root","","STRUCTURAL_SCAN_ONLY","","DROP","","HUMAN_REVIEW_REQUIRED","STRUCTURAL_METADATA_ONLY","","","",""
"src/test/java/com/tuoman/ai_task_orchestrator/agent/AgentTaskPromptBuilderTest.java","d87e2ef4fa7c255a1a4875c970c94bea9f2837c1","f5892512d71997d41f695e2b3da51131890f6d59cf0c3610ab494b57fa3ff733","963","28","21","TEST_JAVA","com.tuoman.ai_task_orchestrator.agent","test-java/agent","","STRUCTURAL_SCAN_ONLY","","DROP","","HUMAN_REVIEW_REQUIRED","STRUCTURAL_METADATA_ONLY","","","",""
"src/test/java/com/tuoman/ai_task_orchestrator/agent/tool/AgentToolRegistryTest.java","ec7f743511a3489224378f173e96efcb19f6f0b9","a7e5ebd1a962b64ef2be4fa28a86f393c5db5ed00c14fc3874038bb0477aaea8","2491","82","64","TEST_JAVA","com.tuoman.ai_task_orchestrator.agent.tool","test-java/agent","","STRUCTURAL_SCAN_ONLY","","DROP","","HUMAN_REVIEW_REQUIRED","STRUCTURAL_METADATA_ONLY","","","",""
"src/test/java/com/tuoman/ai_task_orchestrator/agent/tool/ContextSummaryToolTest.java","5a113ed2f20e60d7e7e096c3e3a786722f701742","34d811aba96483444a21d552f464a8197990d4cecbb59a73b61bfe4088850990","2758","70","60","TEST_JAVA","com.tuoman.ai_task_orchestrator.agent.tool","test-java/agent","","STRUCTURAL_SCAN_ONLY","","DROP","","HUMAN_REVIEW_REQUIRED","STRUCTURAL_METADATA_ONLY","","","",""
"src/test/java/com/tuoman/ai_task_orchestrator/agent/tool/KnowledgeSearchToolTest.java","d3d5d25578563b418abdbcb0f79ee8999f6cf310","9dc038f8a9a79179cab145810cc24d24f17d816881bce3ccaf7f2846f2fcbf1e","5221","126","108","TEST_JAVA","com.tuoman.ai_task_orchestrator.agent.tool","test-java/agent","","STRUCTURAL_SCAN_ONLY","","DROP","","HUMAN_REVIEW_REQUIRED","STRUCTURAL_METADATA_ONLY","","","",""
"src/test/java/com/tuoman/ai_task_orchestrator/batch/DuplicateDetectionServiceTest.java","02fcfa0d9d428f5e001abdc335ab391adcc3a1e4","cb1b46a4ff4f1c239db0ecbcf9b627217cac1dbe686bf13d3b3b124e84b5ca1c","3680","86","73","TEST_JAVA","com.tuoman.ai_task_orchestrator.batch","test-java/batch","","STRUCTURAL_SCAN_ONLY","","DROP","","HUMAN_REVIEW_REQUIRED","STRUCTURAL_METADATA_ONLY","","","",""
"src/test/java/com/tuoman/ai_task_orchestrator/common/error/GlobalExceptionHandlerTest.java","b94719ce34cf273e379ce4828d114142cee77cfb","907ddf47431956141333fcb42008f3b8c13b1250754d75b44c0da3b4b72f4af3","8742","204","166","TEST_JAVA","com.tuoman.ai_task_orchestrator.common.error","test-java/common","","STRUCTURAL_SCAN_ONLY","","DROP","","HUMAN_REVIEW_REQUIRED","STRUCTURAL_METADATA_ONLY","","","",""
"src/test/java/com/tuoman/ai_task_orchestrator/controller/AgentTaskControllerTest.java","3034b6b77fd1103ff51923a9bca02c4331e993af","a5179bf7b4fe2cd58e7fac5ec04d17613d86a64ed03529cc77bb89fff286c4e2","5601","141","126","TEST_JAVA","com.tuoman.ai_task_orchestrator.controller","test-java/controller","","STRUCTURAL_SCAN_ONLY","","DROP","","HUMAN_REVIEW_REQUIRED","STRUCTURAL_METADATA_ONLY","","","",""
"src/test/java/com/tuoman/ai_task_orchestrator/controller/AgentToolControllerTest.java","f4d9d0e0a6e938e90476d9e05848a608b3fe787d","fe1b6e22867e0dee6b79ec3ba95c8cd734d6427f4725bb5476748c50c7cbf1b3","2406","59","51","TEST_JAVA","com.tuoman.ai_task_orchestrator.controller","test-java/controller","","STRUCTURAL_SCAN_ONLY","","DROP","","HUMAN_REVIEW_REQUIRED","STRUCTURAL_METADATA_ONLY","","","",""
"src/test/java/com/tuoman/ai_task_orchestrator/controller/ApiErrorResponseControllerTest.java","ecbdd61ba2c80dbb9be3abc3d8398bfbe6c1f621","652dbb732841ee65804abcc0359ec5382ce8f0cfcd5b32a08949fa8f0ca802df","5248","116","97","TEST_JAVA","com.tuoman.ai_task_orchestrator.controller","test-java/controller","","STRUCTURAL_SCAN_ONLY","","DROP","","HUMAN_REVIEW_REQUIRED","STRUCTURAL_METADATA_ONLY","","","",""
"src/test/java/com/tuoman/ai_task_orchestrator/controller/BatchUploadControllerTest.java","137262e57b7894a55c65ba86cc6cae188ae30803","c1707ded6bcc64f48482f46cda2acd9a4a23f2b39cf10fadae04d099bb232fbb","5040","121","99","TEST_JAVA","com.tuoman.ai_task_orchestrator.controller","test-java/controller","","STRUCTURAL_SCAN_ONLY","","DROP","","HUMAN_REVIEW_REQUIRED","STRUCTURAL_METADATA_ONLY","","","",""
"src/test/java/com/tuoman/ai_task_orchestrator/controller/CollectionControllerTest.java","f6c323a7a4363a9b3a68d34d5f7c74c848c5efce","b95f024c69e0e67bc47c07a69d2b6310aed1333f98862f7867b41c5e5649ea4a","5374","125","107","TEST_JAVA","com.tuoman.ai_task_orchestrator.controller","test-java/controller","","STRUCTURAL_SCAN_ONLY","","DROP","","HUMAN_REVIEW_REQUIRED","STRUCTURAL_METADATA_ONLY","","","",""
"src/test/java/com/tuoman/ai_task_orchestrator/controller/DocumentIngestionApiTest.java","505031e1b8ddca1db365cdda1391cea2dda3b7a2","1da3c68524df1d46666029bdedf00f814a79dad967a9446aeab83f09062e0714","8340","204","179","TEST_JAVA","com.tuoman.ai_task_orchestrator.controller","test-java/controller","","STRUCTURAL_SCAN_ONLY","","DROP","","HUMAN_REVIEW_REQUIRED","STRUCTURAL_METADATA_ONLY","","","",""
"src/test/java/com/tuoman/ai_task_orchestrator/controller/DocumentReadApiTest.java","5936d9b6433a9c4a30fb4525dc8fa840f9479c43","1da95db88692315a649372ee9ccd83ba930a1f3f7a6c2b2f9527b43347abe705","8197","187","164","TEST_JAVA","com.tuoman.ai_task_orchestrator.controller","test-java/controller","","STRUCTURAL_SCAN_ONLY","","DROP","","HUMAN_REVIEW_REQUIRED","STRUCTURAL_METADATA_ONLY","","","",""
"src/test/java/com/tuoman/ai_task_orchestrator/controller/DocumentUploadApiTest.java","6544d839d7575696b0fb8cb5d973efac1a39028e","e36f31870ed2299f2649779ad7177747fd1537cef668f26d276f97abc1f818b9","3737","83","71","TEST_JAVA","com.tuoman.ai_task_orchestrator.controller","test-java/controller","","STRUCTURAL_SCAN_ONLY","","DROP","","HUMAN_REVIEW_REQUIRED","STRUCTURAL_METADATA_ONLY","","","",""
"src/test/java/com/tuoman/ai_task_orchestrator/controller/EmbeddingCacheMetricsControllerTest.java","a18794f18a3f8cead944974160a86f0d5c46cfb8","1e7b40833c2fc392bc509046f674c74c078f95206d02566913ed160f3031481a","3655","83","73","TEST_JAVA","com.tuoman.ai_task_orchestrator.controller","test-java/controller","","STRUCTURAL_SCAN_ONLY","","DROP","","HUMAN_REVIEW_REQUIRED","STRUCTURAL_METADATA_ONLY","","","",""
"src/test/java/com/tuoman/ai_task_orchestrator/controller/EvaluationRunControllerTest.java","14d4e526406f92b78cc1a7b4a490bd906ec70b89","08af30cc04b0dcdbdf837fd02997d50f2d1c4684b31a29c1507738aaa2b356fe","5275","127","110","TEST_JAVA","com.tuoman.ai_task_orchestrator.controller","test-java/controller","","STRUCTURAL_SCAN_ONLY","","DROP","","HUMAN_REVIEW_REQUIRED","STRUCTURAL_METADATA_ONLY","","","",""
"src/test/java/com/tuoman/ai_task_orchestrator/controller/ModelProviderControllerTest.java","b110d8b317fedd82e9911384e67d7abda2d92ded","73865675751ab1c2eb4dd3c7e711b12c2bd561bf19cf1e4c21b8c390670a124d","5593","142","120","TEST_JAVA","com.tuoman.ai_task_orchestrator.controller","test-java/controller","","STRUCTURAL_SCAN_ONLY","","DROP","","HUMAN_REVIEW_REQUIRED","STRUCTURAL_METADATA_ONLY","","","",""
"src/test/java/com/tuoman/ai_task_orchestrator/controller/RagAnswerControllerQualityTest.java","324e1beb18f70189f9d84e6c05f7dc694d8216ab","17a75fcafecdca1aa83e05cfc5b418a1267bee31dc1cde1409405c6e3f6270f3","3854","81","73","TEST_JAVA","com.tuoman.ai_task_orchestrator.controller","test-java/controller","","STRUCTURAL_SCAN_ONLY","","DROP","","HUMAN_REVIEW_REQUIRED","STRUCTURAL_METADATA_ONLY","","","",""
"src/test/java/com/tuoman/ai_task_orchestrator/controller/RagAnswerControllerTest.java","771e950c79558d0403ba81272491a53e106ec301","cef3008ec021d0874c7f0cf4c1b89535c4fe9b8c500564eb7360eaf7ceb2f37b","6821","143","129","TEST_JAVA","com.tuoman.ai_task_orchestrator.controller","test-java/controller","","STRUCTURAL_SCAN_ONLY","","DROP","","HUMAN_REVIEW_REQUIRED","STRUCTURAL_METADATA_ONLY","","","",""
"src/test/java/com/tuoman/ai_task_orchestrator/controller/RuntimeStatusControllerTest.java","20cc26bfe907706c8a6701024b4bff801f292697","968a4c0f4c15f7138f0d6b0a65b28457e1c2797c3cd99a804419aa29f3318c9f","2067","48","41","TEST_JAVA","com.tuoman.ai_task_orchestrator.controller","test-java/controller","","STRUCTURAL_SCAN_ONLY","","DROP","","HUMAN_REVIEW_REQUIRED","STRUCTURAL_METADATA_ONLY","","","",""
"src/test/java/com/tuoman/ai_task_orchestrator/controller/TaskControllerMappingTest.java","f72a3f5df39e67456e6b77a96cbfeefcdba6b43c","c6c682309c345f5fdb55c8ac2961b6423c47a70d939ca3ee14a8a1fd66d0c8c3","2243","52","41","TEST_JAVA","com.tuoman.ai_task_orchestrator.controller","test-java/controller","","STRUCTURAL_SCAN_ONLY","","DROP","","HUMAN_REVIEW_REQUIRED","STRUCTURAL_METADATA_ONLY","","","",""
"src/test/java/com/tuoman/ai_task_orchestrator/controller/VectorIndexHealthControllerTest.java","38951ad0affc7578c4b63a43eadfb47bb0c7833c","a7cf7280c5139ab00dd044da754aac32cbaa7e98b48dd2a22dde762e1708cfb8","5747","135","116","TEST_JAVA","com.tuoman.ai_task_orchestrator.controller","test-java/controller","","STRUCTURAL_SCAN_ONLY","","DROP","","HUMAN_REVIEW_REQUIRED","STRUCTURAL_METADATA_ONLY","","","",""
"src/test/java/com/tuoman/ai_task_orchestrator/document/DocumentChunkerTest.java","0b7998a02a9a7b4e9624c60f095eef9565a6cae3","d09d734e62364e8c91c04ddaf3d79bef84a32e1ba92c2c823d8e8c83f66548f6","3909","115","83","TEST_JAVA","com.tuoman.ai_task_orchestrator.document","test-java/document","","STRUCTURAL_SCAN_ONLY","","DROP","","HUMAN_REVIEW_REQUIRED","STRUCTURAL_METADATA_ONLY","","","",""
"src/test/java/com/tuoman/ai_task_orchestrator/document/StructuredChunkingServiceTest.java","7a232f14f2d504efd52e4667f3e69b91aa1b7a92","2cf368c2d4d81b8fae1b0a048eef64b93eeaf09427e9cdfa8f21c1be741e0d6e","2448","60","50","TEST_JAVA","com.tuoman.ai_task_orchestrator.document","test-java/document","","STRUCTURAL_SCAN_ONLY","","DROP","","HUMAN_REVIEW_REQUIRED","STRUCTURAL_METADATA_ONLY","","","",""
"src/test/java/com/tuoman/ai_task_orchestrator/document/extract/DocumentTextExtractorTest.java","89cb76221620fdb836297d10e65e0faebcde4bd1","5b91bd8ba2371b480f75f54e99ea757cb75c9051cc1903db99d62d20f0da51cc","2049","51","41","TEST_JAVA","com.tuoman.ai_task_orchestrator.document.extract","test-java/document","","STRUCTURAL_SCAN_ONLY","","DROP","","HUMAN_REVIEW_REQUIRED","STRUCTURAL_METADATA_ONLY","","","",""
"src/test/java/com/tuoman/ai_task_orchestrator/document/extract/TestDocumentFiles.java","3f44bc39a96663229532ad44210a6348982ac3be","e1bb85bee57dfb2de4b3e1e43b2c7f8c82f8c29321f3bbf121cfbcfdcc394576","2390","67","59","TEST_JAVA","com.tuoman.ai_task_orchestrator.document.extract","test-java/document","","STRUCTURAL_SCAN_ONLY","","DROP","","HUMAN_REVIEW_REQUIRED","STRUCTURAL_METADATA_ONLY","","","",""
"src/test/java/com/tuoman/ai_task_orchestrator/document/ingestion/DocumentFileValidatorTest.java","9809a829d367f6c9b477f157b5189c319a3e64e7","e351bb204ae00719e7d8285de9eb159ec0475b5682aaf84eefae8c4d478a1e1c","2249","57","46","TEST_JAVA","com.tuoman.ai_task_orchestrator.document.ingestion","test-java/document","","STRUCTURAL_SCAN_ONLY","","DROP","","HUMAN_REVIEW_REQUIRED","STRUCTURAL_METADATA_ONLY","","","",""
"src/test/java/com/tuoman/ai_task_orchestrator/document/ingestion/DocumentIngestionEventRecorderTest.java","14732b541405a62bc6a53b13993bb0a82ac1a891","5294dcc694cc4fb2b722f35d0bfe804d5c1e9ee8cb98c20c7c79a108b5a1f4c6","4312","97","82","TEST_JAVA","com.tuoman.ai_task_orchestrator.document.ingestion","test-java/document","","STRUCTURAL_SCAN_ONLY","","DROP","","HUMAN_REVIEW_REQUIRED","STRUCTURAL_METADATA_ONLY","","","",""
"src/test/java/com/tuoman/ai_task_orchestrator/document/ingestion/IngestionAnalyticsDisplayTextsTest.java","d79e146e904b941bfba2cd6496a3e84a56f084a1","2fb9ca5e5180c70f9d95a82d565ee865620903158ad263658e691a96ea599386","931","19","15","TEST_JAVA","com.tuoman.ai_task_orchestrator.document.ingestion","test-java/document","","STRUCTURAL_SCAN_ONLY","","DROP","","HUMAN_REVIEW_REQUIRED","STRUCTURAL_METADATA_ONLY","","","",""
"src/test/java/com/tuoman/ai_task_orchestrator/document/ingestion/IngestionAnalyticsWindowTest.java","2c0a206483b247dfc9275f224d1774beeefa2e52","d8214bd7bda3b0a832086bc26a78dc09911ac6cc313bc7c497c11098de4f2e8b","1213","27","22","TEST_JAVA","com.tuoman.ai_task_orchestrator.document.ingestion","test-java/document","","STRUCTURAL_SCAN_ONLY","","DROP","","HUMAN_REVIEW_REQUIRED","STRUCTURAL_METADATA_ONLY","","","",""
"src/test/java/com/tuoman/ai_task_orchestrator/document/ingestion/IngestionDisplayTextsTest.java","910886c919402c6c70df1a71093e60ed085b8b20","cb070db132a8f8e250d2a72847b4a942c734ea3d3c52b120c047f687c486e958","1074","21","16","TEST_JAVA","com.tuoman.ai_task_orchestrator.document.ingestion","test-java/document","","STRUCTURAL_SCAN_ONLY","","DROP","","HUMAN_REVIEW_REQUIRED","STRUCTURAL_METADATA_ONLY","","","",""
"src/test/java/com/tuoman/ai_task_orchestrator/document/ingestion/IngestionEventDisplayTextsTest.java","059f8ea1305ad6fd91b3186c4e8036af539402e0","ca82132563df37efe90b60f146d34f02a213209d15fd4565d9ce07475ad8e281","820","19","15","TEST_JAVA","com.tuoman.ai_task_orchestrator.document.ingestion","test-java/document","","STRUCTURAL_SCAN_ONLY","","DROP","","HUMAN_REVIEW_REQUIRED","STRUCTURAL_METADATA_ONLY","","","",""
"src/test/java/com/tuoman/ai_task_orchestrator/document/lifecycle/DocumentLifecycleDisplayTextsTest.java","f52e15dc456efaf11e5c78aa32de666ac0eb47aa","f1f2ee2f4421c8f86a0a9f1647b1f115851ccf787ef8d05d6e4000281d91f1b0","957","28","22","TEST_JAVA","com.tuoman.ai_task_orchestrator.document.lifecycle","test-java/document","","STRUCTURAL_SCAN_ONLY","","DROP","","HUMAN_REVIEW_REQUIRED","STRUCTURAL_METADATA_ONLY","","","",""
"src/test/java/com/tuoman/ai_task_orchestrator/documentation/KnowledgeHealthUiDocumentationTest.java","ee4d5d23b806d9acec76f0e70ea856ad6d52ad36","9c1f6359e8af58bc260cbe6b56b60fb6f375dd53519e59b19fc498ea382118ad","2150","50","42","TEST_JAVA","com.tuoman.ai_task_orchestrator.documentation","test-java/documentation","","STRUCTURAL_SCAN_ONLY","","DROP","","HUMAN_REVIEW_REQUIRED","STRUCTURAL_METADATA_ONLY","","","",""
"src/test/java/com/tuoman/ai_task_orchestrator/documentation/QueryUnderstandingUiDocumentationTest.java","34fe0819e302ff445feee6192d949f9cad007e9a","a871c903fb2e5ded1e24f499ad45bac59a153a5dd6434f812c1e7f2ef8b9e087","1025","29","21","TEST_JAVA","com.tuoman.ai_task_orchestrator.documentation","test-java/documentation","","STRUCTURAL_SCAN_ONLY","","DROP","","HUMAN_REVIEW_REQUIRED","STRUCTURAL_METADATA_ONLY","","","",""
"src/test/java/com/tuoman/ai_task_orchestrator/documentation/RagDemoDocumentationTest.java","415e8175085862684f6ec1171a8a3ee98a3cb3b8","58595e51463b98ab2f750afe9b0096d4aa4bf1aaea410312d1b0e8996713bee8","2844","69","55","TEST_JAVA","com.tuoman.ai_task_orchestrator.documentation","test-java/documentation","","STRUCTURAL_SCAN_ONLY","","DROP","","HUMAN_REVIEW_REQUIRED","STRUCTURAL_METADATA_ONLY","","","",""
"src/test/java/com/tuoman/ai_task_orchestrator/documentation/RetrievalSettingsUiDocumentationTest.java","ec10c1f735e4d2ddde4e08f7596e57718ee86c43","fefc6339aa66029255a24909b2a621f9cc57e9bfdac0663a29a27889b6893dbf","1304","33","27","TEST_JAVA","com.tuoman.ai_task_orchestrator.documentation","test-java/documentation","","STRUCTURAL_SCAN_ONLY","","DROP","","HUMAN_REVIEW_REQUIRED","STRUCTURAL_METADATA_ONLY","","","",""
"src/test/java/com/tuoman/ai_task_orchestrator/documentation/VectorIndexHealthUiDocumentationTest.java","c38670f5fd01264d512d72ff6fd81b89db7a4898","f885725b90848d6b31311af9f8a8e967dbeebbdf6444130782204920b56a3fae","2001","47","39","TEST_JAVA","com.tuoman.ai_task_orchestrator.documentation","test-java/documentation","","STRUCTURAL_SCAN_ONLY","","DROP","","HUMAN_REVIEW_REQUIRED","STRUCTURAL_METADATA_ONLY","","","",""
"src/test/java/com/tuoman/ai_task_orchestrator/embedding/ChunkHashServiceTest.java","689d03eadb1d8bb37446413f9519feacd6e94207","45cb2e3bc3d6130ed295fd21941edacba7ab7c7cf4bea8e72950a086a2ee86fd","1987","62","48","TEST_JAVA","com.tuoman.ai_task_orchestrator.embedding","test-java/embedding","","STRUCTURAL_SCAN_ONLY","","DROP","","HUMAN_REVIEW_REQUIRED","STRUCTURAL_METADATA_ONLY","","","",""
"src/test/java/com/tuoman/ai_task_orchestrator/embedding/EmbeddingCacheMetricsServiceIntegrationTest.java","678d48627c341f0e70f4c4a906233ca249a0079a","08c15cd00a95f498dbdf2bc8750d6d0b2336d09f4b9bf8a9eddeacf6bc950853","5425","135","111","TEST_JAVA","com.tuoman.ai_task_orchestrator.embedding","test-java/embedding","","STRUCTURAL_SCAN_ONLY","","DROP","","HUMAN_REVIEW_REQUIRED","STRUCTURAL_METADATA_ONLY","","","",""
"src/test/java/com/tuoman/ai_task_orchestrator/embedding/EmbeddingCacheMetricsServiceTest.java","3a5ff84e6c2eac0d006937e4adb5778c3ec69699","ff76b130f444b040ec7f94929b7657a222e7e683e0c8cc0e4612925c5598ccd4","1852","52","42","TEST_JAVA","com.tuoman.ai_task_orchestrator.embedding","test-java/embedding","","STRUCTURAL_SCAN_ONLY","","DROP","","HUMAN_REVIEW_REQUIRED","STRUCTURAL_METADATA_ONLY","","","",""
"src/test/java/com/tuoman/ai_task_orchestrator/embedding/EmbeddingCacheServiceIntegrationTest.java","3460fdeaf363f79b034b022c9eacdbeb77fc9c38","39dac83eeccea2c046e86a2847269c40ef94e7ec9edc6dacd9adb52ebf6b8c15","8598","262","221","TEST_JAVA","com.tuoman.ai_task_orchestrator.embedding","test-java/embedding","","STRUCTURAL_SCAN_ONLY","","DROP","","HUMAN_REVIEW_REQUIRED","STRUCTURAL_METADATA_ONLY","","","",""
"src/test/java/com/tuoman/ai_task_orchestrator/embedding/EmbeddingCacheServiceMetricsIntegrationTest.java","4b99acc40a173a7f0c7c080d643370e8c045a50b","09012113c2937a2e4b6cdf09b2d5c5b1bafecafb43d2b0dba60d3824a57ef68e","3445","108","91","TEST_JAVA","com.tuoman.ai_task_orchestrator.embedding","test-java/embedding","","STRUCTURAL_SCAN_ONLY","","DROP","","HUMAN_REVIEW_REQUIRED","STRUCTURAL_METADATA_ONLY","","","",""
"src/test/java/com/tuoman/ai_task_orchestrator/embedding/EmbeddingCacheServiceTest.java","3e4e3b640ec7a16ddebe0763e2cb5da70dfbec20","0f99f46f0320c3935c79817a4257b8cc49da264104c2dd970bcb063e65037b34","10258","222","184","TEST_JAVA","com.tuoman.ai_task_orchestrator.embedding","test-java/embedding","","STRUCTURAL_SCAN_ONLY","","DROP","","HUMAN_REVIEW_REQUIRED","STRUCTURAL_METADATA_ONLY","","","",""
"src/test/java/com/tuoman/ai_task_orchestrator/embedding/EmbeddingProviderConfigurationTest.java","b54b191dadad080351ba35232c7c36a224cdaba6","906beb6ee98bdd6eae6113f36ca2dcd41c318231b1a30f2a3d6805feb281373c","4096","90","74","TEST_JAVA","com.tuoman.ai_task_orchestrator.embedding","test-java/embedding","","STRUCTURAL_SCAN_ONLY","","DROP","","HUMAN_REVIEW_REQUIRED","STRUCTURAL_METADATA_ONLY","","","",""
"src/test/java/com/tuoman/ai_task_orchestrator/embedding/EmbeddingVectorUtilsTest.java","65e42f0f6210b45d457f7dca71c06484004d737b","093d9adacd1dbbe1b08f75a43d3524cba9507bf580a8a37ede141bcf3ac9d6c7","1984","63","48","TEST_JAVA","com.tuoman.ai_task_orchestrator.embedding","test-java/embedding","","STRUCTURAL_SCAN_ONLY","","DROP","","HUMAN_REVIEW_REQUIRED","STRUCTURAL_METADATA_ONLY","","","",""
"src/test/java/com/tuoman/ai_task_orchestrator/embedding/LocalEmbeddingWorkerProviderTest.java","e86ec3f0f0c130976a700d70f8c5cdf2ca6c358b","9dd7a3efcc8ca5bb2a4dcb55086eac4ed3f6ce7bf3a10c38da46295cccfdb079","11012","274","226","TEST_JAVA","com.tuoman.ai_task_orchestrator.embedding","test-java/embedding","","STRUCTURAL_SCAN_ONLY","","DROP","","HUMAN_REVIEW_REQUIRED","STRUCTURAL_METADATA_ONLY","","","",""
"src/test/java/com/tuoman/ai_task_orchestrator/embedding/MockEmbeddingClientTest.java","f3ee376ca6e740a50be0d693553ce519aae14bf9","15f322e59b37ffa853ef62ea731f34c47a010018102b98175f3e0eed493a8f16","3084","86","64","TEST_JAVA","com.tuoman.ai_task_orchestrator.embedding","test-java/embedding","","STRUCTURAL_SCAN_ONLY","","DROP","","HUMAN_REVIEW_REQUIRED","STRUCTURAL_METADATA_ONLY","","","",""
"src/test/java/com/tuoman/ai_task_orchestrator/embedding/OpenAiCompatibleEmbeddingProviderTest.java","d3700a8250a4406e8737f6497c212cded65dd231","ada3396b6b0dab1048fc99c0425ff03b0255269d489b170a50b44c8026eab90d","7883","201","166","TEST_JAVA","com.tuoman.ai_task_orchestrator.embedding","test-java/embedding","","STRUCTURAL_SCAN_ONLY","","DROP","","HUMAN_REVIEW_REQUIRED","STRUCTURAL_METADATA_ONLY","","","",""
"src/test/java/com/tuoman/ai_task_orchestrator/evaluation/BenchmarkEvidenceMapperTest.java","b5f776e77a92e693a84cebe22fc8fd1dccb8f600","9284304af7b7cf36f1c71bac8721efd58b58acd58d064614fb845b078a6d34f9","1773","54","42","TEST_JAVA","com.tuoman.ai_task_orchestrator.evaluation","test-java/evaluation","","STRUCTURAL_SCAN_ONLY","","DROP","","HUMAN_REVIEW_REQUIRED","STRUCTURAL_METADATA_ONLY","","","",""
"src/test/java/com/tuoman/ai_task_orchestrator/evaluation/BenchmarkRunnerEvidenceMapperTest.java","fe8d890fa2754d1174c71d5b8c287bed14f2237e","634b044cd8819555d2e9cfcc2e8da29c133ba0c4e676bea4a608439ff6da6e52","9997","237","200","TEST_JAVA","com.tuoman.ai_task_orchestrator.evaluation","test-java/evaluation","","STRUCTURAL_SCAN_ONLY","","DROP","","HUMAN_REVIEW_REQUIRED","STRUCTURAL_METADATA_ONLY","","","",""
"src/test/java/com/tuoman/ai_task_orchestrator/evaluation/ChunkingStrategyComparisonTest.java","b41701ba3c4234b6c004c628b634d8930d2b092b","f3492972d0abee62abf23f73782b7b0292d0f84b59a0f70c7f1d398d24e64f8a","15350","400","351","TEST_JAVA","com.tuoman.ai_task_orchestrator.evaluation","test-java/evaluation","","STRUCTURAL_SCAN_ONLY","","DROP","","HUMAN_REVIEW_REQUIRED","STRUCTURAL_METADATA_ONLY","","","",""
"src/test/java/com/tuoman/ai_task_orchestrator/evaluation/EmbeddingProviderBenchmarkComparisonTest.java","acc272209500ce4465e671558dba46d81331a09c","24a9ba6c18c510840d789cb6b097ab4700cd5728bd976549d0711d9cc4606b3f","20050","481","412","TEST_JAVA","com.tuoman.ai_task_orchestrator.evaluation","test-java/evaluation","","STRUCTURAL_SCAN_ONLY","","DROP","","HUMAN_REVIEW_REQUIRED","STRUCTURAL_METADATA_ONLY","","","",""
"src/test/java/com/tuoman/ai_task_orchestrator/evaluation/QdrantVectorStoreManualBenchmarkTest.java","ca2279888feced166ab4bb5546baf18c038cc360","745182bc899d9a27c6e57429f763ed358b4385be0e7f1b2c172aec62945feeef","9420","198","166","TEST_JAVA","com.tuoman.ai_task_orchestrator.evaluation","test-java/evaluation","","STRUCTURAL_SCAN_ONLY","","DROP","","HUMAN_REVIEW_REQUIRED","STRUCTURAL_METADATA_ONLY","","","",""
"src/test/java/com/tuoman/ai_task_orchestrator/evaluation/RetrievalBenchmarkSeedTest.java","8ca5b298a6c9b2acad6bbce55b961ef004f23b94","7fcfba3ab789fed377e003a35845737be53b3ca25999a0897015cba3a85ee149","4632","120","99","TEST_JAVA","com.tuoman.ai_task_orchestrator.evaluation","test-java/evaluation","","STRUCTURAL_SCAN_ONLY","","DROP","","HUMAN_REVIEW_REQUIRED","STRUCTURAL_METADATA_ONLY","","","",""
"src/test/java/com/tuoman/ai_task_orchestrator/evaluation/ReversedRankingInMemoryVectorStore.java","a5720426ec828d6625cf4092262a48a35abaa521","1bfd3f480d17be9d707fa31bafb7e6296a4335667104b5ed03ccb2ad87001cd8","6950","175","154","TEST_JAVA","com.tuoman.ai_task_orchestrator.evaluation","test-java/evaluation","","STRUCTURAL_SCAN_ONLY","","DROP","","HUMAN_REVIEW_REQUIRED","STRUCTURAL_METADATA_ONLY","","","",""
"src/test/java/com/tuoman/ai_task_orchestrator/evaluation/VectorStoreBenchmarkComparisonTest.java","1b9ab95d39afd02c9aad8012f6768b5f669ce259","ff02326fe2f64429d37901016b02955b1e593d72c453e8ccfdc67e2b3be2de87","8820","177","152","TEST_JAVA","com.tuoman.ai_task_orchestrator.evaluation","test-java/evaluation","","STRUCTURAL_SCAN_ONLY","","DROP","","HUMAN_REVIEW_REQUIRED","STRUCTURAL_METADATA_ONLY","","","",""
"src/test/java/com/tuoman/ai_task_orchestrator/evaluation/VectorStoreBenchmarkReportWriterTest.java","4b3333debbddbe9f079505086e30d8a2e3e572f2","81d93f6653fc8a29e1e67f9dd5d979ffb9df1366715a7f662076f718689f0ab6","4733","109","95","TEST_JAVA","com.tuoman.ai_task_orchestrator.evaluation","test-java/evaluation","","STRUCTURAL_SCAN_ONLY","","DROP","","HUMAN_REVIEW_REQUIRED","STRUCTURAL_METADATA_ONLY","","","",""
"src/test/java/com/tuoman/ai_task_orchestrator/evaluation/rag/RagRetrievalEvaluationDatasetLoaderTest.java","e8c0f90ec91d67a5dd8c7246d795922621c6f903","d4b05293c723f4fd28b6b564abd7d08657a5972cb92aab04ab31b14e95e96d7b","2268","70","59","TEST_JAVA","com.tuoman.ai_task_orchestrator.evaluation.rag","test-java/evaluation","","STRUCTURAL_SCAN_ONLY","","DROP","","HUMAN_REVIEW_REQUIRED","STRUCTURAL_METADATA_ONLY","","","",""
"src/test/java/com/tuoman/ai_task_orchestrator/evaluation/rag/RagRetrievalEvaluationExecutorTest.java","e25dd12865b667a65e8a41800cc8d86691a94c50","2ae959210dee38b8ba1bef59dc37fab0dad9bcf5b73e10bbd83f42ddf3dd0e4d","9719","231","205","TEST_JAVA","com.tuoman.ai_task_orchestrator.evaluation.rag","test-java/evaluation","","STRUCTURAL_SCAN_ONLY","","DROP","","HUMAN_REVIEW_REQUIRED","STRUCTURAL_METADATA_ONLY","","","",""
"src/test/java/com/tuoman/ai_task_orchestrator/evaluation/rag/RagRetrievalEvaluationReportWriterTest.java","8b57917dc1b58f341faf14e50d0e081b41d870e5","2118d252de1e1088ef2268002387cc91a19ac3459e0ae7f6438f81185e48d5ba","5958","141","126","TEST_JAVA","com.tuoman.ai_task_orchestrator.evaluation.rag","test-java/evaluation","","STRUCTURAL_SCAN_ONLY","","DROP","","HUMAN_REVIEW_REQUIRED","STRUCTURAL_METADATA_ONLY","","","",""
"src/test/java/com/tuoman/ai_task_orchestrator/evaluation/rag/RagRetrievalEvaluationRunnerDisabledTest.java","328c3d0c0cb07b3c01941b961e8bd5f03c3a44d5","b49e89859510034e3ee7fd941f6a8b46a37254509ec02680ad16ae6622b89426","1121","30","22","TEST_JAVA","com.tuoman.ai_task_orchestrator.evaluation.rag","test-java/evaluation","","STRUCTURAL_SCAN_ONLY","","DROP","","HUMAN_REVIEW_REQUIRED","STRUCTURAL_METADATA_ONLY","","","",""
"src/test/java/com/tuoman/ai_task_orchestrator/evaluation/rag/RagRetrievalMetricsCalculatorTest.java","0ae06044c4cfe59da8b50dea8cac344752e2e1b0","86f291368a5a2f0f3214cf2abb88151d71e777e49bcfeea13838f439b10d20ae","2812","71","56","TEST_JAVA","com.tuoman.ai_task_orchestrator.evaluation.rag","test-java/evaluation","","STRUCTURAL_SCAN_ONLY","","DROP","","HUMAN_REVIEW_REQUIRED","STRUCTURAL_METADATA_ONLY","","","",""
"src/test/java/com/tuoman/ai_task_orchestrator/grounding/AnswerGroundingScoreTest.java","65ad61589bb04baf1d5fe9ecbad41e20e8165f04","f7e6f5e2cf091fd5fec4108c5c3c94300b3ee1b63076bf48ea155fb370c8a03f","1416","31","24","TEST_JAVA","com.tuoman.ai_task_orchestrator.grounding","test-java/grounding","","STRUCTURAL_SCAN_ONLY","","DROP","","HUMAN_REVIEW_REQUIRED","STRUCTURAL_METADATA_ONLY","","","",""
"src/test/java/com/tuoman/ai_task_orchestrator/grounding/CitationModelTest.java","ee831a139599393d64d64f3ebc4b4d34d62cf870","decd4016d91b7a432d2a82faac86639242b9ddf1b37ff2635896fabf01201455","1688","42","36","TEST_JAVA","com.tuoman.ai_task_orchestrator.grounding","test-java/grounding","","STRUCTURAL_SCAN_ONLY","","DROP","","HUMAN_REVIEW_REQUIRED","STRUCTURAL_METADATA_ONLY","","","",""
"src/test/java/com/tuoman/ai_task_orchestrator/grounding/CitationVerificationServiceTest.java","62fced3da8c9dd783d8622beb33892619fef8f49","4564e69e53f871748e389381dd7c9bd52f4274a6825720915366c661f322ab19","3594","88","75","TEST_JAVA","com.tuoman.ai_task_orchestrator.grounding","test-java/grounding","","STRUCTURAL_SCAN_ONLY","","DROP","","HUMAN_REVIEW_REQUIRED","STRUCTURAL_METADATA_ONLY","","","",""
"src/test/java/com/tuoman/ai_task_orchestrator/grounding/GroundedAnswerPromptBuilderTest.java","a76fcfb19f2a189dedc993ec900204e01adcdb5d","5d06eeaf0638325a52769055d5c3182c1bf2648d9c2576423fc9d088aff06c44","2384","65","55","TEST_JAVA","com.tuoman.ai_task_orchestrator.grounding","test-java/grounding","","STRUCTURAL_SCAN_ONLY","","DROP","","HUMAN_REVIEW_REQUIRED","STRUCTURAL_METADATA_ONLY","","","",""
"src/test/java/com/tuoman/ai_task_orchestrator/grounding/GroundedContextAssemblerTest.java","d876ccb8513f667a1e10d22b942316d1174b0e51","f4d82e31ee4b4e393b7ecde08572b6560c24b4fe11278162ddf609c75db302db","3155","74","64","TEST_JAVA","com.tuoman.ai_task_orchestrator.grounding","test-java/grounding","","STRUCTURAL_SCAN_ONLY","","DROP","","HUMAN_REVIEW_REQUIRED","STRUCTURAL_METADATA_ONLY","","","",""
"src/test/java/com/tuoman/ai_task_orchestrator/grounding/RefusalPolicyServiceTest.java","bdc20bc1b9bee628bbd48d316493cf5a9be4e7d1","bdcf25e028b60eaab80b8e361f1edc31e8910aacef89455ba2e2baf1c12e5fe0","2238","56","44","TEST_JAVA","com.tuoman.ai_task_orchestrator.grounding","test-java/grounding","","STRUCTURAL_SCAN_ONLY","","DROP","","HUMAN_REVIEW_REQUIRED","STRUCTURAL_METADATA_ONLY","","","",""
"src/test/java/com/tuoman/ai_task_orchestrator/grounding/UnsupportedClaimDetectorTest.java","f6727406a492c6c83c71c23a8781bf43eee6bbd7","dc0c287575b5ddbb312561f32a598a8abc8421ad5540178512c76103d4032fba","1822","49","37","TEST_JAVA","com.tuoman.ai_task_orchestrator.grounding","test-java/grounding","","STRUCTURAL_SCAN_ONLY","","DROP","","HUMAN_REVIEW_REQUIRED","STRUCTURAL_METADATA_ONLY","","","",""
"src/test/java/com/tuoman/ai_task_orchestrator/hybrid/LexicalTokenUtilsTest.java","6fed44c768cee3f0121bb9c922130ea7e8c52d81","85ee5e2902f8a40ea40fdda9d963e26fc77a3e00aeb684571ba58fb43095072b","684","22","15","TEST_JAVA","com.tuoman.ai_task_orchestrator.hybrid","test-java/hybrid","","STRUCTURAL_SCAN_ONLY","","DROP","","HUMAN_REVIEW_REQUIRED","STRUCTURAL_METADATA_ONLY","","","",""
"src/test/java/com/tuoman/ai_task_orchestrator/hybrid/RrfFusionRankerTest.java","6f351ce196fdcaaddfab9ad156cd801c322a2e7f","c2ac1485cebe513e0ae754011c30b1c53fd02bcd8f3d340bcd84e69d0864f4b4","2070","51","42","TEST_JAVA","com.tuoman.ai_task_orchestrator.hybrid","test-java/hybrid","","STRUCTURAL_SCAN_ONLY","","DROP","","HUMAN_REVIEW_REQUIRED","STRUCTURAL_METADATA_ONLY","","","",""
"src/test/java/com/tuoman/ai_task_orchestrator/hybrid/SimpleLexicalRetrieverTest.java","5fdebf85ac677f0011a752e1b28f718b3d4a248e","ddc609ee876359d6e1cc84b15c82d51f71229cf0da1075f6c178239c4dd22e10","3963","97","78","TEST_JAVA","com.tuoman.ai_task_orchestrator.hybrid","test-java/hybrid","","STRUCTURAL_SCAN_ONLY","","DROP","","HUMAN_REVIEW_REQUIRED","STRUCTURAL_METADATA_ONLY","","","",""
"src/test/java/com/tuoman/ai_task_orchestrator/kbhealth/KnowledgeBaseDiagnosisServiceTest.java","cf936cad5140716b4732ae2595a707bd2781a7b7","6178fb1bbe3f027d2a2246dce28891a21ee2a442ace07cfaee0c2ec621beae7f","2424","55","47","TEST_JAVA","com.tuoman.ai_task_orchestrator.kbhealth","test-java/kbhealth","","STRUCTURAL_SCAN_ONLY","","DROP","","HUMAN_REVIEW_REQUIRED","STRUCTURAL_METADATA_ONLY","","","",""
"src/test/java/com/tuoman/ai_task_orchestrator/kbhealth/RagHealthGenerationMetricsCalculatorTest.java","dcfd24c3ce8bb24286a19aae1a21e5cb9b09b394","00ae4c99b1db49bf7c4edb2cc40f8fc23e1ab3b3e8efc4859a16eda56643a096","3218","85","66","TEST_JAVA","com.tuoman.ai_task_orchestrator.kbhealth","test-java/kbhealth","","STRUCTURAL_SCAN_ONLY","","DROP","","HUMAN_REVIEW_REQUIRED","STRUCTURAL_METADATA_ONLY","","","",""
"src/test/java/com/tuoman/ai_task_orchestrator/kbhealth/RagHealthQualityScoreProfileTest.java","f333ff54a273d212240bf6c1d06e4fcfcf1b6b7b","1f92d5783cb8c6d1ad699f681b97b19688785885911c85f39bb360d1b0d4a298","4122","85","73","TEST_JAVA","com.tuoman.ai_task_orchestrator.kbhealth","test-java/kbhealth","","STRUCTURAL_SCAN_ONLY","","DROP","","HUMAN_REVIEW_REQUIRED","STRUCTURAL_METADATA_ONLY","","","",""
"src/test/java/com/tuoman/ai_task_orchestrator/kbhealth/RagHealthRetrievalMetricsCalculatorTest.java","cbcb9efc8f6b9fc6cab0ed77591190e6a221e8bb","442a3250a66e7c8e9b5f1c95c8f607ce03dc2349082f293682a37effdbfe96ed","3486","77","59","TEST_JAVA","com.tuoman.ai_task_orchestrator.kbhealth","test-java/kbhealth","","STRUCTURAL_SCAN_ONLY","","DROP","","HUMAN_REVIEW_REQUIRED","STRUCTURAL_METADATA_ONLY","","","",""
"src/test/java/com/tuoman/ai_task_orchestrator/kbhealth/RagQualityVetoRuleServiceTest.java","126b08922b397547d7e72825f9ad3aba78fcde70","0c1e21d0b72583cf17967ab0ee1d6390651ceade532ac5c36cd1c382783a4733","1483","42","32","TEST_JAVA","com.tuoman.ai_task_orchestrator.kbhealth","test-java/kbhealth","","STRUCTURAL_SCAN_ONLY","","DROP","","HUMAN_REVIEW_REQUIRED","STRUCTURAL_METADATA_ONLY","","","",""
"src/test/java/com/tuoman/ai_task_orchestrator/kbhealth/RetrievalStrategyRunnerTest.java","e137eb6d655308f0a2455ebc726c193ce8631872","a5356ecc180359c61d8312cd74abda3bff7c11d7f1220c45a47a6c16f81c6277","5854","129","108","TEST_JAVA","com.tuoman.ai_task_orchestrator.kbhealth","test-java/kbhealth","","STRUCTURAL_SCAN_ONLY","","DROP","","HUMAN_REVIEW_REQUIRED","STRUCTURAL_METADATA_ONLY","","","",""
"src/test/java/com/tuoman/ai_task_orchestrator/kbhealth/V14RegressionIntegrationTest.java","465847a994047269f38f4b12c4e54e2753338c7a","17c06de04a7a14cf982712db0dfa862c7f53e860b3a91aea1485514891c8015c","905","25","19","TEST_JAVA","com.tuoman.ai_task_orchestrator.kbhealth","test-java/kbhealth","","STRUCTURAL_SCAN_ONLY","","DROP","","HUMAN_REVIEW_REQUIRED","STRUCTURAL_METADATA_ONLY","","","",""
"src/test/java/com/tuoman/ai_task_orchestrator/lifecycle/FrontendProductizationRegressionTest.java","d7807d0e4b7e0aa8d543c7b0a4bca0fb6ec923c2","007a6f5f42f5938c27fc9694bf65153ea3a9f00aebf89c30436949c3277efc82","6124","136","122","TEST_JAVA","com.tuoman.ai_task_orchestrator.lifecycle","test-java/lifecycle","","STRUCTURAL_SCAN_ONLY","","DROP","","HUMAN_REVIEW_REQUIRED","STRUCTURAL_METADATA_ONLY","","","",""
"src/test/java/com/tuoman/ai_task_orchestrator/lifecycle/KnowledgeBaseAgentTaskRegressionTest.java","769493acfa44a917103bc4238febceb86ce558fb","c308866d248c76d4a951c3b0ff9ba3c05d31c6689cc5d0b56473dbb194208faf","5044","123","107","TEST_JAVA","com.tuoman.ai_task_orchestrator.lifecycle","test-java/lifecycle","","STRUCTURAL_SCAN_ONLY","","DROP","","HUMAN_REVIEW_REQUIRED","STRUCTURAL_METADATA_ONLY","","","",""
"src/test/java/com/tuoman/ai_task_orchestrator/lifecycle/KnowledgeBaseLifecycleRegressionTest.java","bc965451184cc046c86ea7f9d5313a2ff61dc12d","510b932c1dbfc42231df2028035dadad6c8c1aeccf0594341a93743dc4abd454","4809","109","96","TEST_JAVA","com.tuoman.ai_task_orchestrator.lifecycle","test-java/lifecycle","","STRUCTURAL_SCAN_ONLY","","DROP","","HUMAN_REVIEW_REQUIRED","STRUCTURAL_METADATA_ONLY","","","",""
"src/test/java/com/tuoman/ai_task_orchestrator/lifecycle/KnowledgeBaseScopedRetrievalRegressionTest.java","6d2653a7d507b5b17a621d72166718d3d62b9c43","98634ea8d8820c26cbbf50daa6472e5c5c0da2ccd827ca6d4254f22ea0c29f71","4285","106","91","TEST_JAVA","com.tuoman.ai_task_orchestrator.lifecycle","test-java/lifecycle","","STRUCTURAL_SCAN_ONLY","","DROP","","HUMAN_REVIEW_REQUIRED","STRUCTURAL_METADATA_ONLY","","","",""
"src/test/java/com/tuoman/ai_task_orchestrator/lifecycle/V10ModelProviderRegressionTest.java","3d0eb7a24fd6e51136dbbb25ddb9d662985f2b45","83fde78465b5bc0b0ca99f85965ef6921b678894f7a17ba8d32c552f287de743","2761","66","56","TEST_JAVA","com.tuoman.ai_task_orchestrator.lifecycle","test-java/lifecycle","","STRUCTURAL_SCAN_ONLY","","DROP","","HUMAN_REVIEW_REQUIRED","STRUCTURAL_METADATA_ONLY","","","",""
"src/test/java/com/tuoman/ai_task_orchestrator/lifecycle/V11RagQualityRegressionTest.java","c47e47315973761ded3ce9a8012d962fde8b2389","82c06c8410f174ad5d51a79f388a32b45f842e86d727b652ad091699217bc7d9","2788","67","57","TEST_JAVA","com.tuoman.ai_task_orchestrator.lifecycle","test-java/lifecycle","","STRUCTURAL_SCAN_ONLY","","DROP","","HUMAN_REVIEW_REQUIRED","STRUCTURAL_METADATA_ONLY","","","",""
"src/test/java/com/tuoman/ai_task_orchestrator/lifecycle/V12TrashRegressionTest.java","5a922fc81b7e03da2eb8aa47acc41a15a5203d5d","9b52982f387254e2697b8e99921aa2b0bfe886a6ed5d506781bcdae0d6092577","2926","72","61","TEST_JAVA","com.tuoman.ai_task_orchestrator.lifecycle","test-java/lifecycle","","STRUCTURAL_SCAN_ONLY","","DROP","","HUMAN_REVIEW_REQUIRED","STRUCTURAL_METADATA_ONLY","","","",""
"src/test/java/com/tuoman/ai_task_orchestrator/lifecycle/V13BatchIngestionDocumentationTest.java","886728f14ebb55293fbad6e3adced294d72f9c3b","093eea0b2c7409541b07286552baa68d9a9fe8ebec09e1b51f8c49780a4f320f","2929","73","61","TEST_JAVA","com.tuoman.ai_task_orchestrator.lifecycle","test-java/lifecycle","","STRUCTURAL_SCAN_ONLY","","DROP","","HUMAN_REVIEW_REQUIRED","STRUCTURAL_METADATA_ONLY","","","",""
"src/test/java/com/tuoman/ai_task_orchestrator/lifecycle/V9PersonalWorkspaceRegressionTest.java","13fea04df9a62f0817a8a130fd973052aa88e6d5","f6250c382edc06d9b35fa2c4a958cec1a5566c5b170322bfe5a37b5536de977d","4968","125","106","TEST_JAVA","com.tuoman.ai_task_orchestrator.lifecycle","test-java/lifecycle","","STRUCTURAL_SCAN_ONLY","","DROP","","HUMAN_REVIEW_REQUIRED","STRUCTURAL_METADATA_ONLY","","","",""
"src/test/java/com/tuoman/ai_task_orchestrator/llm/LlmProviderConfigurationDefaultsTest.java","233f9e8dcf106f5e4c429978088484ca7d1a843b","bbefe7edb431b9f525a90cfa70d09c37ca6f9fa0ed15e482455a0ae335b24413","1573","42","32","TEST_JAVA","com.tuoman.ai_task_orchestrator.llm","test-java/llm","","STRUCTURAL_SCAN_ONLY","","DROP","","HUMAN_REVIEW_REQUIRED","STRUCTURAL_METADATA_ONLY","","","",""
"src/test/java/com/tuoman/ai_task_orchestrator/llm/LlmProviderConfigurationTest.java","87b6642e1a5723239d6e9a111d0440fc8771da3e","9a1b8d21d8e57e75595f9b6fdc28648bb51cdf1ccc248f97dd7e0832247b2463","1271","38","31","TEST_JAVA","com.tuoman.ai_task_orchestrator.llm","test-java/llm","","STRUCTURAL_SCAN_ONLY","","DROP","","HUMAN_REVIEW_REQUIRED","STRUCTURAL_METADATA_ONLY","","","",""
"src/test/java/com/tuoman/ai_task_orchestrator/llm/LocalAiProfilePropertiesTest.java","a4a7c90606069a8fa9fb2f4ac29a2915c9ae9186","6d19c768dfc415c802ad6101c85f10adf14e27f57908092123b2ad20f21c6bd2","5357","107","91","TEST_JAVA","com.tuoman.ai_task_orchestrator.llm","test-java/llm","","STRUCTURAL_SCAN_ONLY","","DROP","","HUMAN_REVIEW_REQUIRED","STRUCTURAL_METADATA_ONLY","","","",""
"src/test/java/com/tuoman/ai_task_orchestrator/llm/LocalPythonLlmProviderTest.java","203ea98200d1d61500e347d6cbf18c0d42b7e7c4","7e776dfdf4cf36aa17911297ad349e9ecdc4f6904b8ea380bb2511bd5d0032fd","3302","84","69","TEST_JAVA","com.tuoman.ai_task_orchestrator.llm","test-java/llm","","STRUCTURAL_SCAN_ONLY","","DROP","","HUMAN_REVIEW_REQUIRED","STRUCTURAL_METADATA_ONLY","","","",""
"src/test/java/com/tuoman/ai_task_orchestrator/llm/MockLlmClientTest.java","a9a9418ad44360728b309ac99bb6a3bd544ae244","cdae176ed8d86edce3df9d78a8ecd63bb3e28a8b4919e89ece81290b37abd6bb","1556","51","38","TEST_JAVA","com.tuoman.ai_task_orchestrator.llm","test-java/llm","","STRUCTURAL_SCAN_ONLY","","DROP","","HUMAN_REVIEW_REQUIRED","STRUCTURAL_METADATA_ONLY","","","",""
"src/test/java/com/tuoman/ai_task_orchestrator/llm/MockLlmProviderTest.java","7d25aa3061ec73bb9ee9c0bd345662180e43da45","992effa2eb92760cce94f1f5f02474c01f570439ef84bebaa4b5369ac55ffe1f","961","29","22","TEST_JAVA","com.tuoman.ai_task_orchestrator.llm","test-java/llm","","STRUCTURAL_SCAN_ONLY","","DROP","","HUMAN_REVIEW_REQUIRED","STRUCTURAL_METADATA_ONLY","","","",""
"src/test/java/com/tuoman/ai_task_orchestrator/llm/ModelRouterTest.java","d82a22b5a5ba2dc72b92ee8f75e5d7cae8d32436","cab98f1dd219d1af3195186600212ea6c3a67f76c296a7be7c514221373b9993","853","30","22","TEST_JAVA","com.tuoman.ai_task_orchestrator.llm","test-java/llm","","STRUCTURAL_SCAN_ONLY","","DROP","","HUMAN_REVIEW_REQUIRED","STRUCTURAL_METADATA_ONLY","","","",""
"src/test/java/com/tuoman/ai_task_orchestrator/memory/MemoryContextAssemblerTest.java","bf77bb9842e6fa6f12583163d84c1f7a1045f816","c66e32f06b13341f6813f7e9339f26da4863d625c8e23cf2b4b898a39a1f7a2f","3160","75","65","TEST_JAVA","com.tuoman.ai_task_orchestrator.memory","test-java/memory","","STRUCTURAL_SCAN_ONLY","","DROP","","HUMAN_REVIEW_REQUIRED","STRUCTURAL_METADATA_ONLY","","","",""
"src/test/java/com/tuoman/ai_task_orchestrator/prompt/PromptTemplateRendererTest.java","4a90a4020208ecdcf595dbede9d80075f30657eb","dfdeb76498a09fc05b25bc77e90f45e6d06213998f4c018b253c93c3d1388970","2566","85","66","TEST_JAVA","com.tuoman.ai_task_orchestrator.prompt","test-java/prompt","","STRUCTURAL_SCAN_ONLY","","DROP","","HUMAN_REVIEW_REQUIRED","STRUCTURAL_METADATA_ONLY","","","",""
"src/test/java/com/tuoman/ai_task_orchestrator/queryunderstanding/QueryClarificationGuardTest.java","33c7f01542d0a57a4337cbb98e29188477894a68","13c6478846491e9f801d26ad1e2cd2e4c15fa77df796e4b71ce17c01a5b74592","1619","48","37","TEST_JAVA","com.tuoman.ai_task_orchestrator.queryunderstanding","test-java/queryunderstanding","","STRUCTURAL_SCAN_ONLY","","DROP","","HUMAN_REVIEW_REQUIRED","STRUCTURAL_METADATA_ONLY","","","",""
"src/test/java/com/tuoman/ai_task_orchestrator/queryunderstanding/QueryMetadataExtractorTest.java","a6be94c849ced7ea3d55a88228df19580168e593","8788e11b9c6d1bd1655f91666eeff20d9de51e58c760ec5b88e158cab8a65f28","1442","37","28","TEST_JAVA","com.tuoman.ai_task_orchestrator.queryunderstanding","test-java/queryunderstanding","","STRUCTURAL_SCAN_ONLY","","DROP","","HUMAN_REVIEW_REQUIRED","STRUCTURAL_METADATA_ONLY","","","",""
"src/test/java/com/tuoman/ai_task_orchestrator/queryunderstanding/QueryRewriteServiceTest.java","4080bb2ae38781299396ed2dce08583983ea8a77","bddf0933bbdc0821b92d4b7ba81e6612dbe283ea0d52f1d607396ec3659b5bfe","1272","31","24","TEST_JAVA","com.tuoman.ai_task_orchestrator.queryunderstanding","test-java/queryunderstanding","","STRUCTURAL_SCAN_ONLY","","DROP","","HUMAN_REVIEW_REQUIRED","STRUCTURAL_METADATA_ONLY","","","",""
"src/test/java/com/tuoman/ai_task_orchestrator/queryunderstanding/QueryUnderstandingServiceTest.java","624882a659c19a9a9fedcf0531c8d1b7c81ded50","7d4a2b2fa3afddfd5468ea2f8b6f7f806a13258b5405a0731ed59b60ab988abc","1342","32","25","TEST_JAVA","com.tuoman.ai_task_orchestrator.queryunderstanding","test-java/queryunderstanding","","STRUCTURAL_SCAN_ONLY","","DROP","","HUMAN_REVIEW_REQUIRED","STRUCTURAL_METADATA_ONLY","","","",""
"src/test/java/com/tuoman/ai_task_orchestrator/queryunderstanding/RetrievalRoutingPolicyServiceTest.java","e4c97e7170c6b17067101998efb48eaaa286c19d","179459ad44b45aa80308731153f2e4ed04520760a5f47ca69329ae908aff5349","2255","57","45","TEST_JAVA","com.tuoman.ai_task_orchestrator.queryunderstanding","test-java/queryunderstanding","","STRUCTURAL_SCAN_ONLY","","DROP","","HUMAN_REVIEW_REQUIRED","STRUCTURAL_METADATA_ONLY","","","",""
"src/test/java/com/tuoman/ai_task_orchestrator/queryunderstanding/V14QueryUnderstandingEvaluationTest.java","e58c10aeddf47e04537d0959cc05fdcff5c153e8","ea5f84b91c29c2cb86fa2d6ed253fbd79ff2e9355827dc510f9c15fb91268c30","2483","56","43","TEST_JAVA","com.tuoman.ai_task_orchestrator.queryunderstanding","test-java/queryunderstanding","","STRUCTURAL_SCAN_ONLY","","DROP","","HUMAN_REVIEW_REQUIRED","STRUCTURAL_METADATA_ONLY","","","",""
"src/test/java/com/tuoman/ai_task_orchestrator/rag/quality/RagQualityDiagnosisServiceTest.java","219eaa08004a63a1a860e692e09aac34724c0404","7817479837a9821b9029544ff68627962203a1032efebcb6088f150a6faeee28","6840","188","157","TEST_JAVA","com.tuoman.ai_task_orchestrator.rag.quality","test-java/rag","","STRUCTURAL_SCAN_ONLY","","DROP","","HUMAN_REVIEW_REQUIRED","STRUCTURAL_METADATA_ONLY","","","",""
"src/test/java/com/tuoman/ai_task_orchestrator/rag/quality/RagQualityScoreCalculatorTest.java","5d3a22285330524054a9e5c818928df65a73741d","55447377bc1edb2539ee68c8c7c8332986b7d5b43555172c48b017136416855d","6728","174","154","TEST_JAVA","com.tuoman.ai_task_orchestrator.rag.quality","test-java/rag","","STRUCTURAL_SCAN_ONLY","","DROP","","HUMAN_REVIEW_REQUIRED","STRUCTURAL_METADATA_ONLY","","","",""
"src/test/java/com/tuoman/ai_task_orchestrator/repository/DocumentRepositoryLifecycleQueryTest.java","86292a4cc57d0489963c31a9b8f18172996c98b6","4d5d3d5b0298ea6e65df2c5d5a9f72ac35ce4c9ccc83e71dd6c7e509e2e2ab64","1872","45","36","TEST_JAVA","com.tuoman.ai_task_orchestrator.repository","test-java/repository","","STRUCTURAL_SCAN_ONLY","","DROP","","HUMAN_REVIEW_REQUIRED","STRUCTURAL_METADATA_ONLY","","","",""
"src/test/java/com/tuoman/ai_task_orchestrator/repository/EmbeddingCacheMetricRepositoryTest.java","273585e4cb12ca482995f6c56c07f565539694c7","da27d8cf12946230f3fcc46f3282bf726795b846e31d926dce32f9f1b8ab1617","6256","162","132","TEST_JAVA","com.tuoman.ai_task_orchestrator.repository","test-java/repository","","STRUCTURAL_SCAN_ONLY","","DROP","","HUMAN_REVIEW_REQUIRED","STRUCTURAL_METADATA_ONLY","","","",""
"src/test/java/com/tuoman/ai_task_orchestrator/repository/EmbeddingCacheRepositoryTest.java","9d645d4eeafa1c1479d87add5fb53716eaf3e94f","3a09eb46d8f6d5f51bbc406fac8ae59c44c24b73f15361ab596175531677ccee","6486","137","114","TEST_JAVA","com.tuoman.ai_task_orchestrator.repository","test-java/repository","","STRUCTURAL_SCAN_ONLY","","DROP","","HUMAN_REVIEW_REQUIRED","STRUCTURAL_METADATA_ONLY","","","",""
"src/test/java/com/tuoman/ai_task_orchestrator/repository/TaskOutboxRepositoryTest.java","8468a3b33340b69e998404abc3c7d3793ae843a4","d2a6d376633b361b825a3392f3fb948be022d828de920c2f6065af070d4070ba","9475","243","209","TEST_JAVA","com.tuoman.ai_task_orchestrator.repository","test-java/repository","","STRUCTURAL_SCAN_ONLY","","DROP","","HUMAN_REVIEW_REQUIRED","STRUCTURAL_METADATA_ONLY","","","",""
"src/test/java/com/tuoman/ai_task_orchestrator/repository/TaskRepositoryFinalizationTest.java","e171c4dbf9af0127482576ac6a3e80f3be643956","16de9f9fe937f0a5fe58cd949a35137f4ffdb34aa510a6daaea10cf2190c0dbf","6524","204","166","TEST_JAVA","com.tuoman.ai_task_orchestrator.repository","test-java/repository","","STRUCTURAL_SCAN_ONLY","","DROP","","HUMAN_REVIEW_REQUIRED","STRUCTURAL_METADATA_ONLY","","","",""
"src/test/java/com/tuoman/ai_task_orchestrator/rerank/LexicalOverlapRerankerTest.java","b21ae59ab4ae26d84db509af677c8efe8156310c","2993f64c3e849a5595e09276a331037b997a06ae3ad76dc4474124af520d2711","2248","61","49","TEST_JAVA","com.tuoman.ai_task_orchestrator.rerank","test-java/rerank","","STRUCTURAL_SCAN_ONLY","","DROP","","HUMAN_REVIEW_REQUIRED","STRUCTURAL_METADATA_ONLY","","","",""
"src/test/java/com/tuoman/ai_task_orchestrator/rerank/RagTwoStageRetrievalServiceTest.java","576e63fca72d84e8e82f45cba13f847dcd9ebec2","04f42a1a7634c0bf6efa028e06957fcb8417127a8cdaabe10fa09c687259716d","17864","389","346","TEST_JAVA","com.tuoman.ai_task_orchestrator.rerank","test-java/rerank","","STRUCTURAL_SCAN_ONLY","","DROP","","HUMAN_REVIEW_REQUIRED","STRUCTURAL_METADATA_ONLY","","","",""
"src/test/java/com/tuoman/ai_task_orchestrator/rerank/SimpleHeuristicRerankerTest.java","bdc28aaa2b27ba3f1978436579dee4f8f6eddb66","538c9f0cbd2af1867b74c8c305eef042de265c73be352433ac795c3ba0f31155","1571","45","37","TEST_JAVA","com.tuoman.ai_task_orchestrator.rerank","test-java/rerank","","STRUCTURAL_SCAN_ONLY","","DROP","","HUMAN_REVIEW_REQUIRED","STRUCTURAL_METADATA_ONLY","","","",""
"src/test/java/com/tuoman/ai_task_orchestrator/retrieval/ContextExpansionServiceTest.java","48e27a2a3f4e20eea99dc83432fe7ebf01397400","ad6c34fbb3b91ed53d4caeb1082676ba3d85ddef106c40e74e5cfa56ad191087","3109","76","64","TEST_JAVA","com.tuoman.ai_task_orchestrator.retrieval","test-java/retrieval","","STRUCTURAL_SCAN_ONLY","","DROP","","HUMAN_REVIEW_REQUIRED","STRUCTURAL_METADATA_ONLY","","","",""
"src/test/java/com/tuoman/ai_task_orchestrator/retrieval/HybridRetrievalServiceTest.java","b40886209f39d0fe35665e2b2bf782d25320487d","cc2346fe4d9a153e81cad6318d8df7b46a46b3790279e8a732b7b730f1596204","4705","111","97","TEST_JAVA","com.tuoman.ai_task_orchestrator.retrieval","test-java/retrieval","","STRUCTURAL_SCAN_ONLY","","DROP","","HUMAN_REVIEW_REQUIRED","STRUCTURAL_METADATA_ONLY","","","",""
"src/test/java/com/tuoman/ai_task_orchestrator/retrieval/KeywordRetrieverTest.java","2cca279e9421f55adbc0c43b78f358c97981d61a","8e11a7446305d897e9103acc1b46804dc5fab52aa36f4e02acd051f459aa82ce","2275","57","47","TEST_JAVA","com.tuoman.ai_task_orchestrator.retrieval","test-java/retrieval","","STRUCTURAL_SCAN_ONLY","","DROP","","HUMAN_REVIEW_REQUIRED","STRUCTURAL_METADATA_ONLY","","","",""
"src/test/java/com/tuoman/ai_task_orchestrator/retrieval/RetrievalDiagnosticsTest.java","80a1c58a7fd1634f6d755dab4900c019581af27d","07d708e29da86c6aacc9e8bef8d323940af0bc0da9911655366e2bf89ead9287","1044","31","26","TEST_JAVA","com.tuoman.ai_task_orchestrator.retrieval","test-java/retrieval","","STRUCTURAL_SCAN_ONLY","","DROP","","HUMAN_REVIEW_REQUIRED","STRUCTURAL_METADATA_ONLY","","","",""
"src/test/java/com/tuoman/ai_task_orchestrator/retrieval/RetrievalFilterServiceTest.java","1c727c1833428e7b45ef3f3a3f04c21ad4b13658","14f7286066a111e0a966b0a4618fd71a1049b7d651308c4ccb257fdcd4a1debc","3391","86","72","TEST_JAVA","com.tuoman.ai_task_orchestrator.retrieval","test-java/retrieval","","STRUCTURAL_SCAN_ONLY","","DROP","","HUMAN_REVIEW_REQUIRED","STRUCTURAL_METADATA_ONLY","","","",""
"src/test/java/com/tuoman/ai_task_orchestrator/retrieval/RrfFusionServiceTest.java","c149861c1f1dc213d9aa9f8f1e4563295541d322","b71fbc916242e30cfff37de441a34fdaeac8fc587a09faf158b05077415db1e6","1083","32","25","TEST_JAVA","com.tuoman.ai_task_orchestrator.retrieval","test-java/retrieval","","STRUCTURAL_SCAN_ONLY","","DROP","","HUMAN_REVIEW_REQUIRED","STRUCTURAL_METADATA_ONLY","","","",""
"src/test/java/com/tuoman/ai_task_orchestrator/scheduler/TaskOutboxDispatcherSchedulerTest.java","dd47bace73bc6895e1f880824df29296b07e7505","65eb8c03e6a22aee8b02433d8c555f0b877aeacd707fb4b37c365f5c6bc415e1","3730","95","75","TEST_JAVA","com.tuoman.ai_task_orchestrator.scheduler","test-java/scheduler","","STRUCTURAL_SCAN_ONLY","","DROP","","HUMAN_REVIEW_REQUIRED","STRUCTURAL_METADATA_ONLY","","","",""
"src/test/java/com/tuoman/ai_task_orchestrator/scheduler/TaskRetrySchedulerTest.java","8916d5a837425db99f0ac8bd3dbfd4b0caa5b74e","5c5ce9e2c4f250171f79642d980bd5bcdb771bbed4b5d824e206490e0477ab8b","2599","74","58","TEST_JAVA","com.tuoman.ai_task_orchestrator.scheduler","test-java/scheduler","","STRUCTURAL_SCAN_ONLY","","DROP","","HUMAN_REVIEW_REQUIRED","STRUCTURAL_METADATA_ONLY","","","",""
"src/test/java/com/tuoman/ai_task_orchestrator/security/ApiKeySecretServiceTest.java","f0e1bcf25ffd4822475649801aba309cdc1efa6f","ae9b9ab1522e5c6e267e192e19235cb1424d6f5882d13040470ed83e04e27160","1249","41","32","TEST_JAVA","com.tuoman.ai_task_orchestrator.security","test-java/security","","STRUCTURAL_SCAN_ONLY","","DROP","","HUMAN_REVIEW_REQUIRED","STRUCTURAL_METADATA_ONLY","","","",""
"src/test/java/com/tuoman/ai_task_orchestrator/service/AgentMemoryIsolationTest.java","bad839dd372a5cc2d02300c55ee1cd5565394df0","205f2bfe5eeb59578e93ad4be1238c99143a2fc1e1170420b1c9a83b4b4cb9e1","4864","105","86","TEST_JAVA","com.tuoman.ai_task_orchestrator.service","test-java/service","","STRUCTURAL_SCAN_ONLY","","DROP","","HUMAN_REVIEW_REQUIRED","STRUCTURAL_METADATA_ONLY","","","",""
"src/test/java/com/tuoman/ai_task_orchestrator/service/AgentProfileServiceTest.java","464e6afafe428130e35cf41fb9201605831bee0d","08dc8385ab2e433fe7cb8f050a06cd93502372a359cbfdcc5e6275904b276d7a","788","24","19","TEST_JAVA","com.tuoman.ai_task_orchestrator.service","test-java/service","","STRUCTURAL_SCAN_ONLY","","DROP","","HUMAN_REVIEW_REQUIRED","STRUCTURAL_METADATA_ONLY","","","",""
"src/test/java/com/tuoman/ai_task_orchestrator/service/AgentTaskExecutorTest.java","7d1110960399c3797cab84b2b337a3e01b8f465c","7efa28cb30cfa729c61b0245e83d236f4eb1f15945d8243295d55b82c4db6161","3577","92","75","TEST_JAVA","com.tuoman.ai_task_orchestrator.service","test-java/service","","STRUCTURAL_SCAN_ONLY","","DROP","","HUMAN_REVIEW_REQUIRED","STRUCTURAL_METADATA_ONLY","","","",""
"src/test/java/com/tuoman/ai_task_orchestrator/service/AgentTaskMemoryIntegrationTest.java","64146d2f81e10ae39cfd695123b3195f82726a4d","d8ec69f94027f11af004c905b579b9bbec715e7565d163477b4ba12551b0766d","3829","89","77","TEST_JAVA","com.tuoman.ai_task_orchestrator.service","test-java/service","","STRUCTURAL_SCAN_ONLY","","DROP","","HUMAN_REVIEW_REQUIRED","STRUCTURAL_METADATA_ONLY","","","",""
"src/test/java/com/tuoman/ai_task_orchestrator/service/AgentTaskServiceTest.java","b5edb73bdf5a1a87934957c927209a632f676030","52940d8d642858f8161bb39a0f51a05f084ca457e6064868e84b86e3aa2134b2","4043","99","81","TEST_JAVA","com.tuoman.ai_task_orchestrator.service","test-java/service","","STRUCTURAL_SCAN_ONLY","","DROP","","HUMAN_REVIEW_REQUIRED","STRUCTURAL_METADATA_ONLY","","","",""
"src/test/java/com/tuoman/ai_task_orchestrator/service/AgentTaskStepServiceTest.java","4a41aecba45caf0969df46bf40d4c7b4e0bfdaec","e1e2379dc056806ba456742b3637bd622f59901678990546c2860118cb9dafee","2966","68","55","TEST_JAVA","com.tuoman.ai_task_orchestrator.service","test-java/service","","STRUCTURAL_SCAN_ONLY","","DROP","","HUMAN_REVIEW_REQUIRED","STRUCTURAL_METADATA_ONLY","","","",""
"src/test/java/com/tuoman/ai_task_orchestrator/service/AgentTaskWorkflowServiceTest.java","09d793a7d1d1cf8ca99119dcdcc4b45173ebb87d","4e8eed30dd27a63855960e19f51d0b794ca6852f2b7465006e559179842ec04e","10204","218","189","TEST_JAVA","com.tuoman.ai_task_orchestrator.service","test-java/service","","STRUCTURAL_SCAN_ONLY","","DROP","","HUMAN_REVIEW_REQUIRED","STRUCTURAL_METADATA_ONLY","","","",""
"src/test/java/com/tuoman/ai_task_orchestrator/service/AskMemoryIntegrationTest.java","4aa3758f9dd819d300275b03448b5ada2193e627","6ce1bf1731223f0028a35a10dde636c2c9c4de11d28ea1525174b3d7099a8a29","2138","52","46","TEST_JAVA","com.tuoman.ai_task_orchestrator.service","test-java/service","","STRUCTURAL_SCAN_ONLY","","DROP","","HUMAN_REVIEW_REQUIRED","STRUCTURAL_METADATA_ONLY","","","",""
"src/test/java/com/tuoman/ai_task_orchestrator/service/BatchIngestionIntegrationTest.java","b8d39ead3eaabf78fb6b7ee344d8f76e32d53292","d6a5ccff3737fc3e41cb2a65c76cc02a2c951671dee6dcabb1d5e711c34eff4d","2936","66","54","TEST_JAVA","com.tuoman.ai_task_orchestrator.service","test-java/service","","STRUCTURAL_SCAN_ONLY","","DROP","","HUMAN_REVIEW_REQUIRED","STRUCTURAL_METADATA_ONLY","","","",""
"src/test/java/com/tuoman/ai_task_orchestrator/service/ChunkMetadataServiceTest.java","fb23793a4279887c71f5e767bfbda93e914e8a0b","c15e48e28d36886fbc6b9ebb5a872a37a00d4c299a3763fdbe9a02d5af68db07","2472","59","49","TEST_JAVA","com.tuoman.ai_task_orchestrator.service","test-java/service","","STRUCTURAL_SCAN_ONLY","","DROP","","HUMAN_REVIEW_REQUIRED","STRUCTURAL_METADATA_ONLY","","","",""
"src/test/java/com/tuoman/ai_task_orchestrator/service/CollectionServiceTest.java","763d8c9cd92c1038bf727b71f1badf71c573ddfa","63d4bdbdeaf93d4dc108e7ef82560ca9142dff047833c5b2d831c33b76e51964","9603","207","170","TEST_JAVA","com.tuoman.ai_task_orchestrator.service","test-java/service","","STRUCTURAL_SCAN_ONLY","","DROP","","HUMAN_REVIEW_REQUIRED","STRUCTURAL_METADATA_ONLY","","","",""
"src/test/java/com/tuoman/ai_task_orchestrator/service/DocumentEmbeddingServiceCacheIntegrationTest.java","0c2715fda4b0132476276ae2949cc932beebc56b","298e3a65b7bce7111b5dcf9dc241ad28cc6828e278f4c94efed4924f31e60aae","7442","164","139","TEST_JAVA","com.tuoman.ai_task_orchestrator.service","test-java/service","","STRUCTURAL_SCAN_ONLY","","DROP","","HUMAN_REVIEW_REQUIRED","STRUCTURAL_METADATA_ONLY","","","",""
"src/test/java/com/tuoman/ai_task_orchestrator/service/DocumentEmbeddingServiceProviderTest.java","194f3abff41fab6fe2f11c57eebdfbd036e12c65","4e767c722d955f3da29f7d2ace2f3b21fc785e24d682d8b85005d2c6a98ae10b","3909","89","75","TEST_JAVA","com.tuoman.ai_task_orchestrator.service","test-java/service","","STRUCTURAL_SCAN_ONLY","","DROP","","HUMAN_REVIEW_REQUIRED","STRUCTURAL_METADATA_ONLY","","","",""
"src/test/java/com/tuoman/ai_task_orchestrator/service/DocumentIngestionEventServiceTest.java","9d43476267fc8c9b0da3749dcbd142f44d2f6356","1bf90fdc48b77ec790040c9d18970d0833c9831e1cc145f3b700b86df9031cf5","4114","93","78","TEST_JAVA","com.tuoman.ai_task_orchestrator.service","test-java/service","","STRUCTURAL_SCAN_ONLY","","DROP","","HUMAN_REVIEW_REQUIRED","STRUCTURAL_METADATA_ONLY","","","",""
"src/test/java/com/tuoman/ai_task_orchestrator/service/DocumentIngestionServiceTest.java","e54ee7701e00cbc6482e9da4eba45b254ccf9894","2340a08964ff7404ac4ad4a6efbb6762bfabdebe396b28fdef2d3d346ee2b9b5","5879","125","107","TEST_JAVA","com.tuoman.ai_task_orchestrator.service","test-java/service","","STRUCTURAL_SCAN_ONLY","","DROP","","HUMAN_REVIEW_REQUIRED","STRUCTURAL_METADATA_ONLY","","","",""
"src/test/java/com/tuoman/ai_task_orchestrator/service/DocumentIngestionTaskHandlerTest.java","d87b26a48f6ad72a89723f5baf19723b23d418ca","931ef1bf087f109fe7de0b7b87f001cd5adcf8def1f6e97ae210c297d46a5d42","9634","223","186","TEST_JAVA","com.tuoman.ai_task_orchestrator.service","test-java/service","","STRUCTURAL_SCAN_ONLY","","DROP","","HUMAN_REVIEW_REQUIRED","STRUCTURAL_METADATA_ONLY","","","",""
"src/test/java/com/tuoman/ai_task_orchestrator/service/DocumentIngestionTaskServiceTest.java","5a748532f2edbf07c33b01d995cb46a810317289","4652019db989335c5ab25e5314595fecc252ddc5b8a2ae40207736ef76016f1b","6730","153","128","TEST_JAVA","com.tuoman.ai_task_orchestrator.service","test-java/service","","STRUCTURAL_SCAN_ONLY","","DROP","","HUMAN_REVIEW_REQUIRED","STRUCTURAL_METADATA_ONLY","","","",""
"src/test/java/com/tuoman/ai_task_orchestrator/service/DocumentLifecycleFilterServiceTest.java","ca2dd4e5a30a1b1a0a2f0f38c81158785cdba2c0","84f1c7afce8af7ef6e59f79a66630a9ba76df8eac44bc229a50f740a3e90ec18","3019","95","80","TEST_JAVA","com.tuoman.ai_task_orchestrator.service","test-java/service","","STRUCTURAL_SCAN_ONLY","","DROP","","HUMAN_REVIEW_REQUIRED","STRUCTURAL_METADATA_ONLY","","","",""
"src/test/java/com/tuoman/ai_task_orchestrator/service/DocumentReindexServiceTest.java","d732a0a9a257d57949a27ad15336f049533451b2","2634dfb4f870b91c2fb8f7cef7a50a1808da2f482c7ab5e635f349fb6ecf9904","6602","149","126","TEST_JAVA","com.tuoman.ai_task_orchestrator.service","test-java/service","","STRUCTURAL_SCAN_ONLY","","DROP","","HUMAN_REVIEW_REQUIRED","STRUCTURAL_METADATA_ONLY","","","",""
"src/test/java/com/tuoman/ai_task_orchestrator/service/DocumentServiceSoftDeleteTest.java","f786d6c86f4b63d65105faa58abb3db761c5f4d7","c14a2faf9a839325ab99acc5dbfbd6ebbe32b1aa40ff839f15e061276940ce99","2634","78","61","TEST_JAVA","com.tuoman.ai_task_orchestrator.service","test-java/service","","STRUCTURAL_SCAN_ONLY","","DROP","","HUMAN_REVIEW_REQUIRED","STRUCTURAL_METADATA_ONLY","","","",""
"src/test/java/com/tuoman/ai_task_orchestrator/service/DocumentTrashServiceTest.java","81d6200d5903e622f73673c91c79acbf6c7afc0c","b0cfbeb4783cbb5e34c6c5159e3266d1c14165c6c9ba13e5e0a13fcaf9a7d265","6965","175","141","TEST_JAVA","com.tuoman.ai_task_orchestrator.service","test-java/service","","STRUCTURAL_SCAN_ONLY","","DROP","","HUMAN_REVIEW_REQUIRED","STRUCTURAL_METADATA_ONLY","","","",""
"src/test/java/com/tuoman/ai_task_orchestrator/service/IngestionAnalyticsServiceTest.java","0147fec97d36ced1c9eed0ad450c099bb5d83522","ea671376a0e9c1d8e960a3d1e8686dcd78af0ec17cf147fe4978d7b37a25d4f1","8876","193","165","TEST_JAVA","com.tuoman.ai_task_orchestrator.service","test-java/service","","STRUCTURAL_SCAN_ONLY","","DROP","","HUMAN_REVIEW_REQUIRED","STRUCTURAL_METADATA_ONLY","","","",""
"src/test/java/com/tuoman/ai_task_orchestrator/service/MemoryDiagnosticsServiceTest.java","3e68049401d1295436ef42930038129b37b50d0a","37a90f51e7ddb04a1cbd75b2436415e42c4d50a97ed3a3eacef116df6eb2bba0","2729","66","53","TEST_JAVA","com.tuoman.ai_task_orchestrator.service","test-java/service","","STRUCTURAL_SCAN_ONLY","","DROP","","HUMAN_REVIEW_REQUIRED","STRUCTURAL_METADATA_ONLY","","","",""
"src/test/java/com/tuoman/ai_task_orchestrator/service/MemoryScopeTest.java","2b6bb5fbaa8bec7db2efaa7e496e5175540d3ae7","4d1659bd5955126efc8b86f3e81a43b2d991faad6b5bc0e1699b1c1d8f77bf5c","2211","54","45","TEST_JAVA","com.tuoman.ai_task_orchestrator.service","test-java/service","","STRUCTURAL_SCAN_ONLY","","DROP","","HUMAN_REVIEW_REQUIRED","STRUCTURAL_METADATA_ONLY","","","",""
"src/test/java/com/tuoman/ai_task_orchestrator/service/MemoryServiceTest.java","1276f4835404af8174772e78fd06af1a4475fe17","d2a529f30b3d149e11020db80178849e99bdd4f119c688e53e1bac593e5654a6","7381","179","163","TEST_JAVA","com.tuoman.ai_task_orchestrator.service","test-java/service","","STRUCTURAL_SCAN_ONLY","","DROP","","HUMAN_REVIEW_REQUIRED","STRUCTURAL_METADATA_ONLY","","","",""
"src/test/java/com/tuoman/ai_task_orchestrator/service/MemoryTypeTest.java","476723e23e0f6384f6b4640b7fed3be2cfaa0227","05e2b1d7921cef8fb00bd7c5904b6fbe2072c0a480ba610c4dfeba3df6301b4c","1970","46","39","TEST_JAVA","com.tuoman.ai_task_orchestrator.service","test-java/service","","STRUCTURAL_SCAN_ONLY","","DROP","","HUMAN_REVIEW_REQUIRED","STRUCTURAL_METADATA_ONLY","","","",""
"src/test/java/com/tuoman/ai_task_orchestrator/service/MetricsRecorderTest.java","6147de7922290c0470455c72f53181e320243e24","2288b00faf7dd6355ac0651891489863773f6a877fcf7f9b75c21a38b71c2594","1075","26","19","TEST_JAVA","com.tuoman.ai_task_orchestrator.service","test-java/service","","STRUCTURAL_SCAN_ONLY","","DROP","","HUMAN_REVIEW_REQUIRED","STRUCTURAL_METADATA_ONLY","","","",""
"src/test/java/com/tuoman/ai_task_orchestrator/service/ModelProviderConfigServiceTest.java","88a5f102ccc889942db1434b338dad6cec4bf1d5","ac6159f79202c78ec10cd2515b56e7237554b1085e9609d1dabf80f890498f9f","6286","173","158","TEST_JAVA","com.tuoman.ai_task_orchestrator.service","test-java/service","","STRUCTURAL_SCAN_ONLY","","DROP","","HUMAN_REVIEW_REQUIRED","STRUCTURAL_METADATA_ONLY","","","",""
"src/test/java/com/tuoman/ai_task_orchestrator/service/ModelProviderSelectionServiceTest.java","0624138973333d8ff71492de99918297af22c8db","0f67270560d9c410a168cea0a9b049281a5a3c358057248b1ab61246f5ba43a2","1401","35","28","TEST_JAVA","com.tuoman.ai_task_orchestrator.service","test-java/service","","STRUCTURAL_SCAN_ONLY","","DROP","","HUMAN_REVIEW_REQUIRED","STRUCTURAL_METADATA_ONLY","","","",""
"src/test/java/com/tuoman/ai_task_orchestrator/service/NotificationServiceTest.java","d7d22ca8965d136973d80167503d90f225ff3d72","4e0ab6c98d2645681e3dd47e7ba4b8b490e8f8fa118b48854911ef87110a6a58","3659","87","74","TEST_JAVA","com.tuoman.ai_task_orchestrator.service","test-java/service","","STRUCTURAL_SCAN_ONLY","","DROP","","HUMAN_REVIEW_REQUIRED","STRUCTURAL_METADATA_ONLY","","","",""
"src/test/java/com/tuoman/ai_task_orchestrator/service/RagAllDocumentsAskRetrievalIntegrationTest.java","1226e5e653bc0a130b2237a2a932e2920d2a7500","47f22d35f650b3d8ed5f300c7f4fd332b4c6cd5260ea141e89d6f8a9d77c1675","2807","67","54","TEST_JAVA","com.tuoman.ai_task_orchestrator.service","test-java/service","","STRUCTURAL_SCAN_ONLY","","DROP","","HUMAN_REVIEW_REQUIRED","STRUCTURAL_METADATA_ONLY","","","",""
"src/test/java/com/tuoman/ai_task_orchestrator/service/RagAnswerServiceTest.java","cf43775eace68f5f8bdc7fc7cb79205826b47ab0","1560e3da50f17dd620263f10e128d20333fd7fbed08f6cadc7a8bb6eb0bc35b6","31064","669","597","TEST_JAVA","com.tuoman.ai_task_orchestrator.service","test-java/service","","STRUCTURAL_SCAN_ONLY","","DROP","","HUMAN_REVIEW_REQUIRED","STRUCTURAL_METADATA_ONLY","","","",""
"src/test/java/com/tuoman/ai_task_orchestrator/service/RagPromptBuilderTest.java","10b6d489a55f3cf3a8dcec43f7a97dd4543b36ef","6fd1213a8b07d2936e01f38131e3e96a82f27aa3599bffabd99617acfd36dc1a","2489","68","55","TEST_JAVA","com.tuoman.ai_task_orchestrator.service","test-java/service","","STRUCTURAL_SCAN_ONLY","","DROP","","HUMAN_REVIEW_REQUIRED","STRUCTURAL_METADATA_ONLY","","","",""
"src/test/java/com/tuoman/ai_task_orchestrator/service/ReindexServiceTest.java","984ca3ffe7b1baa8ab9a5746ce128aa2b58ae67f","b3cb63dc672940f25aa7267ddd919ec08e83b493eaaefbe3b65c50d835987ce0","2251","62","50","TEST_JAVA","com.tuoman.ai_task_orchestrator.service","test-java/service","","STRUCTURAL_SCAN_ONLY","","DROP","","HUMAN_REVIEW_REQUIRED","STRUCTURAL_METADATA_ONLY","","","",""
"src/test/java/com/tuoman/ai_task_orchestrator/service/RetrievalEvaluationServiceTest.java","6cd3862f9c34d010855f72e81b1fc9c1bc8170b3","6f8567382c8eecd1f691a6b8445182cfed804778afff44ef9f495030c328de1a","11638","259","222","TEST_JAVA","com.tuoman.ai_task_orchestrator.service","test-java/service","","STRUCTURAL_SCAN_ONLY","","DROP","","HUMAN_REVIEW_REQUIRED","STRUCTURAL_METADATA_ONLY","","","",""
"src/test/java/com/tuoman/ai_task_orchestrator/service/RetrievalFilterRegressionTest.java","a71ca2f2061d5a592d571d309be49678570ae751","834b34f9001ec9ce646a8b3a6fba80e9a2173c67415d6c9b72761f5cef951074","3935","96","78","TEST_JAVA","com.tuoman.ai_task_orchestrator.service","test-java/service","","STRUCTURAL_SCAN_ONLY","","DROP","","HUMAN_REVIEW_REQUIRED","STRUCTURAL_METADATA_ONLY","","","",""
"src/test/java/com/tuoman/ai_task_orchestrator/service/RetrievalMetricsCalculatorTest.java","c48dde00e9553e62216503e64eff96ec5521ed51","ec964fe308442f9922eaca20074b88e2522050d5cc0674e23b3122675ee0a95b","4981","142","118","TEST_JAVA","com.tuoman.ai_task_orchestrator.service","test-java/service","","STRUCTURAL_SCAN_ONLY","","DROP","","HUMAN_REVIEW_REQUIRED","STRUCTURAL_METADATA_ONLY","","","",""
"src/test/java/com/tuoman/ai_task_orchestrator/service/TaskAtomicClaimConcurrencyTest.java","6e7bf77012d06a6878b3aa8587589c4324e640d1","d1c175d374ed17b1218b6f0fad14fec6e3628e2168144bd562407fdfe94889ea","2712","71","59","TEST_JAVA","com.tuoman.ai_task_orchestrator.service","test-java/service","","STRUCTURAL_SCAN_ONLY","","DROP","","HUMAN_REVIEW_REQUIRED","STRUCTURAL_METADATA_ONLY","","","",""
"src/test/java/com/tuoman/ai_task_orchestrator/service/TaskAttemptServiceTest.java","43e33ff525e55f61c0d4240cb44e674e5eec35fd","4a04bdb98e8225ba49eeefbbc8199b4db2d94d65df1029f3ba67b7882dcaac3e","8963","213","182","TEST_JAVA","com.tuoman.ai_task_orchestrator.service","test-java/service","","STRUCTURAL_SCAN_ONLY","","DROP","","HUMAN_REVIEW_REQUIRED","STRUCTURAL_METADATA_ONLY","","","",""
"src/test/java/com/tuoman/ai_task_orchestrator/service/TaskExecutionFinalizationIntegrationTest.java","b1c8e8322e9a8cf76546ee1c697a95ed1764fa16","757ee31ce00da7ac77ade1fe3d24df0d984b86426a544329d096e8c4f8fb2b51","4022","105","87","TEST_JAVA","com.tuoman.ai_task_orchestrator.service","test-java/service","","STRUCTURAL_SCAN_ONLY","","DROP","","HUMAN_REVIEW_REQUIRED","STRUCTURAL_METADATA_ONLY","","","",""
"src/test/java/com/tuoman/ai_task_orchestrator/service/TaskExecutionServiceTest.java","64bfa864ecf44024387f73bc76495f1db855d351","08bfbdb1aba5fdc52a92b578f89fda7d81972809e25852581f568dcc22abeb45","8490","208","177","TEST_JAVA","com.tuoman.ai_task_orchestrator.service","test-java/service","","STRUCTURAL_SCAN_ONLY","","DROP","","HUMAN_REVIEW_REQUIRED","STRUCTURAL_METADATA_ONLY","","","",""
"src/test/java/com/tuoman/ai_task_orchestrator/service/TaskOutboxDispatchServiceTest.java","1157322e1e0ca99568dbcf2e14e7d1f4614e357b","c66dd522b72f2892ae8f1e0f31388ebd2327656b1c29931c67ae83a8996378db","5818","144","119","TEST_JAVA","com.tuoman.ai_task_orchestrator.service","test-java/service","","STRUCTURAL_SCAN_ONLY","","DROP","","HUMAN_REVIEW_REQUIRED","STRUCTURAL_METADATA_ONLY","","","",""
"src/test/java/com/tuoman/ai_task_orchestrator/service/TaskServiceCreateTaskTest.java","ce704ba6981fdc8f09f94039ab4925fddd69a0de","0dfa4c3898dcfc886b945fad30fc3c820e37f4ca7a239734facd73188d62d3bf","3214","85","65","TEST_JAVA","com.tuoman.ai_task_orchestrator.service","test-java/service","","STRUCTURAL_SCAN_ONLY","","DROP","","HUMAN_REVIEW_REQUIRED","STRUCTURAL_METADATA_ONLY","","","",""
"src/test/java/com/tuoman/ai_task_orchestrator/service/TaskServiceFinalizationTest.java","bf7e473e268eac8d079ead3e75f09cfc4b4ed4f4","9fbd0a5cbdb55e3a871acf8786956db0e1891bc8883e5b7d36d9974e92761d04","4953","139","114","TEST_JAVA","com.tuoman.ai_task_orchestrator.service","test-java/service","","STRUCTURAL_SCAN_ONLY","","DROP","","HUMAN_REVIEW_REQUIRED","STRUCTURAL_METADATA_ONLY","","","",""
"src/test/java/com/tuoman/ai_task_orchestrator/service/TrashCleanupServiceTest.java","488b21d0aba40ce0db47d1ffb303c7a3ea70ff38","40dfe97a77449b65e8218f19758241c2ddd0d160ba2cbe8cdbcc5d4751b4e9b7","4009","105","86","TEST_JAVA","com.tuoman.ai_task_orchestrator.service","test-java/service","","STRUCTURAL_SCAN_ONLY","","DROP","","HUMAN_REVIEW_REQUIRED","STRUCTURAL_METADATA_ONLY","","","",""
"src/test/java/com/tuoman/ai_task_orchestrator/service/UploadBatchServiceTest.java","0323fe60c855724464e80077d47bf9220a79ab0a","9b7f1da2549faf55b0e96e43a6dd5bd660d067c47bfe974cb74e2672fc86baea","5007","116","94","TEST_JAVA","com.tuoman.ai_task_orchestrator.service","test-java/service","","STRUCTURAL_SCAN_ONLY","","DROP","","HUMAN_REVIEW_REQUIRED","STRUCTURAL_METADATA_ONLY","","","",""
"src/test/java/com/tuoman/ai_task_orchestrator/service/kbhealth/RagEvaluationDatasetServiceTest.java","751a4df00793c0cc532eb0138aca8825d2d712b6","cc3aa34f9c959db8a6f6c522704a9abdd81878993ae6ccf5aaad15c35be265b6","4706","114","93","TEST_JAVA","com.tuoman.ai_task_orchestrator.service.kbhealth","test-java/service","","STRUCTURAL_SCAN_ONLY","","DROP","","HUMAN_REVIEW_REQUIRED","STRUCTURAL_METADATA_ONLY","","","",""
"src/test/java/com/tuoman/ai_task_orchestrator/state/TaskStateMachineTest.java","0318c3634eea491b90cd9239de4bf5bf7f10484a","0c6f1bbec640c6c6810d76d435fcc5c53c59f9c7daf88f2f36d836775abc008a","2335","49","41","TEST_JAVA","com.tuoman.ai_task_orchestrator.state","test-java/state","","STRUCTURAL_SCAN_ONLY","","DROP","","HUMAN_REVIEW_REQUIRED","STRUCTURAL_METADATA_ONLY","","","",""
"src/test/java/com/tuoman/ai_task_orchestrator/staticresource/ProductMvpStaticResourceTest.java","360ed32c0e1bec44a0c8977f7bbbf187d5d03671","607327d2c5727507eb3e9b05294c543ef390c8e3526ba5c8fbe48e4129e53083","7679","191","165","TEST_JAVA","com.tuoman.ai_task_orchestrator.staticresource","test-java/staticresource","","STRUCTURAL_SCAN_ONLY","","DROP","","HUMAN_REVIEW_REQUIRED","STRUCTURAL_METADATA_ONLY","","","",""
"src/test/java/com/tuoman/ai_task_orchestrator/staticresource/V19MemoryUiDocumentationTest.java","bc8975fa36c75c3b34adba2dddeccfe65663ded8","1eff618a4358f14e1287a017ba949590b210740a285b071714193bff1e90df11","1512","42","35","TEST_JAVA","com.tuoman.ai_task_orchestrator.staticresource","test-java/staticresource","","STRUCTURAL_SCAN_ONLY","","DROP","","HUMAN_REVIEW_REQUIRED","STRUCTURAL_METADATA_ONLY","","","",""
"src/test/java/com/tuoman/ai_task_orchestrator/storage/CacheManagementServiceTest.java","3a8dfeda0494e687ebd39504b44ea26949d6f3cb","f819d27b518226fdaf56059ec4b7cf083e4421cbc530b36748c091b764b1ad0a","1738","50","38","TEST_JAVA","com.tuoman.ai_task_orchestrator.storage","test-java/storage","","STRUCTURAL_SCAN_ONLY","","DROP","","HUMAN_REVIEW_REQUIRED","STRUCTURAL_METADATA_ONLY","","","",""
"src/test/java/com/tuoman/ai_task_orchestrator/storage/StorageCleanupServiceTest.java","332444c973d7d5b742e01fdd7d01d1f23afed6d3","9318ef4bd6831da71e6ecc7b0a5109c5812abf79fbce7b92d076c16046c829de","3165","81","64","TEST_JAVA","com.tuoman.ai_task_orchestrator.storage","test-java/storage","","STRUCTURAL_SCAN_ONLY","","DROP","","HUMAN_REVIEW_REQUIRED","STRUCTURAL_METADATA_ONLY","","","",""
"src/test/java/com/tuoman/ai_task_orchestrator/storage/StorageSummaryServiceTest.java","f22679a63bbec22530d9f33cf9583944cafd7075","184e69b8a8973bbe062dbed0c5edc9b7459831ded1e3cf9ae37d7d5fcfe51040","2230","56","44","TEST_JAVA","com.tuoman.ai_task_orchestrator.storage","test-java/storage","","STRUCTURAL_SCAN_ONLY","","DROP","","HUMAN_REVIEW_REQUIRED","STRUCTURAL_METADATA_ONLY","","","",""
"src/test/java/com/tuoman/ai_task_orchestrator/vectorindex/BatchRetryVectorDedupTest.java","0eace87c34a41771dbe2804c59e8945456ea8396","1ca7b18b1c39131eef0446a1eb307a947112181904825a045f365ddc7945d01b","5119","120","98","TEST_JAVA","com.tuoman.ai_task_orchestrator.vectorindex","test-java/vectorindex","","STRUCTURAL_SCAN_ONLY","","DROP","","HUMAN_REVIEW_REQUIRED","STRUCTURAL_METADATA_ONLY","","","",""
"src/test/java/com/tuoman/ai_task_orchestrator/vectorindex/CollectionPollutionAuditServiceTest.java","b420999d9ded2873e03e0ec3c4b3c510c85791df","997f4d203de89ec01e68387f10db5bf130dc238d368e2bbab1d9b03edc219acc","6368","144","121","TEST_JAVA","com.tuoman.ai_task_orchestrator.vectorindex","test-java/vectorindex","","STRUCTURAL_SCAN_ONLY","","DROP","","HUMAN_REVIEW_REQUIRED","STRUCTURAL_METADATA_ONLY","","","",""
"src/test/java/com/tuoman/ai_task_orchestrator/vectorindex/DocumentLifecycleVectorSyncTest.java","13068729420e5a1a753e2a07fe8ebdfb0953282a","bbfd6ddde17a95ca087cc5884cef589f4b5979c36117df9f44807151d2de836e","6252","159","128","TEST_JAVA","com.tuoman.ai_task_orchestrator.vectorindex","test-java/vectorindex","","STRUCTURAL_SCAN_ONLY","","DROP","","HUMAN_REVIEW_REQUIRED","STRUCTURAL_METADATA_ONLY","","","",""
"src/test/java/com/tuoman/ai_task_orchestrator/vectorindex/IdempotentVectorUpsertServiceTest.java","edb5d7c1ef8c8031dbd82bc8f9434071a6668d07","82a673ddbe75709eadec1efa17ca6bff82e59b34e07d7df271e175fdf1669d34","6206","144","120","TEST_JAVA","com.tuoman.ai_task_orchestrator.vectorindex","test-java/vectorindex","","STRUCTURAL_SCAN_ONLY","","DROP","","HUMAN_REVIEW_REQUIRED","STRUCTURAL_METADATA_ONLY","","","",""
"src/test/java/com/tuoman/ai_task_orchestrator/vectorindex/VectorCleanupServiceTest.java","d667620692920470fbca1af1ebef7b91e42e5e04","a67c96d93f90f7b4ecfac81276cf7a5d5270192e3590c6336f82ba4681dfbae0","6766","174","143","TEST_JAVA","com.tuoman.ai_task_orchestrator.vectorindex","test-java/vectorindex","","STRUCTURAL_SCAN_ONLY","","DROP","","HUMAN_REVIEW_REQUIRED","STRUCTURAL_METADATA_ONLY","","","",""
"src/test/java/com/tuoman/ai_task_orchestrator/vectorindex/VectorConsistencyAuditServiceTest.java","70054b40421df1130627e26dde3630839217a3b7","c231c1d1747832fbc491d7e301a929e9e54d7208f450cfe70aee90c191509a94","10953","260","223","TEST_JAVA","com.tuoman.ai_task_orchestrator.vectorindex","test-java/vectorindex","","STRUCTURAL_SCAN_ONLY","","DROP","","HUMAN_REVIEW_REQUIRED","STRUCTURAL_METADATA_ONLY","","","",""
"src/test/java/com/tuoman/ai_task_orchestrator/vectorindex/VectorGenerationServiceTest.java","1a365745457be946f15f4c999d4c72c9c4aab2a3","f74bd37e892019dedfe8313ded476cc7cf3d124bf2046e5023f9fb11fb4bc6bc","6120","133","105","TEST_JAVA","com.tuoman.ai_task_orchestrator.vectorindex","test-java/vectorindex","","STRUCTURAL_SCAN_ONLY","","DROP","","HUMAN_REVIEW_REQUIRED","STRUCTURAL_METADATA_ONLY","","","",""
"src/test/java/com/tuoman/ai_task_orchestrator/vectorindex/VectorIdentityServiceTest.java","da9f38049794dbd3570ed70f86c638eb7b5cb715","fa6520b93fe640ed3d8dca1065b945b046b677dd376da7f47a79e463e320ecc8","6381","161","134","TEST_JAVA","com.tuoman.ai_task_orchestrator.vectorindex","test-java/vectorindex","","STRUCTURAL_SCAN_ONLY","","DROP","","HUMAN_REVIEW_REQUIRED","STRUCTURAL_METADATA_ONLY","","","",""
"src/test/java/com/tuoman/ai_task_orchestrator/vectorindex/VectorIndexTestFixtures.java","ca55cb63c99a550ccad2088553b804debb069d6f","32339652bb1ddfb7900f00a01ab21f1f61bb36aa0c7a07cfaceb5a3efe940939","3829","100","90","TEST_JAVA","com.tuoman.ai_task_orchestrator.vectorindex","test-java/vectorindex","","STRUCTURAL_SCAN_ONLY","","DROP","","HUMAN_REVIEW_REQUIRED","STRUCTURAL_METADATA_ONLY","","","",""
"src/test/java/com/tuoman/ai_task_orchestrator/vectorindex/VectorNamespaceGuardTest.java","5b06be3e90909c03a24547b4a442cd0c41273030","51131191cce12edb336d3e7164b830f2381434e08061153839918c0b82c595ea","6460","193","172","TEST_JAVA","com.tuoman.ai_task_orchestrator.vectorindex","test-java/vectorindex","","STRUCTURAL_SCAN_ONLY","","DROP","","HUMAN_REVIEW_REQUIRED","STRUCTURAL_METADATA_ONLY","","","",""
"src/test/java/com/tuoman/ai_task_orchestrator/vectorindex/VectorPayloadBuilderTest.java","88ed4a338468246c3d18b955118ae644df215f9b","72a3390cac6de2bb834d5e5b86f44d178cb32819408f6cb018cf1e913e92cdc2","5063","134","114","TEST_JAVA","com.tuoman.ai_task_orchestrator.vectorindex","test-java/vectorindex","","STRUCTURAL_SCAN_ONLY","","DROP","","HUMAN_REVIEW_REQUIRED","STRUCTURAL_METADATA_ONLY","","","",""
"src/test/java/com/tuoman/ai_task_orchestrator/vectorstore/ExactCosineVectorStoreTest.java","2e04aa8e44e2e053106e3f6fb05495627b789401","3dc550f4f63cce77edbf26940da76102b9927fc00a8bf7cb0f64e33427d04ad1","11318","260","226","TEST_JAVA","com.tuoman.ai_task_orchestrator.vectorstore","test-java/vectorstore","","STRUCTURAL_SCAN_ONLY","","DROP","","HUMAN_REVIEW_REQUIRED","STRUCTURAL_METADATA_ONLY","","","",""
"src/test/java/com/tuoman/ai_task_orchestrator/vectorstore/VectorStoreConfigurationTest.java","5b2a67153e67bf879fdf4aa582934a4a61d15ece","5e3b548d4aaebee0b83c60fb856ed5ed27d6981c89fda0d1a5a699d1fccea24e","4514","118","98","TEST_JAVA","com.tuoman.ai_task_orchestrator.vectorstore","test-java/vectorstore","","STRUCTURAL_SCAN_ONLY","","DROP","","HUMAN_REVIEW_REQUIRED","STRUCTURAL_METADATA_ONLY","","","",""
"src/test/java/com/tuoman/ai_task_orchestrator/vectorstore/qdrant/QdrantManualIntegrationTest.java","8be7914e3bcb10000ae1c3136a5379b02a868aa9","4988a234480cd25cd3030833b4d1ab67ace2fde938fec198bb85fb84521f6589","3592","94","82","TEST_JAVA","com.tuoman.ai_task_orchestrator.vectorstore.qdrant","test-java/vectorstore","","STRUCTURAL_SCAN_ONLY","","DROP","","HUMAN_REVIEW_REQUIRED","STRUCTURAL_METADATA_ONLY","","","",""
"src/test/java/com/tuoman/ai_task_orchestrator/vectorstore/qdrant/QdrantPayloadMapperTest.java","5f27d0f496c58817d123a6af1b1e9c59b8a08b14","6b9fddc12d2417997a48da6559ffec3fc626a601203e28344f34b4dfee28c944","4824","131","114","TEST_JAVA","com.tuoman.ai_task_orchestrator.vectorstore.qdrant","test-java/vectorstore","","STRUCTURAL_SCAN_ONLY","","DROP","","HUMAN_REVIEW_REQUIRED","STRUCTURAL_METADATA_ONLY","","","",""
"src/test/java/com/tuoman/ai_task_orchestrator/vectorstore/qdrant/QdrantVectorStoreTest.java","67c6188786af4bfb1e2daf5424afe48b9c1e6469","d5d26a501939f3f9f690dc672701b8005fe34f75c07c015bec401591db5e92e0","9640","246","204","TEST_JAVA","com.tuoman.ai_task_orchestrator.vectorstore.qdrant","test-java/vectorstore","","STRUCTURAL_SCAN_ONLY","","DROP","","HUMAN_REVIEW_REQUIRED","STRUCTURAL_METADATA_ONLY","","","",""
"src/test/resources/evaluation/retrieval-benchmark-v1.json","dda32b15cb002f86c8f15661db3a41d45ff8e11d","bbd78cebb1a13498bf7bab28f3ff69e7546fffb610f632bc9508564eb2849d62","1044","33","33","TEST_RESOURCE","","test-resource/evaluation","","STRUCTURAL_SCAN_ONLY","","DROP","","HUMAN_REVIEW_REQUIRED","STRUCTURAL_METADATA_ONLY","","","",""
"src/test/resources/evaluation/retrieval-corpus-v1.md","1d92f66c57a6c60ecbda08f63871a962522445ca","fbcd0fa8a20a101813625b425fd8623e56b6f56cfd24a271ca01d013ca2f3b49","1624","24","15","TEST_RESOURCE","","test-resource/evaluation","","STRUCTURAL_SCAN_ONLY","","DROP","","HUMAN_REVIEW_REQUIRED","STRUCTURAL_METADATA_ONLY","","","",""
